/*
SQLyog Ultimate v8.8 
MySQL - 5.6.17 : Database - gluse_demo_jike
*********************************************************************
*/

/*!40101 SET NAMES utf8 */;

/*!40101 SET SQL_MODE=''*/;

/*!40014 SET @OLD_UNIQUE_CHECKS=@@UNIQUE_CHECKS, UNIQUE_CHECKS=0 */;
/*!40014 SET @OLD_FOREIGN_KEY_CHECKS=@@FOREIGN_KEY_CHECKS, FOREIGN_KEY_CHECKS=0 */;
/*!40101 SET @OLD_SQL_MODE=@@SQL_MODE, SQL_MODE='NO_AUTO_VALUE_ON_ZERO' */;
/*!40111 SET @OLD_SQL_NOTES=@@SQL_NOTES, SQL_NOTES=0 */;
/*Table structure for table `config` */

DROP TABLE IF EXISTS `config`;

CREATE TABLE `config` (
  `conf_id` int(11) NOT NULL AUTO_INCREMENT,
  `conf_name` varchar(200) DEFAULT NULL,
  `conf_value` varchar(100) DEFAULT NULL,
  `conf_tipe` varchar(3) DEFAULT '1' COMMENT '1:text, 2:cbox',
  PRIMARY KEY (`conf_id`)
) ENGINE=InnoDB AUTO_INCREMENT=5 DEFAULT CHARSET=latin1;

/*Data for the table `config` */

insert  into `config`(`conf_id`,`conf_name`,`conf_value`,`conf_tipe`) values (1,'periode_tahun_prediksi','6',NULL),(2,'item_per_page','100',NULL),(3,'semester_aktif','genap',NULL),(4,'min_persen_kelas','75',NULL);

/*Table structure for table `dosen` */

DROP TABLE IF EXISTS `dosen`;

CREATE TABLE `dosen` (
  `dsn_id` int(11) NOT NULL AUTO_INCREMENT,
  `dsn_nip` varchar(20) DEFAULT NULL,
  `dsn_nama` varchar(200) DEFAULT NULL,
  PRIMARY KEY (`dsn_id`),
  UNIQUE KEY `dsn_nama_key` (`dsn_nama`)
) ENGINE=InnoDB AUTO_INCREMENT=223 DEFAULT CHARSET=latin1;

/*Data for the table `dosen` */

insert  into `dosen`(`dsn_id`,`dsn_nip`,`dsn_nama`) values (1,NULL,'ABDUL RAHMAN SIREGAR, S.Si., M.Biotech\r'),(2,NULL,'ABDUL ROUF, Drs., M.I.Kom.\r'),(3,NULL,'ABDURAKHMAN, S.Si., M.Si., Dr.\r'),(4,NULL,'ADE ANGGRAINI, S.Si., M.Si.\r'),(5,NULL,'ADHITASARI SURATMAN, S.Si., M.Si., Dr.rer.nat.\r'),(6,NULL,'ADHITYA RONNIE EFFENDIE, M.Si., M.Sc., Dr.\r'),(7,NULL,'AFIF RAKHMAN, S.Si., M.Si.\r'),(8,NULL,'AGFIANTO EKO PUTRA, M.Si., Dr.\r'),(9,NULL,'AGUNG BAMBANG SETIO UTOMO, Dr., Prof.\r'),(10,NULL,'AGUNG DWI SAPUTRO, A.Md.\r'),(11,NULL,'AGUS HARJOKO, Drs., M.Sc., Ph.D.\r'),(12,NULL,'AGUS KUNCAKA, Dr., DEA.\r'),(13,NULL,'AGUS SIHABUDDIN, ., M.Kom.\r'),(14,NULL,'AHMAD ASHARI, Drs., M.I.Kom., Dr.tech.\r'),(15,NULL,'AHMAD KUSUMA ATMAJA, S.Si.\r'),(16,NULL,'AHMAD TAWFIEQURAHMAN YULIANSYAH, ST., MT.,\r'),(17,NULL,'AINA MUSDHOLIFAH, M.Sc., Dr.\r'),(18,NULL,'AKHMAD SYOUFIAN, S.Si., Ph.D.,\r'),(19,NULL,'ALROSYID, S.Si.\r'),(20,NULL,'ANDI DHARMAWAN, S.Si., M.Cs.\r'),(21,NULL,'ANIFUDDIN AZIS, ., M.Kom.\r'),(22,NULL,'ANINDITA SURYARASMI, S.Kom., M.Cs.\r'),(23,NULL,'ANNY KARTIKA SARI, M.Sc.,Dr\r'),(24,NULL,'APRI MULYANI, S.S,\r'),(25,NULL,'ARI DWI NUGRAHENI, S.Si.\r'),(26,NULL,'ARI SETIAWAN, Drs., M.Si., Dr.Ing.\r'),(27,NULL,'ARI SUPARWANTO, M.Si., Dr.rer.nat.\r'),(28,NULL,'ARIEF HERMANTO, S.U., M.Sc., Dr.\r'),(29,NULL,'ARIES BAGUS SASONGKO, S.Si., M.Biotech,\r'),(30,NULL,'ARIESTA MARTININGTYAS H, S.Si.,\r'),(31,NULL,'ARIF NURWIDYANTORO, S.Kom, M.Cs.\r'),(32,NULL,'ATOK ZULIJANTO, S.Si., M.Si., Ph.D.\r'),(33,NULL,'AZHARI, M.T., Dr.\r'),(34,NULL,'BAKHTIAR ALLDINO ARDI SUMBODO, S.Si.\r'),(35,NULL,'BAMBANG NURCAHYO PRASTOWO, Drs., M.Sc.\r'),(36,NULL,'BAMBANG PURWONO, Drs., M.Sc., Ph.D.\r'),(37,NULL,'BAMBANG RUSDIARSO, Dr., DEA., Prof.\r'),(38,NULL,'BAMBANG SETIAJI, Dr., Prof.\r'),(39,NULL,'BAMBANG SOEDIJONO, Dr., Prof.\r'),(40,NULL,'BILAL MA\'RUF, S.T., M.T.\r'),(41,NULL,'BUDI EKA NURCAHYA, Drs., M.Si.\r'),(42,NULL,'BUDI SUMANTO, S.Si.\r'),(43,NULL,'BUDI SURODJO, M.Si., Dr.\r'),(44,NULL,'CATUR ATMAJI, S.Si.\r'),(45,NULL,'CHAIRIL ANWAR, Dr.\r'),(46,NULL,'CHRISTIANA RINI INDRATI, M.Si., Dr.\r'),(47,NULL,'CISYA DEWANTARA NUGRAHA, M.A.\r'),(48,NULL,'DANANG LELONO, S.Si., M.T.\r'),(49,NULL,'DANARDONO, Drs., MPH., Ph.D.\r'),(50,NULL,'DEDI ROSADI, M.Sc., Dr.rer.nat., Prof.\r'),(51,NULL,'DIAN BUDI SANTOSO, SKM\r'),(52,NULL,'DWI SISWANTA, M.Hum.,\r'),(53,NULL,'DWI SISWANTO, Drs., M.Eng., Ph.D.\r'),(54,NULL,'DWI UMI SISWANTI, S.Si., M.Sc.,\r'),(55,NULL,'EDDY KRISTIYONO, A.Md.PK, SKM\r'),(56,NULL,'EDI SUHARYADI, S.Si., M.Eng., Dr.Eng.\r'),(57,NULL,'EDI WINARKO, Drs., M.Sc., Ph.D.\r'),(58,NULL,'Eko Agus Suyono, S.Si., M.App.Sc.,\r'),(59,NULL,'EKO SRI KUNARTI, Dra., M.Si., Ph.D.\r'),(60,NULL,'EKO SUGIHARTO, Dr., DEA.\r'),(61,NULL,'EKO TRI SULISTYANI, Dra., M.Sc.\r'),(62,NULL,'ELIDA LAILIA ISTIQOMAH, S.Si., M.Sc.\r'),(63,NULL,'ENDANG TRI WAHYUNI, M.S., Dr., Prof.\r'),(64,NULL,'FAHRUDIN NUGROHO, S.Si., M.Si.\r'),(65,NULL,'FAIZAH, S.Kom., M.Sc.\r'),(66,NULL,'FAJAR ADI KUSUMO, S.Si., M.Si., Dr.\r'),(67,NULL,'FARID ISHARTOMO, S.Si.\r'),(68,NULL,'FITRI DAMAYANTI BERUTU, M.M.\r'),(69,NULL,'GEDE BAYU SUPARTA, Drs., M.S., Ph.D.\r'),(70,NULL,'GP. DALIJO, Drs., Dipl.Comp.\r'),(71,NULL,'GUNARDI, M.Si., Dr.\r'),(72,NULL,'GUNTUR MARUTO, Drs., S.U., Dr.\r'),(73,NULL,'HAMDANI MURDA, S.Si.,M.SE\r'),(74,NULL,'HARDJONO SASTROHAMIDJOJO, Dr., Prof.\r'),(75,NULL,'HARNO DWI PRANOWO, M.S., Dr.rer.nat., Prof.\r'),(76,NULL,'HARSOJO, S.U., M.Sc., Dr.\r'),(77,NULL,'HELIDA NURCAHAYANI, SST., M.Si.\r'),(78,NULL,'HERNI UTAMI, S.Si., M.Si.\r'),(79,NULL,'HERNI UTAMI, S.Si., M.Si.,\r'),(80,NULL,'I GEDE MUJIYATNA, ., M.Kom.\r'),(81,NULL,'IBNU MARDIYOKO, M.M.\r'),(82,NULL,'IIP IZUL FALAH, Dr., Prof.\r'),(83,NULL,'IKA CANDRADEWI, S.Si.\r'),(84,NULL,'IKHSAN SETIAWAN, S.Si., M.Si.,\r'),(85,NULL,'IMAM SOLEKHUDIN, S.Si., M.Si., Ph.D.\r'),(86,NULL,'IMAM SUYANTO, Drs., M.Si.\r'),(87,NULL,'IMAM SUYANTO, Drs., M.Si.,\r'),(88,NULL,'IMAN SANTOSO, S.Si., M.Sc., Ph.D\r'),(89,NULL,'INDAH EMILIA WIJAYANTI, M.Si., Dr.rer.nat.\r'),(90,NULL,'INDARSIH, S.Si., M.Si.\r'),(91,NULL,'INDRIANA KARTINI, S.Si., M.Si., Ph.D.\r'),(92,NULL,'IQMAL TAHIR, Drs., M.Si.\r'),(93,NULL,'IRWAN ENDRAYANTO A., S.Si., M.Sc., Dr.\r'),(94,NULL,'ISNAN NUR RIFAI, S.Si.\r'),(95,NULL,'IVA ARIANI, DR\r'),(96,NULL,'JANOE HENDARTO, Drs., M.I.Kom.\r'),(97,NULL,'JUMINA, Drs., Ph.D., Prof.\r'),(98,NULL,'KARLINA DENISTIA, S.S., M.A.\r'),(99,NULL,'KARNA WIJAYA, Drs., M.Eng., Dr.rer.nat., Prof.\r'),(100,NULL,'KARTINI, Dra., M.Hum.\r'),(101,NULL,'KARYONO, S.U., Dr., Prof.\r'),(102,NULL,'KHABIB MUSTOFA, M.Kom., Dr.tech.\r'),(103,NULL,'KIRBANI SRI BROTOPUSPITO, Dr., Prof.\r'),(104,NULL,'KUSMINARTO, Dr., Prof.\r'),(105,NULL,'KUWAT TRIYANA, M.Si., Dr. Eng.\r'),(106,NULL,'LINA ARYATI, Dra., M.S., Dr.rer.nat.\r'),(107,NULL,'Lisna Hidayati, S.Si., M.Biotech.\r'),(108,NULL,'LUKMAN HERYAWAN, S.T., M.T.\r'),(109,NULL,'M. FARCHANI ROSYID, Drs., M.Si., Dr.rer.nat.\r'),(110,NULL,'MARDANI, S.E., M.T.\r'),(111,NULL,'MARDHANI RIASETIAWAN, M.T.\r'),(112,NULL,'MARDOTO, KOL. SUS.\r'),(113,NULL,'MASIRAN, M.Si.\r'),(114,NULL,'MEDI, Drs., M.Kom.\r'),(115,NULL,'MHD. REZA M.I. PULUNGAN, S.Si., M.Sc., Dr.Ing.\r'),(116,NULL,'MIRZA SATRIAWAN, S.Si., M.Si., Ph.D.\r'),(117,NULL,'MITRAYANA, S.Si., M.Si., Dr.\r'),(118,NULL,'MOCHAMMAD NUKMAN, S.T., M.Sc.\r'),(119,NULL,'MOCHAMMAD TARI, Drs., M.Si.\r'),(120,NULL,'MOCHAMMAD UTORO YAHYA, Dr., Prof.\r'),(121,NULL,'MOH. ALI JOKO WASONO, M.S., Dr.\r'),(122,NULL,'MUDASIR, Drs., M.Eng., Ph.D., Prof.\r'),(123,NULL,'MUH. FAKHURRIFQI, S.Kom., M.Cs.\r'),(124,NULL,'MUHAMMAD DARWIS UMAR, S.SI.M.SI\r'),(125,NULL,'NARSITO, Dr., Prof.\r'),(126,NULL,'NIA GELLA AUGOESTIEN, S.Si.\r'),(127,NULL,'NIKEN ANGRAENI, S.S.\r'),(128,NULL,'NUR ENDAH NUGRAHENI, S.S.,M.S\r'),(129,NULL,'NUR ROKHMAN, S.Si., M.Kom.\r'),(130,NULL,'NURUL HIDAYAT A., S.Si., M.Si., Dr.rer.nat.\r'),(131,NULL,'NURYATI, MPH\r'),(132,NULL,'NURYONO, Drs., M.S., Dr.rer.nat., Prof.\r'),(133,NULL,'PANGGIH BASUKI, Drs., M.Si.\r'),(134,NULL,'PEKIK NURWANTORO, Drs., M.S., Ph.D.\r'),(135,NULL,'PRIATMOKO, Drs., M.S.\r'),(136,NULL,'PRIJONO NUGROHO, MSP., Ph.D.\r'),(137,NULL,'PRODI\r'),(138,NULL,'PUJIHARTO, Dr., S.S., M.Hum.\r'),(139,NULL,'RADEN SANJOYO, A.Md., S.Kom.\r'),(140,NULL,'RADEN SUMIHARTO, S.Si., M.Kom.\r'),(141,NULL,'RAKHMAT SOLEH, S.S, M.Hum.\r'),(142,NULL,'RATNA UDAYA WIDODO, Dra., MLS.\r'),(143,NULL,'RAWI MIHARTI, Dra., MPH.\r'),(144,NULL,'RESPATI TRI SWASONO, S.Si., M.Phil., Ph.D.\r'),(145,NULL,'RETANTYO WARDOYO, Drs., M.Sc., Ph.D.\r'),(146,NULL,'RIA ARMUNANTO, S.Si., M.Si., Dr.rer.nat.\r'),(147,NULL,'RIANTI SISWI UTAMI, S.Si.\r'),(148,NULL,'RINTO ANUGRAHA NQZ, S.Si., M.Si., Ph.D.\r'),(149,NULL,'ROBBY NOOR CAHYONO, S.Si., M.Sc.\r'),(150,NULL,'ROCHIM BAKTI CAHYONO, ST., M.Sc.\r'),(151,NULL,'ROTO, Drs., M.Eng., Ph.D.\r'),(152,NULL,'SABIRIN MATSJEH, Dr., Prof.\r'),(153,NULL,'SALMAH, M.Si., Dr.\r'),(154,NULL,'SARDJONO, Drs., S.U.\r'),(155,NULL,'SARI DARMASIWI, S.Si., M. Biotech.,\r'),(156,NULL,'SARI LESTARI, Dra., M.A.\r'),(157,NULL,'SAVITRI CITRA BUDI, MPH\r'),(158,NULL,'SETIADJI, Prof.\r'),(159,NULL,'SIDIK BUDI W., LETKOL SUS., S.Si., M.Si.\r'),(160,NULL,'SIGIT PRIYANTA, S.Si., M.Kom.\r'),(161,NULL,'SISMANTO, M.Si., Dr., Prof.\r'),(162,NULL,'SITI SUSANTI, Dra., S.U.\r'),(163,NULL,'SLAMET SUTRISNO, Drs.,M.Si\r'),(164,NULL,'SRI HARTATI, Dra., M.Sc., Ph.D.\r'),(165,NULL,'SRI HARYATMI, M.Sc., Dr., Prof.\r'),(166,NULL,'SRI JUARI SANTOSA, Drs., M.Eng., Ph.D., Prof.\r'),(167,NULL,'SRI MULYANA, Drs., M.Kom.\r'),(168,NULL,'SRI WAHYUNI, S.U., Dr., Prof.\r'),(169,NULL,'SRI WIDAYANTI, Dra., M.S.\r'),(170,NULL,'SUBANAR, Drs., Ph.D., Prof.\r'),(171,NULL,'SUDARYANTO, Drs., M.Hum.\r'),(172,NULL,'SUDIARTONO, Drs., M.S.\r'),(173,NULL,'SUGENG TRIONO, S.Si., M.Si.\r'),(174,NULL,'SUGENG, A.Md.\r'),(175,NULL,'SUHARTO, Dr.\r'),(176,NULL,'SUMARDI, M.Si., Dr.\r'),(177,NULL,'SUMARNI DWI W., Dr., M.Kes.\r'),(178,NULL,'SUMARYO, Ir., M.Si\r'),(179,NULL,'SUNARTA, Drs., M.S.\r'),(180,NULL,'SUPAMA, M.Si., Dr., Prof.\r'),(181,NULL,'SUPRAPTO, Drs., M.Ikom.\r'),(182,NULL,'SURYO NUGROHO MARKUS, S.E., MPH.\r'),(183,NULL,'SUTARNO, M.Si., Dr.\r'),(184,NULL,'SUTOPO, S.Si., M.Si.\r'),(185,NULL,'SUWONO, dr.\r'),(186,NULL,'SUYANTA, M.Si., Dr.\r'),(187,NULL,'SUYOKO, KOL., ADM.\r'),(188,NULL,'SYAMSUL BARRY, S.Sn., M.Hum.\r'),(189,NULL,'TARSISIUS ARIS SUNANTYO, Ir., Dr.\r'),(190,NULL,'TAUFIK ABDILLAH NATSIR, S.Si., M.Sc.\r'),(191,NULL,'TERIA ANARGHATI, S.S.,MA\r'),(192,NULL,'TOTO SUDARGO, Dr.,\r'),(193,NULL,'TRI JOKO RAHARJO, S.Si., M.Si., Ph.D.\r'),(194,NULL,'TRI KUNTORO PRIYAMBODO, Dr., M.Sc.\r'),(195,NULL,'TRI WAHYU SUPARDI, S.Si.\r'),(196,NULL,'TRIYOGATAMA WAHYU WIDODO, S.Kom., M.Kom.\r'),(197,NULL,'TRIYONO, S.U., Dr., Prof.\r'),(198,NULL,'TUTIK DWI WAHYUNINGSIH, Dra., M.Si., Ph.D.\r'),(199,NULL,'VEMMIE NASTITI LESTARI, M.Sc.\r'),(200,NULL,'WAGINI R., Drs., M.S.\r'),(201,NULL,'WAHYUDI ISTIONO, dr., M.Kes.,\r'),(202,NULL,'WAHYUDI, M.S., Dr.\r'),(203,NULL,'WALUYO, Drs., M.Sc., Ph.D.\r'),(204,NULL,'WEGA TRISUNARYANTI, M.S., Ph.D., Prof.\r'),(205,NULL,'WIDHI SULISTYO, S.Kom.\r'),(206,NULL,'WIDODO PRIJODIPRODJO, M.Sc.\r'),(207,NULL,'WINARTO HARYADI, M.Si., Dr.\r'),(208,NULL,'WIWIT SURYANTO, S.Si., M.Si., Dr.rer.nat.\r'),(209,NULL,'WORO ANINDITO SRI TUNJUNG, M.Sc., Ph.D.\r'),(210,NULL,'YATEMAN ARRYANTO, Dr.\r'),(211,NULL,'YENI SUSANTI, S.Si., M.Si.\r'),(212,NULL,'YOHANES SUYANTO, Drs., M.I.Kom.\r'),(213,NULL,'YULIANINGSIH RISWAN, M.A.\r'),(214,NULL,'YUNITA WULAN SARI, S.Si., M.Sc.\r'),(215,NULL,'YUSRIL YUSUF, S.Si., M.Eng., Dr.Eng.\r'),(216,NULL,'YUSRON FUADI, M.Sn.\r'),(217,NULL,'YUSUF, Drs., M.A. Math.\r'),(218,NULL,'ZULAELA, Drs., Dipl.Med.Stats., M.Si.\r'),(219,NULL,'NUR KHUSNUSSA\'ADAH, S.Si., M.Sc.'),(220,NULL,'DIAH JUNIA EKSI PALUPI, Dra., S.U.'),(221,NULL,'Moh. Edi Wibowo, S.Kom., M.Kom., Ph.D'),(222,NULL,'Susi Daryanti, Dra., M.Sc');

/*Table structure for table `dosen_kelas` */

DROP TABLE IF EXISTS `dosen_kelas`;

CREATE TABLE `dosen_kelas` (
  `dsnkls_id` int(11) NOT NULL AUTO_INCREMENT,
  `dsnkls_dsn_id` int(11) DEFAULT NULL,
  `dsnkls_kls_id` int(11) DEFAULT NULL,
  PRIMARY KEY (`dsnkls_id`),
  KEY `dsnkls_key` (`dsnkls_dsn_id`,`dsnkls_kls_id`),
  KEY `FK_dosen_kelas_2` (`dsnkls_kls_id`),
  CONSTRAINT `FK_dosen_kelas` FOREIGN KEY (`dsnkls_dsn_id`) REFERENCES `dosen` (`dsn_id`) ON DELETE NO ACTION ON UPDATE NO ACTION,
  CONSTRAINT `FK_dosen_kelas_kls` FOREIGN KEY (`dsnkls_kls_id`) REFERENCES `kelas` (`kls_id`) ON DELETE CASCADE ON UPDATE CASCADE
) ENGINE=InnoDB AUTO_INCREMENT=80 DEFAULT CHARSET=latin1;

/*Data for the table `dosen_kelas` */

insert  into `dosen_kelas`(`dsnkls_id`,`dsnkls_dsn_id`,`dsnkls_kls_id`) values (4,2,6),(12,8,17),(13,8,18),(2,11,3),(3,11,5),(10,11,15),(26,11,37),(7,14,10),(24,14,34),(25,17,35),(68,20,13),(30,23,42),(21,31,30),(36,31,48),(28,33,40),(67,34,11),(77,34,53),(78,34,56),(1,35,1),(79,35,58),(66,42,8),(69,44,19),(70,48,23),(32,65,44),(27,70,38),(76,80,50),(17,96,24),(20,108,29),(34,108,46),(33,111,45),(5,113,7),(37,114,49),(18,115,25),(75,123,39),(73,129,33),(16,133,22),(14,140,20),(15,140,21),(29,145,41),(31,145,43),(23,160,32),(22,164,31),(71,167,26),(65,175,4),(8,175,12),(19,175,27),(40,175,54),(64,194,2),(74,194,36),(41,194,55),(42,194,57),(6,196,9),(38,196,51),(11,206,16),(72,206,28),(9,212,14),(39,212,52),(35,222,47);

/*Table structure for table `dosen_waktu` */

DROP TABLE IF EXISTS `dosen_waktu`;

CREATE TABLE `dosen_waktu` (
  `dsnwkt_id` int(11) NOT NULL AUTO_INCREMENT,
  `dsnwkt_dsn_id` int(11) DEFAULT NULL,
  `dsnwkt_wkt_id` int(11) DEFAULT NULL,
  PRIMARY KEY (`dsnwkt_id`),
  KEY `dsnwkt_key` (`dsnwkt_dsn_id`,`dsnwkt_wkt_id`),
  KEY `FK_dosen_waktu_2` (`dsnwkt_wkt_id`),
  CONSTRAINT `FK_dosen_waktu` FOREIGN KEY (`dsnwkt_dsn_id`) REFERENCES `dosen` (`dsn_id`) ON DELETE CASCADE ON UPDATE CASCADE,
  CONSTRAINT `FK_dosen_waktu_2` FOREIGN KEY (`dsnwkt_wkt_id`) REFERENCES `waktu` (`waktu_id`) ON DELETE CASCADE ON UPDATE CASCADE
) ENGINE=InnoDB DEFAULT CHARSET=latin1;

/*Data for the table `dosen_waktu` */

/*Table structure for table `jadwal_kuliah` */

DROP TABLE IF EXISTS `jadwal_kuliah`;

CREATE TABLE `jadwal_kuliah` (
  `jk_id` int(11) NOT NULL AUTO_INCREMENT,
  `jk_kls_id` int(11) DEFAULT NULL,
  `jk_wkt_id` int(11) DEFAULT NULL,
  `jk_ru_id` int(11) DEFAULT NULL,
  `jk_period` int(6) DEFAULT NULL,
  `jk_jam_selesai` time DEFAULT NULL,
  `jk_label` varchar(100) DEFAULT NULL,
  PRIMARY KEY (`jk_id`),
  KEY `FK_jadwal_kuliah_` (`jk_wkt_id`),
  KEY `FK_jadwal_kuliah_2` (`jk_ru_id`),
  KEY `FK_jadwal_kuliah` (`jk_kls_id`),
  CONSTRAINT `FK_jadwal_kuliah_` FOREIGN KEY (`jk_wkt_id`) REFERENCES `waktu` (`waktu_id`),
  CONSTRAINT `FK_jadwal_kuliah_2` FOREIGN KEY (`jk_ru_id`) REFERENCES `ruang` (`ru_id`),
  CONSTRAINT `FK_jadwal_kuliah_kls` FOREIGN KEY (`jk_kls_id`) REFERENCES `kelas` (`kls_id`) ON DELETE CASCADE ON UPDATE CASCADE
) ENGINE=InnoDB AUTO_INCREMENT=59 DEFAULT CHARSET=latin1;

/*Data for the table `jadwal_kuliah` */

insert  into `jadwal_kuliah`(`jk_id`,`jk_kls_id`,`jk_wkt_id`,`jk_ru_id`,`jk_period`,`jk_jam_selesai`,`jk_label`) values (1,14,44,11,2,'11:10:00','M2.09, jumat 09:30:00-11:10:00'),(2,42,37,21,3,'15:00:00','U2.04, kamis 12:30:00-15:00:00'),(3,9,4,7,3,'13:00:00','S2.506, senin 10:30:00-13:00:00'),(4,24,25,6,3,'13:00:00','S2.505, rabu 10:30:00-13:00:00'),(5,46,26,4,3,'14:00:00','S2.03, rabu 11:30:00-14:00:00'),(6,21,39,6,3,'17:00:00','S2.505, kamis 14:30:00-17:00:00'),(7,5,16,7,3,'14:00:00','S2.506, selasa 11:30:00-14:00:00'),(8,35,42,2,2,'09:10:00','S2.02, jumat 07:30:00-09:10:00'),(9,36,42,16,2,'09:10:00','T2.01, jumat 07:30:00-09:10:00'),(10,25,38,15,3,'16:00:00','U2.02, kamis 13:30:00-16:00:00'),(11,10,35,11,3,'13:00:00','M2.09, kamis 10:30:00-13:00:00'),(12,26,38,7,3,'16:00:00','S2.506, kamis 13:30:00-16:00:00'),(13,34,24,17,3,'12:00:00','U2.01, rabu 09:30:00-12:00:00'),(14,11,35,14,3,'13:00:00','M2.12, kamis 10:30:00-13:00:00'),(15,29,13,26,3,'11:00:00','Lab.Das., selasa 08:30:00-11:00:00'),(16,12,39,16,3,'17:00:00','T2.01, kamis 14:30:00-17:00:00'),(17,13,39,2,3,'17:00:00','S2.02, kamis 14:30:00-17:00:00'),(18,20,22,14,3,'10:00:00','M2.12, rabu 07:30:00-10:00:00'),(19,15,26,7,3,'14:00:00','S2.506, rabu 11:30:00-14:00:00'),(20,22,48,7,3,'16:00:00','S2.506, jumat 13:30:00-16:00:00'),(21,23,48,11,3,'16:00:00','M2.09, jumat 13:30:00-16:00:00'),(22,27,4,11,3,'13:00:00','M2.09, senin 10:30:00-13:00:00'),(23,28,4,8,3,'13:00:00','M2.10, senin 10:30:00-13:00:00'),(24,37,48,18,3,'16:00:00','U2.06, jumat 13:30:00-16:00:00'),(25,52,2,2,3,'11:00:00','S2.02, senin 08:30:00-11:00:00'),(26,53,2,16,3,'11:00:00','T2.01, senin 08:30:00-11:00:00'),(27,57,30,4,2,'17:10:00','S2.03, rabu 15:30:00-17:10:00'),(28,58,30,12,2,'17:10:00','G3, rabu 15:30:00-17:10:00'),(29,51,7,27,3,'16:00:00','S2.507, senin 13:30:00-16:00:00'),(30,18,15,2,3,'13:00:00','S2.02, selasa 10:30:00-13:00:00'),(31,40,1,11,3,'10:00:00','M2.09, senin 07:30:00-10:00:00'),(32,19,15,1,3,'13:00:00','S2.01, selasa 10:30:00-13:00:00'),(33,30,37,17,3,'15:00:00','U2.01, kamis 12:30:00-15:00:00'),(34,49,16,14,3,'14:00:00','M2.12, selasa 11:30:00-14:00:00'),(35,3,35,2,2,'12:10:00','S2.02, kamis 10:30:00-12:10:00'),(36,38,44,1,2,'11:10:00','S2.01, jumat 09:30:00-11:10:00'),(37,39,44,26,2,'11:10:00','Lab.Das., jumat 09:30:00-11:10:00'),(38,50,16,17,3,'14:00:00','U2.01, selasa 11:30:00-14:00:00'),(39,4,35,26,2,'12:10:00','Lab.Das., kamis 10:30:00-12:10:00'),(40,32,29,20,3,'17:00:00','U2.03, rabu 14:30:00-17:00:00'),(41,1,33,7,2,'10:10:00','S2.506, kamis 08:30:00-10:10:00'),(42,7,7,17,2,'15:10:00','U2.01, senin 13:30:00-15:10:00'),(43,33,29,18,3,'17:00:00','U2.06, rabu 14:30:00-17:00:00'),(44,2,33,8,2,'10:10:00','M2.10, kamis 08:30:00-10:10:00'),(45,8,7,14,2,'15:10:00','M2.12, senin 13:30:00-15:10:00'),(46,55,27,26,3,'15:00:00','Lab.Das., rabu 12:30:00-15:00:00'),(47,56,27,10,3,'15:00:00','K6, rabu 12:30:00-15:00:00'),(48,48,17,27,3,'15:00:00','S2.507, selasa 12:30:00-15:00:00'),(49,45,14,27,3,'12:00:00','S2.507, selasa 09:30:00-12:00:00'),(50,47,19,16,3,'17:00:00','T2.01, selasa 14:30:00-17:00:00'),(51,6,48,21,3,'16:00:00','U2.04, jumat 13:30:00-16:00:00'),(52,54,17,4,3,'15:00:00','S2.03, selasa 12:30:00-15:00:00'),(53,43,27,16,3,'15:00:00','T2.01, rabu 12:30:00-15:00:00'),(54,16,25,3,3,'13:00:00','M2.13, rabu 10:30:00-13:00:00'),(55,41,13,25,3,'11:00:00','S2.08, selasa 08:30:00-11:00:00'),(56,44,8,23,3,'17:00:00','S2.06, senin 14:30:00-17:00:00'),(57,17,16,18,3,'14:00:00','U2.06, selasa 11:30:00-14:00:00'),(58,31,43,10,3,'11:00:00','K6, jumat 08:30:00-11:00:00');

/*Table structure for table `kelas` */

DROP TABLE IF EXISTS `kelas`;

CREATE TABLE `kelas` (
  `kls_id` int(11) NOT NULL AUTO_INCREMENT,
  `kls_mkkur_id` int(11) DEFAULT NULL,
  `kls_nama` varchar(20) DEFAULT NULL,
  `kls_kode_paralel` varchar(6) DEFAULT NULL,
  `kls_jml_peserta_prediksi` int(6) DEFAULT NULL,
  `kls_jadwal_merata` int(1) DEFAULT '0',
  `kls_id_grup_jadwal` int(2) DEFAULT NULL,
  PRIMARY KEY (`kls_id`),
  KEY `kls_mkkur_id_key` (`kls_mkkur_id`),
  CONSTRAINT `FK_kelas_mk` FOREIGN KEY (`kls_mkkur_id`) REFERENCES `mata_kuliah_kurikulum` (`mkkur_id`) ON DELETE NO ACTION ON UPDATE NO ACTION
) ENGINE=InnoDB AUTO_INCREMENT=59 DEFAULT CHARSET=latin1;

/*Data for the table `kelas` */

insert  into `kelas`(`kls_id`,`kls_mkkur_id`,`kls_nama`,`kls_kode_paralel`,`kls_jml_peserta_prediksi`,`kls_jadwal_merata`,`kls_id_grup_jadwal`) values (1,1,'MIE1003-A','A',50,0,NULL),(2,1,'MIE1003-B','B',49,0,NULL),(3,2,'MIE1802-A','A',53,0,NULL),(4,2,'MIE1802-B','B',52,0,NULL),(5,3,'MIE1805',NULL,81,1,NULL),(6,4,'MIE2602',NULL,41,1,NULL),(7,5,'MIE2810-A','A',50,0,NULL),(8,5,'MIE2810-B','B',49,0,NULL),(9,6,'MIE2812',NULL,88,1,NULL),(10,7,'MIE2813-A','A',71,0,NULL),(11,7,'MIE2813-B','B',70,0,NULL),(12,8,'MIE2814-A','A',69,0,NULL),(13,8,'MIE2814-B','B',68,0,NULL),(14,9,'MIE3008',NULL,98,1,NULL),(15,10,'MIE3205',NULL,66,1,NULL),(16,11,'MIE3404',NULL,37,1,NULL),(17,12,'MIE3605',NULL,16,1,NULL),(18,13,'MIE3606-A','A',56,0,NULL),(19,13,'MIE3606-B','B',55,0,NULL),(20,14,'MIE3820',NULL,68,1,NULL),(21,15,'MIE3821',NULL,82,1,NULL),(22,16,'MIEK1805-A','A',65,0,NULL),(23,16,'MIEK1805-B','B',65,0,NULL),(24,17,'MIK1251',NULL,88,1,NULL),(25,18,'MIK1253-A','A',72,0,NULL),(26,18,'MIK1253-B','B',71,0,NULL),(27,19,'MIK1651-A','A',61,0,NULL),(28,19,'MIK1651-B','B',60,0,NULL),(29,20,'MIK2251',NULL,70,1,NULL),(30,21,'MIK2253',NULL,55,1,NULL),(31,22,'MIKE2451',NULL,16,1,NULL),(32,24,'MIK2551-A','A',51,0,NULL),(33,24,'MIK2551-B','B',50,0,NULL),(34,25,'MIK2651',NULL,71,1,NULL),(35,26,'MIK3051-A','A',78,0,NULL),(36,26,'MIK3051-B','B',77,0,NULL),(37,27,'MIK3053',NULL,60,1,NULL),(38,28,'MIK3551-A','A',53,0,NULL),(39,28,'MIK3551-B','B',53,0,NULL),(40,29,'MIK4251',NULL,56,1,NULL),(41,30,'MIK4253',NULL,20,1,NULL),(42,31,'MIK4255',NULL,89,1,NULL),(43,32,'MIK4451',NULL,39,1,NULL),(44,34,'MIK4453',NULL,19,1,NULL),(45,35,'MIK4553',NULL,43,1,NULL),(46,36,'MIK4555',NULL,85,1,NULL),(47,37,'MIK4559',NULL,42,1,NULL),(48,38,'MIK4561',NULL,45,1,NULL),(49,39,'MIK4651-A','A',54,0,NULL),(50,39,'MIK4651-B','B',53,0,NULL),(51,40,'MIK4653',NULL,58,1,NULL),(52,41,'MIKE1251-A','A',58,0,NULL),(53,41,'MIKE1251-B','B',58,0,NULL),(54,42,'MIKE1651',NULL,41,1,NULL),(55,43,'MIKE2651-A','A',46,0,NULL),(56,43,'MIKE2651-B','B',46,0,NULL),(57,44,'MIKE3051-A','A',58,0,NULL),(58,44,'MIKE3051-B','B',58,0,NULL);

/*Table structure for table `log_proses` */

DROP TABLE IF EXISTS `log_proses`;

CREATE TABLE `log_proses` (
  `logproses_id` int(5) NOT NULL AUTO_INCREMENT,
  `logproses_kode` varchar(80) DEFAULT NULL,
  `logproses_data` longtext,
  PRIMARY KEY (`logproses_id`)
) ENGINE=InnoDB AUTO_INCREMENT=4 DEFAULT CHARSET=latin1;

/*Data for the table `log_proses` */

insert  into `log_proses`(`logproses_id`,`logproses_kode`,`logproses_data`) values (1,'jst_prediksi','YTo0NTp7aTowO2E6Nzp7czoxMDoiZGF0YV90cmFpbiI7YTozOntpOjA7YTo0OntpOjA7czoxOiIwIjtpOjE7czoxOiIwIjtpOjI7czoxOiIwIjtpOjM7czozOiIxODUiO31pOjE7YTo0OntpOjA7czoxOiIwIjtpOjE7czoxOiIwIjtpOjI7czozOiIxODUiO2k6MztzOjM6IjEwOCI7fWk6MjthOjQ6e2k6MDtzOjE6IjAiO2k6MTtzOjM6IjE4NSI7aToyO3M6MzoiMTA4IjtpOjM7czozOiIxMDAiO319czoxNzoiZGF0YV90cmFpbl9zY2FsZWQiO2E6Mzp7aTowO2E6NDp7aTowO2Q6MC4xMDAwMDAwMDAwMDAwMDAwMTtpOjE7ZDowLjEwMDAwMDAwMDAwMDAwMDAxO2k6MjtkOjAuMTAwMDAwMDAwMDAwMDAwMDE7aTozO2Q6MC45MDAwMDAwMDAwMDAwMDAwMjt9aToxO2E6NDp7aTowO2Q6MC4xMDAwMDAwMDAwMDAwMDAwMTtpOjE7ZDowLjEwMDAwMDAwMDAwMDAwMDAxO2k6MjtkOjAuOTAwMDAwMDAwMDAwMDAwMDI7aTozO2Q6MC41NjcwMjcwMjcwMjcwMjcxMjt9aToyO2E6NDp7aTowO2Q6MC4xMDAwMDAwMDAwMDAwMDAwMTtpOjE7ZDowLjkwMDAwMDAwMDAwMDAwMDAyO2k6MjtkOjAuNTY3MDI3MDI3MDI3MDI3MTI7aTozO2Q6MC41MzI0MzI0MzI0MzI0MzI0Mzt9fXM6MTQ6ImRhdGFfdHJhaW5fb3V0IjthOjM6e2k6MDtzOjM6IjE4NSI7aToxO3M6MzoiMTA4IjtpOjI7czozOiIxMDAiO31zOjI0OiJ1amlfZGF0YV90cmFpbl9wcmVkaWN0ZWQiO2E6Mzp7aTowO2Q6ODE7aToxO2Q6OTY7aToyO2Q6MTAwO31zOjM6Im1zZSI7ZDozLjExMjgyMjc2NTgyNzUyMzlFLTEwO3M6MTI6InVqaV9kYXRhX3VqaSI7YTo0OntpOjA7czozOiIxODUiO2k6MTtzOjM6IjEwOCI7aToyO3M6MzoiMTAwIjtpOjQ7ZDo5OC42MjUxNzkxMTA3Mzc4NDc7fXM6MTQ6Imhhc2lsX3ByZWRpa3NpIjtkOjk5O31pOjE7YTo3OntzOjEwOiJkYXRhX3RyYWluIjthOjM6e2k6MDthOjQ6e2k6MDtzOjE6IjAiO2k6MTtzOjE6IjAiO2k6MjtzOjE6IjAiO2k6MztzOjM6IjE0OCI7fWk6MTthOjQ6e2k6MDtzOjE6IjAiO2k6MTtzOjE6IjAiO2k6MjtzOjM6IjE0OCI7aTozO3M6MzoiMTE3Ijt9aToyO2E6NDp7aTowO3M6MToiMCI7aToxO3M6MzoiMTQ4IjtpOjI7czozOiIxMTciO2k6MztzOjM6IjEwNyI7fX1zOjE3OiJkYXRhX3RyYWluX3NjYWxlZCI7YTozOntpOjA7YTo0OntpOjA7ZDowLjEwMDAwMDAwMDAwMDAwMDAxO2k6MTtkOjAuMTAwMDAwMDAwMDAwMDAwMDE7aToyO2Q6MC4xMDAwMDAwMDAwMDAwMDAwMTtpOjM7ZDowLjkwMDAwMDAwMDAwMDAwMDAyO31pOjE7YTo0OntpOjA7ZDowLjEwMDAwMDAwMDAwMDAwMDAxO2k6MTtkOjAuMTAwMDAwMDAwMDAwMDAwMDE7aToyO2Q6MC45MDAwMDAwMDAwMDAwMDAwMjtpOjM7ZDowLjczMjQzMjQzMjQzMjQzMjU7fWk6MjthOjQ6e2k6MDtkOjAuMTAwMDAwMDAwMDAwMDAwMDE7aToxO2Q6MC45MDAwMDAwMDAwMDAwMDAwMjtpOjI7ZDowLjczMjQzMjQzMjQzMjQzMjU7aTozO2Q6MC42NzgzNzgzNzgzNzgzNzg0NDt9fXM6MTQ6ImRhdGFfdHJhaW5fb3V0IjthOjM6e2k6MDtzOjM6IjE0OCI7aToxO3M6MzoiMTE3IjtpOjI7czozOiIxMDciO31zOjI0OiJ1amlfZGF0YV90cmFpbl9wcmVkaWN0ZWQiO2E6Mzp7aTowO2Q6OTM7aToxO2Q6MTAyO2k6MjtkOjEwNjt9czozOiJtc2UiO2Q6NS4wNTkzMTg4NDkwMDczNzk0RS02O3M6MTI6InVqaV9kYXRhX3VqaSI7YTo0OntpOjA7czozOiIxNDgiO2k6MTtzOjM6IjExNyI7aToyO3M6MzoiMTA3IjtpOjQ7ZDoxMDUuMTQwMjg1NDU0NDc1OTc7fXM6MTQ6Imhhc2lsX3ByZWRpa3NpIjtkOjEwNTt9aToyO2E6Nzp7czoxMDoiZGF0YV90cmFpbiI7YTozOntpOjA7YTo0OntpOjA7czoxOiIwIjtpOjE7czoxOiIwIjtpOjI7czoxOiIwIjtpOjM7czozOiIyNTciO31pOjE7YTo0OntpOjA7czoxOiIwIjtpOjE7czoxOiIwIjtpOjI7czozOiIyNTciO2k6MztzOjI6Ijk2Ijt9aToyO2E6NDp7aTowO3M6MToiMCI7aToxO3M6MzoiMjU3IjtpOjI7czoyOiI5NiI7aTozO3M6MjoiODQiO319czoxNzoiZGF0YV90cmFpbl9zY2FsZWQiO2E6Mzp7aTowO2E6NDp7aTowO2Q6MC4xMDAwMDAwMDAwMDAwMDAwMTtpOjE7ZDowLjEwMDAwMDAwMDAwMDAwMDAxO2k6MjtkOjAuMTAwMDAwMDAwMDAwMDAwMDE7aTozO2Q6MC45MDAwMDAwMDAwMDAwMDAwMjt9aToxO2E6NDp7aTowO2Q6MC4xMDAwMDAwMDAwMDAwMDAwMTtpOjE7ZDowLjEwMDAwMDAwMDAwMDAwMDAxO2k6MjtkOjAuOTAwMDAwMDAwMDAwMDAwMDI7aTozO2Q6MC4zOTg4MzI2ODQ4MjQ5MDI3NTt9aToyO2E6NDp7aTowO2Q6MC4xMDAwMDAwMDAwMDAwMDAwMTtpOjE7ZDowLjkwMDAwMDAwMDAwMDAwMDAyO2k6MjtkOjAuMzk4ODMyNjg0ODI0OTAyNzU7aTozO2Q6MC4zNjE0Nzg1OTkyMjE3ODk5Mzt9fXM6MTQ6ImRhdGFfdHJhaW5fb3V0IjthOjM6e2k6MDtzOjM6IjI1NyI7aToxO3M6MjoiOTYiO2k6MjtzOjI6Ijg0Ijt9czoyNDoidWppX2RhdGFfdHJhaW5fcHJlZGljdGVkIjthOjM6e2k6MDtkOjI1MDtpOjE7ZDo5ODtpOjI7ZDo4NTt9czozOiJtc2UiO2Q6OS45NzQ0NjYyNDczNzM5MDE1RS02O3M6MTI6InVqaV9kYXRhX3VqaSI7YTo0OntpOjA7czozOiIyNTciO2k6MTtzOjI6Ijk2IjtpOjI7czoyOiI4NCI7aTo0O2Q6ODEuMDE2NTg4NTkzOTk5ODc7fXM6MTQ6Imhhc2lsX3ByZWRpa3NpIjtkOjgxO31pOjM7YTo3OntzOjEwOiJkYXRhX3RyYWluIjthOjM6e2k6MDthOjQ6e2k6MDtzOjM6IjExNSI7aToxO3M6MzoiMTE1IjtpOjI7czoyOiI5OSI7aTozO3M6MjoiMTMiO31pOjE7YTo0OntpOjA7czozOiIxMTUiO2k6MTtzOjI6Ijk5IjtpOjI7czoyOiIxMyI7aTozO3M6MjoiMjMiO31pOjI7YTo0OntpOjA7czoyOiI5OSI7aToxO3M6MjoiMTMiO2k6MjtzOjI6IjIzIjtpOjM7czoyOiI0NCI7fX1zOjE3OiJkYXRhX3RyYWluX3NjYWxlZCI7YTozOntpOjA7YTo0OntpOjA7ZDowLjkwMDAwMDAwMDAwMDAwMDAyO2k6MTtkOjAuOTAwMDAwMDAwMDAwMDAwMDI7aToyO2Q6MC43NzQ1MDk4MDM5MjE1Njg2NTtpOjM7ZDowLjEwMDAwMDAwMDAwMDAwMDAxO31pOjE7YTo0OntpOjA7ZDowLjkwMDAwMDAwMDAwMDAwMDAyO2k6MTtkOjAuNzc0NTA5ODAzOTIxNTY4NjU7aToyO2Q6MC4xMDAwMDAwMDAwMDAwMDAwMTtpOjM7ZDowLjE3ODQzMTM3MjU0OTAxOTYxO31pOjI7YTo0OntpOjA7ZDowLjc3NDUwOTgwMzkyMTU2ODY1O2k6MTtkOjAuMTAwMDAwMDAwMDAwMDAwMDE7aToyO2Q6MC4xNzg0MzEzNzI1NDkwMTk2MTtpOjM7ZDowLjM0MzEzNzI1NDkwMTk2MDc5O319czoxNDoiZGF0YV90cmFpbl9vdXQiO2E6Mzp7aTowO3M6MjoiMTMiO2k6MTtzOjI6IjIzIjtpOjI7czoyOiI0NCI7fXM6MjQ6InVqaV9kYXRhX3RyYWluX3ByZWRpY3RlZCI7YTozOntpOjA7ZDo1NDtpOjE7ZDo1MDtpOjI7ZDo0Mzt9czozOiJtc2UiO2Q6OS41ODEzMDQ4NDgzMzM1Mjc2RS02O3M6MTI6InVqaV9kYXRhX3VqaSI7YTo0OntpOjA7czoyOiIxMyI7aToxO3M6MjoiMjMiO2k6MjtzOjI6IjQ0IjtpOjQ7ZDo0MS4wNjAxODc0MDIxMDA0Mzk7fXM6MTQ6Imhhc2lsX3ByZWRpa3NpIjtkOjQxO31pOjQ7YTo3OntzOjEwOiJkYXRhX3RyYWluIjthOjM6e2k6MDthOjQ6e2k6MDtzOjM6IjExOSI7aToxO3M6MzoiMTMzIjtpOjI7czozOiIxMjEiO2k6MztzOjI6Ijc4Ijt9aToxO2E6NDp7aTowO3M6MzoiMTMzIjtpOjE7czozOiIxMjEiO2k6MjtzOjI6Ijc4IjtpOjM7czozOiIxMjMiO31pOjI7YTo0OntpOjA7czozOiIxMjEiO2k6MTtzOjI6Ijc4IjtpOjI7czozOiIxMjMiO2k6MztzOjM6IjEwMCI7fX1zOjE3OiJkYXRhX3RyYWluX3NjYWxlZCI7YTozOntpOjA7YTo0OntpOjA7ZDowLjY5NjM2MzYzNjM2MzYzNjQxO2k6MTtkOjAuOTAwMDAwMDAwMDAwMDAwMDI7aToyO2Q6MC43MjU0NTQ1NDU0NTQ1NDU0NjtpOjM7ZDowLjEwMDAwMDAwMDAwMDAwMDAxO31pOjE7YTo0OntpOjA7ZDowLjkwMDAwMDAwMDAwMDAwMDAyO2k6MTtkOjAuNzI1NDU0NTQ1NDU0NTQ1NDY7aToyO2Q6MC4xMDAwMDAwMDAwMDAwMDAwMTtpOjM7ZDowLjc1NDU0NTQ1NDU0NTQ1NDYzO31pOjI7YTo0OntpOjA7ZDowLjcyNTQ1NDU0NTQ1NDU0NTQ2O2k6MTtkOjAuMTAwMDAwMDAwMDAwMDAwMDE7aToyO2Q6MC43NTQ1NDU0NTQ1NDU0NTQ2MztpOjM7ZDowLjQyMDAwMDAwMDAwMDAwMDA0O319czoxNDoiZGF0YV90cmFpbl9vdXQiO2E6Mzp7aTowO3M6MjoiNzgiO2k6MTtzOjM6IjEyMyI7aToyO3M6MzoiMTAwIjt9czoyNDoidWppX2RhdGFfdHJhaW5fcHJlZGljdGVkIjthOjM6e2k6MDtkOjEwMTtpOjE7ZDoxMDA7aToyO2Q6MTAwO31zOjM6Im1zZSI7ZDo5LjkwOTQ1MTAyMDUxNjQ3MjhFLTY7czoxMjoidWppX2RhdGFfdWppIjthOjQ6e2k6MDtzOjI6Ijc4IjtpOjE7czozOiIxMjMiO2k6MjtzOjM6IjEwMCI7aTo0O2Q6OTguODM3ODgxMjYzMTkzOTY0O31zOjE0OiJoYXNpbF9wcmVkaWtzaSI7ZDo5OTt9aTo1O2E6Nzp7czoxMDoiZGF0YV90cmFpbiI7YTozOntpOjA7YTo0OntpOjA7czoxOiIwIjtpOjE7czoxOiIwIjtpOjI7czoxOiIwIjtpOjM7czoyOiI3NyI7fWk6MTthOjQ6e2k6MDtzOjE6IjAiO2k6MTtzOjE6IjAiO2k6MjtzOjI6Ijc3IjtpOjM7czozOiIxMTQiO31pOjI7YTo0OntpOjA7czoxOiIwIjtpOjE7czoyOiI3NyI7aToyO3M6MzoiMTE0IjtpOjM7czoyOiI5OSI7fX1zOjE3OiJkYXRhX3RyYWluX3NjYWxlZCI7YTozOntpOjA7YTo0OntpOjA7ZDowLjEwMDAwMDAwMDAwMDAwMDAxO2k6MTtkOjAuMTAwMDAwMDAwMDAwMDAwMDE7aToyO2Q6MC4xMDAwMDAwMDAwMDAwMDAwMTtpOjM7ZDowLjY0MDM1MDg3NzE5Mjk4MjQ1O31pOjE7YTo0OntpOjA7ZDowLjEwMDAwMDAwMDAwMDAwMDAxO2k6MTtkOjAuMTAwMDAwMDAwMDAwMDAwMDE7aToyO2Q6MC42NDAzNTA4NzcxOTI5ODI0NTtpOjM7ZDowLjkwMDAwMDAwMDAwMDAwMDAyO31pOjI7YTo0OntpOjA7ZDowLjEwMDAwMDAwMDAwMDAwMDAxO2k6MTtkOjAuNjQwMzUwODc3MTkyOTgyNDU7aToyO2Q6MC45MDAwMDAwMDAwMDAwMDAwMjtpOjM7ZDowLjc5NDczNjg0MjEwNTI2MzE5O319czoxNDoiZGF0YV90cmFpbl9vdXQiO2E6Mzp7aTowO3M6MjoiNzciO2k6MTtzOjM6IjExNCI7aToyO3M6MjoiOTkiO31zOjI0OiJ1amlfZGF0YV90cmFpbl9wcmVkaWN0ZWQiO2E6Mzp7aTowO2Q6Nzc7aToxO2Q6ODI7aToyO2Q6ODk7fXM6MzoibXNlIjtkOjEuODk2MDM3OTI2Mzg5MDAwNEUtNjtzOjEyOiJ1amlfZGF0YV91amkiO2E6NDp7aTowO3M6MjoiNzciO2k6MTtzOjM6IjExNCI7aToyO3M6MjoiOTkiO2k6NDtkOjg3LjczNzM2OTkzMDEwMzgyNDt9czoxNDoiaGFzaWxfcHJlZGlrc2kiO2Q6ODg7fWk6NjthOjc6e3M6MTA6ImRhdGFfdHJhaW4iO2E6Mzp7aTowO2E6NDp7aTowO3M6MToiMCI7aToxO3M6MToiMCI7aToyO3M6MToiMCI7aTozO3M6MzoiMTczIjt9aToxO2E6NDp7aTowO3M6MToiMCI7aToxO3M6MToiMCI7aToyO3M6MzoiMTczIjtpOjM7czozOiIxMzMiO31pOjI7YTo0OntpOjA7czoxOiIwIjtpOjE7czozOiIxNzMiO2k6MjtzOjM6IjEzMyI7aTozO3M6MjoiOTkiO319czoxNzoiZGF0YV90cmFpbl9zY2FsZWQiO2E6Mzp7aTowO2E6NDp7aTowO2Q6MC4xMDAwMDAwMDAwMDAwMDAwMTtpOjE7ZDowLjEwMDAwMDAwMDAwMDAwMDAxO2k6MjtkOjAuMTAwMDAwMDAwMDAwMDAwMDE7aTozO2Q6MC45MDAwMDAwMDAwMDAwMDAwMjt9aToxO2E6NDp7aTowO2Q6MC4xMDAwMDAwMDAwMDAwMDAwMTtpOjE7ZDowLjEwMDAwMDAwMDAwMDAwMDAxO2k6MjtkOjAuOTAwMDAwMDAwMDAwMDAwMDI7aTozO2Q6MC43MTUwMjg5MDE3MzQxMDQwNTt9aToyO2E6NDp7aTowO2Q6MC4xMDAwMDAwMDAwMDAwMDAwMTtpOjE7ZDowLjkwMDAwMDAwMDAwMDAwMDAyO2k6MjtkOjAuNzE1MDI4OTAxNzM0MTA0MDU7aTozO2Q6MC41NTc4MDM0NjgyMDgwOTI0Njt9fXM6MTQ6ImRhdGFfdHJhaW5fb3V0IjthOjM6e2k6MDtzOjM6IjE3MyI7aToxO3M6MzoiMTMzIjtpOjI7czoyOiI5OSI7fXM6MjQ6InVqaV9kYXRhX3RyYWluX3ByZWRpY3RlZCI7YTozOntpOjA7ZDoxMTc7aToxO2Q6MTMyO2k6MjtkOjE0Mjt9czozOiJtc2UiO2Q6NC42NzgxNDk1Nzg3ODc1MTA1RS02O3M6MTI6InVqaV9kYXRhX3VqaSI7YTo0OntpOjA7czozOiIxNzMiO2k6MTtzOjM6IjEzMyI7aToyO3M6MjoiOTkiO2k6NDtkOjE0MS4yOTIwNDczOTA1MDQxMTt9czoxNDoiaGFzaWxfcHJlZGlrc2kiO2Q6MTQxO31pOjc7YTo3OntzOjEwOiJkYXRhX3RyYWluIjthOjM6e2k6MDthOjQ6e2k6MDtzOjI6Ijg4IjtpOjE7czoyOiI5OCI7aToyO3M6MzoiMTA1IjtpOjM7czozOiIxNTgiO31pOjE7YTo0OntpOjA7czoyOiI5OCI7aToxO3M6MzoiMTA1IjtpOjI7czozOiIxNTgiO2k6MztzOjM6IjE0OSI7fWk6MjthOjQ6e2k6MDtzOjM6IjEwNSI7aToxO3M6MzoiMTU4IjtpOjI7czozOiIxNDkiO2k6MztzOjM6IjEzNSI7fX1zOjE3OiJkYXRhX3RyYWluX3NjYWxlZCI7YTozOntpOjA7YTo0OntpOjA7ZDowLjEwMDAwMDAwMDAwMDAwMDAxO2k6MTtkOjAuMjE0Mjg1NzE0Mjg1NzE0MztpOjI7ZDowLjI5NDI4NTcxNDI4NTcxNDI2O2k6MztkOjAuOTAwMDAwMDAwMDAwMDAwMDI7fWk6MTthOjQ6e2k6MDtkOjAuMjE0Mjg1NzE0Mjg1NzE0MztpOjE7ZDowLjI5NDI4NTcxNDI4NTcxNDI2O2k6MjtkOjAuOTAwMDAwMDAwMDAwMDAwMDI7aTozO2Q6MC43OTcxNDI4NTcxNDI4NTcxNTt9aToyO2E6NDp7aTowO2Q6MC4yOTQyODU3MTQyODU3MTQyNjtpOjE7ZDowLjkwMDAwMDAwMDAwMDAwMDAyO2k6MjtkOjAuNzk3MTQyODU3MTQyODU3MTU7aTozO2Q6MC42MzcxNDI4NTcxNDI4NTcxMjt9fXM6MTQ6ImRhdGFfdHJhaW5fb3V0IjthOjM6e2k6MDtzOjM6IjE1OCI7aToxO3M6MzoiMTQ5IjtpOjI7czozOiIxMzUiO31zOjI0OiJ1amlfZGF0YV90cmFpbl9wcmVkaWN0ZWQiO2E6Mzp7aTowO2Q6MTU1O2k6MTtkOjE0OTtpOjI7ZDoxMzc7fXM6MzoibXNlIjtkOjkuOTM3ODc3MzE4MTAwNTM4OEUtNjtzOjEyOiJ1amlfZGF0YV91amkiO2E6NDp7aTowO3M6MzoiMTU4IjtpOjE7czozOiIxNDkiO2k6MjtzOjM6IjEzNSI7aTo0O2Q6MTM3LjM2MzkxNjIxODczNjY4O31zOjE0OiJoYXNpbF9wcmVkaWtzaSI7ZDoxMzc7fWk6ODthOjc6e3M6MTA6ImRhdGFfdHJhaW4iO2E6Mzp7aTowO2E6NDp7aTowO3M6MToiMCI7aToxO3M6MToiMCI7aToyO3M6MToiMCI7aTozO3M6MjoiODgiO31pOjE7YTo0OntpOjA7czoxOiIwIjtpOjE7czoxOiIwIjtpOjI7czoyOiI4OCI7aTozO3M6MjoiOTYiO31pOjI7YTo0OntpOjA7czoxOiIwIjtpOjE7czoyOiI4OCI7aToyO3M6MjoiOTYiO2k6MztzOjM6IjExMCI7fX1zOjE3OiJkYXRhX3RyYWluX3NjYWxlZCI7YTozOntpOjA7YTo0OntpOjA7ZDowLjEwMDAwMDAwMDAwMDAwMDAxO2k6MTtkOjAuMTAwMDAwMDAwMDAwMDAwMDE7aToyO2Q6MC4xMDAwMDAwMDAwMDAwMDAwMTtpOjM7ZDowLjc0MDAwMDAwMDAwMDAwMDE7fWk6MTthOjQ6e2k6MDtkOjAuMTAwMDAwMDAwMDAwMDAwMDE7aToxO2Q6MC4xMDAwMDAwMDAwMDAwMDAwMTtpOjI7ZDowLjc0MDAwMDAwMDAwMDAwMDE7aTozO2Q6MC43OTgxODE4MTgxODE4MTgyMTt9aToyO2E6NDp7aTowO2Q6MC4xMDAwMDAwMDAwMDAwMDAwMTtpOjE7ZDowLjc0MDAwMDAwMDAwMDAwMDE7aToyO2Q6MC43OTgxODE4MTgxODE4MTgyMTtpOjM7ZDowLjkwMDAwMDAwMDAwMDAwMDAyO319czoxNDoiZGF0YV90cmFpbl9vdXQiO2E6Mzp7aTowO3M6MjoiODgiO2k6MTtzOjI6Ijk2IjtpOjI7czozOiIxMTAiO31zOjI0OiJ1amlfZGF0YV90cmFpbl9wcmVkaWN0ZWQiO2E6Mzp7aTowO2Q6ODg7aToxO2Q6OTM7aToyO2Q6OTk7fXM6MzoibXNlIjtkOjUuNTY3OTAwNjU3NzU0NDA1NUUtNjtzOjEyOiJ1amlfZGF0YV91amkiO2E6NDp7aTowO3M6MjoiODgiO2k6MTtzOjI6Ijk2IjtpOjI7czozOiIxMTAiO2k6NDtkOjk4LjM4MTIxODM3MDI1MDA1Mzt9czoxNDoiaGFzaWxfcHJlZGlrc2kiO2Q6OTg7fWk6OTthOjc6e3M6MTA6ImRhdGFfdHJhaW4iO2E6Mzp7aTowO2E6NDp7aTowO3M6MToiMCI7aToxO3M6MToiMCI7aToyO3M6MToiMCI7aTozO3M6MToiMCI7fWk6MTthOjQ6e2k6MDtzOjE6IjAiO2k6MTtzOjE6IjAiO2k6MjtzOjE6IjAiO2k6MztzOjI6IjU4Ijt9aToyO2E6NDp7aTowO3M6MToiMCI7aToxO3M6MToiMCI7aToyO3M6MjoiNTgiO2k6MztzOjI6IjY3Ijt9fXM6MTc6ImRhdGFfdHJhaW5fc2NhbGVkIjthOjM6e2k6MDthOjQ6e2k6MDtkOjAuMTAwMDAwMDAwMDAwMDAwMDE7aToxO2Q6MC4xMDAwMDAwMDAwMDAwMDAwMTtpOjI7ZDowLjEwMDAwMDAwMDAwMDAwMDAxO2k6MztkOjAuMTAwMDAwMDAwMDAwMDAwMDE7fWk6MTthOjQ6e2k6MDtkOjAuMTAwMDAwMDAwMDAwMDAwMDE7aToxO2Q6MC4xMDAwMDAwMDAwMDAwMDAwMTtpOjI7ZDowLjEwMDAwMDAwMDAwMDAwMDAxO2k6MztkOjAuNzkyNTM3MzEzNDMyODM1ODQ7fWk6MjthOjQ6e2k6MDtkOjAuMTAwMDAwMDAwMDAwMDAwMDE7aToxO2Q6MC4xMDAwMDAwMDAwMDAwMDAwMTtpOjI7ZDowLjc5MjUzNzMxMzQzMjgzNTg0O2k6MztkOjAuOTAwMDAwMDAwMDAwMDAwMDI7fX1zOjE0OiJkYXRhX3RyYWluX291dCI7YTozOntpOjA7czoxOiIwIjtpOjE7czoyOiI1OCI7aToyO3M6MjoiNjciO31zOjI0OiJ1amlfZGF0YV90cmFpbl9wcmVkaWN0ZWQiO2E6Mzp7aTowO2Q6Mjk7aToxO2Q6Mjk7aToyO2Q6Njc7fXM6MzoibXNlIjtkOjkuOTkxMzE5ODI3MzAwNzczM0UtNjtzOjEyOiJ1amlfZGF0YV91amkiO2E6NDp7aTowO3M6MToiMCI7aToxO3M6MjoiNTgiO2k6MjtzOjI6IjY3IjtpOjQ7ZDo2Ni4zNzEzODY3NTE3ODcwNDM7fXM6MTQ6Imhhc2lsX3ByZWRpa3NpIjtkOjY2O31pOjEwO2E6Nzp7czoxMDoiZGF0YV90cmFpbiI7YTozOntpOjA7YTo0OntpOjA7czoyOiIxNyI7aToxO3M6MjoiMTQiO2k6MjtzOjI6IjQzIjtpOjM7czoxOiIwIjt9aToxO2E6NDp7aTowO3M6MjoiMTQiO2k6MTtzOjI6IjQzIjtpOjI7czoxOiIwIjtpOjM7czoyOiIzOSI7fWk6MjthOjQ6e2k6MDtzOjI6IjQzIjtpOjE7czoxOiIwIjtpOjI7czoyOiIzOSI7aTozO3M6MjoiODYiO319czoxNzoiZGF0YV90cmFpbl9zY2FsZWQiO2E6Mzp7aTowO2E6NDp7aTowO2Q6MC4yNTgxMzk1MzQ4ODM3MjA5MztpOjE7ZDowLjIzMDIzMjU1ODEzOTUzNDkyO2k6MjtkOjAuNTtpOjM7ZDowLjEwMDAwMDAwMDAwMDAwMDAxO31pOjE7YTo0OntpOjA7ZDowLjIzMDIzMjU1ODEzOTUzNDkyO2k6MTtkOjAuNTtpOjI7ZDowLjEwMDAwMDAwMDAwMDAwMDAxO2k6MztkOjAuNDYyNzkwNjk3Njc0NDE4NjE7fWk6MjthOjQ6e2k6MDtkOjAuNTtpOjE7ZDowLjEwMDAwMDAwMDAwMDAwMDAxO2k6MjtkOjAuNDYyNzkwNjk3Njc0NDE4NjE7aTozO2Q6MC45MDAwMDAwMDAwMDAwMDAwMjt9fXM6MTQ6ImRhdGFfdHJhaW5fb3V0IjthOjM6e2k6MDtzOjE6IjAiO2k6MTtzOjI6IjM5IjtpOjI7czoyOiI4NiI7fXM6MjQ6InVqaV9kYXRhX3RyYWluX3ByZWRpY3RlZCI7YTozOntpOjA7ZDo0MTtpOjE7ZDozOTtpOjI7ZDo0Mjt9czozOiJtc2UiO2Q6Ni44Mjg4MTIzOTk2MjU0ODUxRS02O3M6MTI6InVqaV9kYXRhX3VqaSI7YTo0OntpOjA7czoxOiIwIjtpOjE7czoyOiIzOSI7aToyO3M6MjoiODYiO2k6NDtkOjM2Ljg5OTg3NDEzOTYzMzcwMjt9czoxNDoiaGFzaWxfcHJlZGlrc2kiO2Q6Mzc7fWk6MTE7YTo3OntzOjEwOiJkYXRhX3RyYWluIjthOjM6e2k6MDthOjQ6e2k6MDtzOjI6IjkxIjtpOjE7czozOiIxMDIiO2k6MjtzOjM6IjEwOSI7aTozO3M6MToiMCI7fWk6MTthOjQ6e2k6MDtzOjM6IjEwMiI7aToxO3M6MzoiMTA5IjtpOjI7czoxOiIwIjtpOjM7czoyOiI3MCI7fWk6MjthOjQ6e2k6MDtzOjM6IjEwOSI7aToxO3M6MToiMCI7aToyO3M6MjoiNzAiO2k6MztzOjI6IjY1Ijt9fXM6MTc6ImRhdGFfdHJhaW5fc2NhbGVkIjthOjM6e2k6MDthOjQ6e2k6MDtkOjAuNzY3ODg5OTA4MjU2ODgwNzU7aToxO2Q6MC44NDg2MjM4NTMyMTEwMDkxOTtpOjI7ZDowLjkwMDAwMDAwMDAwMDAwMDAyO2k6MztkOjAuMTAwMDAwMDAwMDAwMDAwMDE7fWk6MTthOjQ6e2k6MDtkOjAuODQ4NjIzODUzMjExMDA5MTk7aToxO2Q6MC45MDAwMDAwMDAwMDAwMDAwMjtpOjI7ZDowLjEwMDAwMDAwMDAwMDAwMDAxO2k6MztkOjAuNjEzNzYxNDY3ODg5OTA4MjY7fWk6MjthOjQ6e2k6MDtkOjAuOTAwMDAwMDAwMDAwMDAwMDI7aToxO2Q6MC4xMDAwMDAwMDAwMDAwMDAwMTtpOjI7ZDowLjYxMzc2MTQ2Nzg4OTkwODI2O2k6MztkOjAuNTc3MDY0MjIwMTgzNDg2MjQ7fX1zOjE0OiJkYXRhX3RyYWluX291dCI7YTozOntpOjA7czoxOiIwIjtpOjE7czoyOiI3MCI7aToyO3M6MjoiNjUiO31zOjI0OiJ1amlfZGF0YV90cmFpbl9wcmVkaWN0ZWQiO2E6Mzp7aTowO2Q6MztpOjE7ZDo2OTtpOjI7ZDo2NDt9czozOiJtc2UiO2Q6OS45OTI1NzU0OTM2NzAxMDAyRS02O3M6MTI6InVqaV9kYXRhX3VqaSI7YTo0OntpOjA7czoxOiIwIjtpOjE7czoyOiI3MCI7aToyO3M6MjoiNjUiO2k6NDtkOjE1LjczMjczMTU1NzM0MjI1OTt9czoxNDoiaGFzaWxfcHJlZGlrc2kiO2Q6MTY7fWk6MTI7YTo3OntzOjEwOiJkYXRhX3RyYWluIjthOjM6e2k6MDthOjQ6e2k6MDtzOjE6IjAiO2k6MTtzOjE6IjAiO2k6MjtzOjE6IjAiO2k6MztzOjI6IjIyIjt9aToxO2E6NDp7aTowO3M6MToiMCI7aToxO3M6MToiMCI7aToyO3M6MjoiMjIiO2k6MztzOjI6Ijg5Ijt9aToyO2E6NDp7aTowO3M6MToiMCI7aToxO3M6MjoiMjIiO2k6MjtzOjI6Ijg5IjtpOjM7czozOiIxMTIiO319czoxNzoiZGF0YV90cmFpbl9zY2FsZWQiO2E6Mzp7aTowO2E6NDp7aTowO2Q6MC4xMDAwMDAwMDAwMDAwMDAwMTtpOjE7ZDowLjEwMDAwMDAwMDAwMDAwMDAxO2k6MjtkOjAuMTAwMDAwMDAwMDAwMDAwMDE7aTozO2Q6MC4yNTcxNDI4NTcxNDI4NTcxMjt9aToxO2E6NDp7aTowO2Q6MC4xMDAwMDAwMDAwMDAwMDAwMTtpOjE7ZDowLjEwMDAwMDAwMDAwMDAwMDAxO2k6MjtkOjAuMjU3MTQyODU3MTQyODU3MTI7aTozO2Q6MC43MzU3MTQyODU3MTQyODU2NTt9aToyO2E6NDp7aTowO2Q6MC4xMDAwMDAwMDAwMDAwMDAwMTtpOjE7ZDowLjI1NzE0Mjg1NzE0Mjg1NzEyO2k6MjtkOjAuNzM1NzE0Mjg1NzE0Mjg1NjU7aTozO2Q6MC45MDAwMDAwMDAwMDAwMDAwMjt9fXM6MTQ6ImRhdGFfdHJhaW5fb3V0IjthOjM6e2k6MDtzOjI6IjIyIjtpOjE7czoyOiI4OSI7aToyO3M6MzoiMTEyIjt9czoyNDoidWppX2RhdGFfdHJhaW5fcHJlZGljdGVkIjthOjM6e2k6MDtkOjQ4O2k6MTtkOjY2O2k6MjtkOjExMTt9czozOiJtc2UiO2Q6OS41NzQ3ODU0NjA0OTk3Mjg3RS02O3M6MTI6InVqaV9kYXRhX3VqaSI7YTo0OntpOjA7czoyOiIyMiI7aToxO3M6MjoiODkiO2k6MjtzOjM6IjExMiI7aTo0O2Q6MTEwLjY5NDUzOTc5MDgxNTYxO31zOjE0OiJoYXNpbF9wcmVkaWtzaSI7ZDoxMTE7fWk6MTM7YTo3OntzOjEwOiJkYXRhX3RyYWluIjthOjM6e2k6MDthOjQ6e2k6MDtzOjE6IjAiO2k6MTtzOjE6IjAiO2k6MjtzOjE6IjAiO2k6MztzOjM6IjExNSI7fWk6MTthOjQ6e2k6MDtzOjE6IjAiO2k6MTtzOjE6IjAiO2k6MjtzOjM6IjExNSI7aTozO3M6MjoiNjEiO31pOjI7YTo0OntpOjA7czoxOiIwIjtpOjE7czozOiIxMTUiO2k6MjtzOjI6IjYxIjtpOjM7czoyOiI2OSI7fX1zOjE3OiJkYXRhX3RyYWluX3NjYWxlZCI7YTozOntpOjA7YTo0OntpOjA7ZDowLjEwMDAwMDAwMDAwMDAwMDAxO2k6MTtkOjAuMTAwMDAwMDAwMDAwMDAwMDE7aToyO2Q6MC4xMDAwMDAwMDAwMDAwMDAwMTtpOjM7ZDowLjkwMDAwMDAwMDAwMDAwMDAyO31pOjE7YTo0OntpOjA7ZDowLjEwMDAwMDAwMDAwMDAwMDAxO2k6MTtkOjAuMTAwMDAwMDAwMDAwMDAwMDE7aToyO2Q6MC45MDAwMDAwMDAwMDAwMDAwMjtpOjM7ZDowLjUyNDM0NzgyNjA4Njk1NjYzO31pOjI7YTo0OntpOjA7ZDowLjEwMDAwMDAwMDAwMDAwMDAxO2k6MTtkOjAuOTAwMDAwMDAwMDAwMDAwMDI7aToyO2Q6MC41MjQzNDc4MjYwODY5NTY2MztpOjM7ZDowLjU3OTk5OTk5OTk5OTk5OTk2O319czoxNDoiZGF0YV90cmFpbl9vdXQiO2E6Mzp7aTowO3M6MzoiMTE1IjtpOjE7czoyOiI2MSI7aToyO3M6MjoiNjkiO31zOjI0OiJ1amlfZGF0YV90cmFpbl9wcmVkaWN0ZWQiO2E6Mzp7aTowO2Q6NjI7aToxO2Q6NzA7aToyO2Q6Njk7fXM6MzoibXNlIjtkOjcuMTU4NzAwMzg2NjAxNDE0MkUtNztzOjEyOiJ1amlfZGF0YV91amkiO2E6NDp7aTowO3M6MzoiMTE1IjtpOjE7czoyOiI2MSI7aToyO3M6MjoiNjkiO2k6NDtkOjY4LjM4NDA3Nzc1MzI0ODQ2Mjt9czoxNDoiaGFzaWxfcHJlZGlrc2kiO2Q6Njg7fWk6MTQ7YTo3OntzOjEwOiJkYXRhX3RyYWluIjthOjM6e2k6MDthOjQ6e2k6MDtzOjI6IjYzIjtpOjE7czoyOiI4NSI7aToyO3M6MjoiNDQiO2k6MztzOjI6IjU1Ijt9aToxO2E6NDp7aTowO3M6MjoiODUiO2k6MTtzOjI6IjQ0IjtpOjI7czoyOiI1NSI7aTozO3M6MjoiOTEiO31pOjI7YTo0OntpOjA7czoyOiI0NCI7aToxO3M6MjoiNTUiO2k6MjtzOjI6IjkxIjtpOjM7czoyOiI4NCI7fX1zOjE3OiJkYXRhX3RyYWluX3NjYWxlZCI7YTozOntpOjA7YTo0OntpOjA7ZDowLjQyMzQwNDI1NTMxOTE0ODk0O2k6MTtkOjAuNzk3ODcyMzQwNDI1NTMyMDE7aToyO2Q6MC4xMDAwMDAwMDAwMDAwMDAwMTtpOjM7ZDowLjI4NzIzNDA0MjU1MzE5MTUyO31pOjE7YTo0OntpOjA7ZDowLjc5Nzg3MjM0MDQyNTUzMjAxO2k6MTtkOjAuMTAwMDAwMDAwMDAwMDAwMDE7aToyO2Q6MC4yODcyMzQwNDI1NTMxOTE1MjtpOjM7ZDowLjkwMDAwMDAwMDAwMDAwMDAyO31pOjI7YTo0OntpOjA7ZDowLjEwMDAwMDAwMDAwMDAwMDAxO2k6MTtkOjAuMjg3MjM0MDQyNTUzMTkxNTI7aToyO2Q6MC45MDAwMDAwMDAwMDAwMDAwMjtpOjM7ZDowLjc4MDg1MTA2MzgyOTc4NzMxO319czoxNDoiZGF0YV90cmFpbl9vdXQiO2E6Mzp7aTowO3M6MjoiNTUiO2k6MTtzOjI6IjkxIjtpOjI7czoyOiI4NCI7fXM6MjQ6InVqaV9kYXRhX3RyYWluX3ByZWRpY3RlZCI7YTozOntpOjA7ZDo2MDtpOjE7ZDo4NjtpOjI7ZDo4NDt9czozOiJtc2UiO2Q6OS45NjMxNjcyNjQwMjI2NjI4RS02O3M6MTI6InVqaV9kYXRhX3VqaSI7YTo0OntpOjA7czoyOiI1NSI7aToxO3M6MjoiOTEiO2k6MjtzOjI6Ijg0IjtpOjQ7ZDo4MS45ODAwMjYyMjU5ODk4MDM7fXM6MTQ6Imhhc2lsX3ByZWRpa3NpIjtkOjgyO31pOjE1O2E6Nzp7czoxMDoiZGF0YV90cmFpbiI7YTozOntpOjA7YTo0OntpOjA7czoyOiI1NyI7aToxO3M6MzoiMTAzIjtpOjI7czoyOiI4MCI7aTozO3M6MzoiMjU3Ijt9aToxO2E6NDp7aTowO3M6MzoiMTAzIjtpOjE7czoyOiI4MCI7aToyO3M6MzoiMjU3IjtpOjM7czozOiIxNzYiO31pOjI7YTo0OntpOjA7czoyOiI4MCI7aToxO3M6MzoiMjU3IjtpOjI7czozOiIxNzYiO2k6MztzOjI6Ijg5Ijt9fXM6MTc6ImRhdGFfdHJhaW5fc2NhbGVkIjthOjM6e2k6MDthOjQ6e2k6MDtkOjAuMTAwMDAwMDAwMDAwMDAwMDE7aToxO2Q6MC4yODQwMDAwMDAwMDAwMDAwMztpOjI7ZDowLjE5MjtpOjM7ZDowLjkwMDAwMDAwMDAwMDAwMDAyO31pOjE7YTo0OntpOjA7ZDowLjI4NDAwMDAwMDAwMDAwMDAzO2k6MTtkOjAuMTkyO2k6MjtkOjAuOTAwMDAwMDAwMDAwMDAwMDI7aTozO2Q6MC41NzU5OTk5OTk5OTk5OTk5Njt9aToyO2E6NDp7aTowO2Q6MC4xOTI7aToxO2Q6MC45MDAwMDAwMDAwMDAwMDAwMjtpOjI7ZDowLjU3NTk5OTk5OTk5OTk5OTk2O2k6MztkOjAuMjI4MDAwMDAwMDAwMDAwMDE7fX1zOjE0OiJkYXRhX3RyYWluX291dCI7YTozOntpOjA7czozOiIyNTciO2k6MTtzOjM6IjE3NiI7aToyO3M6MjoiODkiO31zOjI0OiJ1amlfZGF0YV90cmFpbl9wcmVkaWN0ZWQiO2E6Mzp7aTowO2Q6MjA3O2k6MTtkOjE3NTtpOjI7ZDoxMjc7fXM6MzoibXNlIjtkOjkuNzg0MDc2MTY1OTE5ODE2N0UtNjtzOjEyOiJ1amlfZGF0YV91amkiO2E6NDp7aTowO3M6MzoiMjU3IjtpOjE7czozOiIxNzYiO2k6MjtzOjI6Ijg5IjtpOjQ7ZDoxMzAuMjUxNjkwODMzNDQyNDE7fXM6MTQ6Imhhc2lsX3ByZWRpa3NpIjtkOjEzMDt9aToxNjthOjc6e3M6MTA6ImRhdGFfdHJhaW4iO2E6Mzp7aTowO2E6NDp7aTowO3M6MjoiNzAiO2k6MTtzOjE6IjAiO2k6MjtzOjI6IjY2IjtpOjM7czozOiIxMjAiO31pOjE7YTo0OntpOjA7czoxOiIwIjtpOjE7czoyOiI2NiI7aToyO3M6MzoiMTIwIjtpOjM7czozOiIxMTgiO31pOjI7YTo0OntpOjA7czoyOiI2NiI7aToxO3M6MzoiMTIwIjtpOjI7czozOiIxMTgiO2k6MztzOjI6Ijc0Ijt9fXM6MTc6ImRhdGFfdHJhaW5fc2NhbGVkIjthOjM6e2k6MDthOjQ6e2k6MDtkOjAuNTY2NjY2NjY2NjY2NjY2NzY7aToxO2Q6MC4xMDAwMDAwMDAwMDAwMDAwMTtpOjI7ZDowLjU0MDAwMDAwMDAwMDAwMDA0O2k6MztkOjAuOTAwMDAwMDAwMDAwMDAwMDI7fWk6MTthOjQ6e2k6MDtkOjAuMTAwMDAwMDAwMDAwMDAwMDE7aToxO2Q6MC41NDAwMDAwMDAwMDAwMDAwNDtpOjI7ZDowLjkwMDAwMDAwMDAwMDAwMDAyO2k6MztkOjAuODg2NjY2NjY2NjY2NjY2Njt9aToyO2E6NDp7aTowO2Q6MC41NDAwMDAwMDAwMDAwMDAwNDtpOjE7ZDowLjkwMDAwMDAwMDAwMDAwMDAyO2k6MjtkOjAuODg2NjY2NjY2NjY2NjY2NjtpOjM7ZDowLjU5MzMzMzMzMzMzMzMzMzM4O319czoxNDoiZGF0YV90cmFpbl9vdXQiO2E6Mzp7aTowO3M6MzoiMTIwIjtpOjE7czozOiIxMTgiO2k6MjtzOjI6Ijc0Ijt9czoyNDoidWppX2RhdGFfdHJhaW5fcHJlZGljdGVkIjthOjM6e2k6MDtkOjExOTtpOjE7ZDoxMTE7aToyO2Q6Nzg7fXM6MzoibXNlIjtkOjkuOTcxMzU4OTU5MjI4MTQzOUUtNjtzOjEyOiJ1amlfZGF0YV91amkiO2E6NDp7aTowO3M6MzoiMTIwIjtpOjE7czozOiIxMTgiO2k6MjtzOjI6Ijc0IjtpOjQ7ZDo4Ny43NzU2MTUzNTQ1NzY4NTc7fXM6MTQ6Imhhc2lsX3ByZWRpa3NpIjtkOjg4O31pOjE3O2E6Nzp7czoxMDoiZGF0YV90cmFpbiI7YTozOntpOjA7YTo0OntpOjA7czoxOiIwIjtpOjE7czoxOiIwIjtpOjI7czoxOiIwIjtpOjM7czozOiIyMjEiO31pOjE7YTo0OntpOjA7czoxOiIwIjtpOjE7czoxOiIwIjtpOjI7czozOiIyMjEiO2k6MztzOjM6IjEzOSI7fWk6MjthOjQ6e2k6MDtzOjE6IjAiO2k6MTtzOjM6IjIyMSI7aToyO3M6MzoiMTM5IjtpOjM7czoyOiI5MyI7fX1zOjE3OiJkYXRhX3RyYWluX3NjYWxlZCI7YTozOntpOjA7YTo0OntpOjA7ZDowLjEwMDAwMDAwMDAwMDAwMDAxO2k6MTtkOjAuMTAwMDAwMDAwMDAwMDAwMDE7aToyO2Q6MC4xMDAwMDAwMDAwMDAwMDAwMTtpOjM7ZDowLjkwMDAwMDAwMDAwMDAwMDAyO31pOjE7YTo0OntpOjA7ZDowLjEwMDAwMDAwMDAwMDAwMDAxO2k6MTtkOjAuMTAwMDAwMDAwMDAwMDAwMDE7aToyO2Q6MC45MDAwMDAwMDAwMDAwMDAwMjtpOjM7ZDowLjYwMzE2NzQyMDgxNDQ3OTY7fWk6MjthOjQ6e2k6MDtkOjAuMTAwMDAwMDAwMDAwMDAwMDE7aToxO2Q6MC45MDAwMDAwMDAwMDAwMDAwMjtpOjI7ZDowLjYwMzE2NzQyMDgxNDQ3OTY7aTozO2Q6MC40MzY2NTE1ODM3MTA0MDcyNDt9fXM6MTQ6ImRhdGFfdHJhaW5fb3V0IjthOjM6e2k6MDtzOjM6IjIyMSI7aToxO3M6MzoiMTM5IjtpOjI7czoyOiI5MyI7fXM6MjQ6InVqaV9kYXRhX3RyYWluX3ByZWRpY3RlZCI7YTozOntpOjA7ZDoxMjY7aToxO2Q6MTM5O2k6MjtkOjE0NTt9czozOiJtc2UiO2Q6OS4zNjQwNTQwMTYxMTA3OThFLTc7czoxMjoidWppX2RhdGFfdWppIjthOjQ6e2k6MDtzOjM6IjIyMSI7aToxO3M6MzoiMTM5IjtpOjI7czoyOiI5MyI7aTo0O2Q6MTQzLjMzNTA2NjAxMDAyNTk0O31zOjE0OiJoYXNpbF9wcmVkaWtzaSI7ZDoxNDM7fWk6MTg7YTo3OntzOjEwOiJkYXRhX3RyYWluIjthOjM6e2k6MDthOjQ6e2k6MDtzOjI6IjkzIjtpOjE7czoyOiI1MyI7aToyO3M6MjoiODAiO2k6MztzOjM6IjE2OCI7fWk6MTthOjQ6e2k6MDtzOjI6IjUzIjtpOjE7czoyOiI4MCI7aToyO3M6MzoiMTY4IjtpOjM7czozOiIxMjEiO31pOjI7YTo0OntpOjA7czoyOiI4MCI7aToxO3M6MzoiMTY4IjtpOjI7czozOiIxMjEiO2k6MztzOjI6Ijk1Ijt9fXM6MTc6ImRhdGFfdHJhaW5fc2NhbGVkIjthOjM6e2k6MDthOjQ6e2k6MDtkOjAuMzc4MjYwODY5NTY1MjE3NDM7aToxO2Q6MC4xMDAwMDAwMDAwMDAwMDAwMTtpOjI7ZDowLjI4NzgyNjA4Njk1NjUyMTc5O2k6MztkOjAuOTAwMDAwMDAwMDAwMDAwMDI7fWk6MTthOjQ6e2k6MDtkOjAuMTAwMDAwMDAwMDAwMDAwMDE7aToxO2Q6MC4yODc4MjYwODY5NTY1MjE3OTtpOjI7ZDowLjkwMDAwMDAwMDAwMDAwMDAyO2k6MztkOjAuNTczMDQzNDc4MjYwODY5NjU7fWk6MjthOjQ6e2k6MDtkOjAuMjg3ODI2MDg2OTU2NTIxNzk7aToxO2Q6MC45MDAwMDAwMDAwMDAwMDAwMjtpOjI7ZDowLjU3MzA0MzQ3ODI2MDg2OTY1O2k6MztkOjAuMzkyMTczOTEzMDQzNDc4MjY7fX1zOjE0OiJkYXRhX3RyYWluX291dCI7YTozOntpOjA7czozOiIxNjgiO2k6MTtzOjM6IjEyMSI7aToyO3M6MjoiOTUiO31zOjI0OiJ1amlfZGF0YV90cmFpbl9wcmVkaWN0ZWQiO2E6Mzp7aTowO2Q6MTE3O2k6MTtkOjEyMTtpOjI7ZDoxMjQ7fXM6MzoibXNlIjtkOjQuMTU5MDA0MTcyNjU1NzE3NkUtNjtzOjEyOiJ1amlfZGF0YV91amkiO2E6NDp7aTowO3M6MzoiMTY4IjtpOjE7czozOiIxMjEiO2k6MjtzOjI6Ijk1IjtpOjQ7ZDoxMjEuMzM2NDg1MjIwNDQ3MjQ7fXM6MTQ6Imhhc2lsX3ByZWRpa3NpIjtkOjEyMTt9aToxOTthOjc6e3M6MTA6ImRhdGFfdHJhaW4iO2E6Mzp7aTowO2E6NDp7aTowO3M6MjoiNTMiO2k6MTtzOjM6IjExMSI7aToyO3M6MjoiMzAiO2k6MztzOjI6Ijg4Ijt9aToxO2E6NDp7aTowO3M6MzoiMTExIjtpOjE7czoyOiIzMCI7aToyO3M6MjoiODgiO2k6MztzOjI6Ijc2Ijt9aToyO2E6NDp7aTowO3M6MjoiMzAiO2k6MTtzOjI6Ijg4IjtpOjI7czoyOiI3NiI7aTozO3M6MzoiMTA3Ijt9fXM6MTc6ImRhdGFfdHJhaW5fc2NhbGVkIjthOjM6e2k6MDthOjQ6e2k6MDtkOjAuMzI3MTYwNDkzODI3MTYwNTtpOjE7ZDowLjkwMDAwMDAwMDAwMDAwMDAyO2k6MjtkOjAuMTAwMDAwMDAwMDAwMDAwMDE7aTozO2Q6MC42NzI4Mzk1MDYxNzI4Mzk1O31pOjE7YTo0OntpOjA7ZDowLjkwMDAwMDAwMDAwMDAwMDAyO2k6MTtkOjAuMTAwMDAwMDAwMDAwMDAwMDE7aToyO2Q6MC42NzI4Mzk1MDYxNzI4Mzk1O2k6MztkOjAuNTU0MzIwOTg3NjU0MzIxMDM7fWk6MjthOjQ6e2k6MDtkOjAuMTAwMDAwMDAwMDAwMDAwMDE7aToxO2Q6MC42NzI4Mzk1MDYxNzI4Mzk1O2k6MjtkOjAuNTU0MzIwOTg3NjU0MzIxMDM7aTozO2Q6MC44NjA0OTM4MjcxNjA0OTM4Mzt9fXM6MTQ6ImRhdGFfdHJhaW5fb3V0IjthOjM6e2k6MDtzOjI6Ijg4IjtpOjE7czoyOiI3NiI7aToyO3M6MzoiMTA3Ijt9czoyNDoidWppX2RhdGFfdHJhaW5fcHJlZGljdGVkIjthOjM6e2k6MDtkOjcxO2k6MTtkOjc2O2k6MjtkOjcxO31zOjM6Im1zZSI7ZDo1LjQ0MDIyNTc3MjQ2Njc3NjlFLTY7czoxMjoidWppX2RhdGFfdWppIjthOjQ6e2k6MDtzOjI6Ijg4IjtpOjE7czoyOiI3NiI7aToyO3M6MzoiMTA3IjtpOjQ7ZDo2OS44MDcxMDc5Mzk5NzU2MjM7fXM6MTQ6Imhhc2lsX3ByZWRpa3NpIjtkOjcwO31pOjIwO2E6Nzp7czoxMDoiZGF0YV90cmFpbiI7YTozOntpOjA7YTo0OntpOjA7czoxOiIwIjtpOjE7czoxOiIwIjtpOjI7czoxOiIwIjtpOjM7czoyOiI0NSI7fWk6MTthOjQ6e2k6MDtzOjE6IjAiO2k6MTtzOjE6IjAiO2k6MjtzOjI6IjQ1IjtpOjM7czozOiIxMTIiO31pOjI7YTo0OntpOjA7czoxOiIwIjtpOjE7czoyOiI0NSI7aToyO3M6MzoiMTEyIjtpOjM7czozOiIxMDEiO319czoxNzoiZGF0YV90cmFpbl9zY2FsZWQiO2E6Mzp7aTowO2E6NDp7aTowO2Q6MC4xMDAwMDAwMDAwMDAwMDAwMTtpOjE7ZDowLjEwMDAwMDAwMDAwMDAwMDAxO2k6MjtkOjAuMTAwMDAwMDAwMDAwMDAwMDE7aTozO2Q6MC40MjE0Mjg1NzE0Mjg1NzE0OTt9aToxO2E6NDp7aTowO2Q6MC4xMDAwMDAwMDAwMDAwMDAwMTtpOjE7ZDowLjEwMDAwMDAwMDAwMDAwMDAxO2k6MjtkOjAuNDIxNDI4NTcxNDI4NTcxNDk7aTozO2Q6MC45MDAwMDAwMDAwMDAwMDAwMjt9aToyO2E6NDp7aTowO2Q6MC4xMDAwMDAwMDAwMDAwMDAwMTtpOjE7ZDowLjQyMTQyODU3MTQyODU3MTQ5O2k6MjtkOjAuOTAwMDAwMDAwMDAwMDAwMDI7aTozO2Q6MC44MjE0Mjg1NzE0Mjg1NzE1MTt9fXM6MTQ6ImRhdGFfdHJhaW5fb3V0IjthOjM6e2k6MDtzOjI6IjQ1IjtpOjE7czozOiIxMTIiO2k6MjtzOjM6IjEwMSI7fXM6MjQ6InVqaV9kYXRhX3RyYWluX3ByZWRpY3RlZCI7YTozOntpOjA7ZDo0NjtpOjE7ZDo0ODtpOjI7ZDo1Njt9czozOiJtc2UiO2Q6Ni45MDQxMTE3NDM1MjUxNjA5RS02O3M6MTI6InVqaV9kYXRhX3VqaSI7YTo0OntpOjA7czoyOiI0NSI7aToxO3M6MzoiMTEyIjtpOjI7czozOiIxMDEiO2k6NDtkOjU0Ljk4ODQzOTM0MTk0NTY7fXM6MTQ6Imhhc2lsX3ByZWRpa3NpIjtkOjU1O31pOjIxO2E6Nzp7czoxMDoiZGF0YV90cmFpbiI7YTozOntpOjA7YTo0OntpOjA7czoxOiIwIjtpOjE7czoxOiIwIjtpOjI7czoxOiIwIjtpOjM7czoxOiIwIjt9aToxO2E6NDp7aTowO3M6MToiMCI7aToxO3M6MToiMCI7aToyO3M6MToiMCI7aTozO3M6MToiMCI7fWk6MjthOjQ6e2k6MDtzOjE6IjAiO2k6MTtzOjE6IjAiO2k6MjtzOjE6IjAiO2k6MztzOjI6IjE2Ijt9fXM6MTc6ImRhdGFfdHJhaW5fc2NhbGVkIjthOjM6e2k6MDthOjQ6e2k6MDtkOjAuMTAwMDAwMDAwMDAwMDAwMDE7aToxO2Q6MC4xMDAwMDAwMDAwMDAwMDAwMTtpOjI7ZDowLjEwMDAwMDAwMDAwMDAwMDAxO2k6MztkOjAuMTAwMDAwMDAwMDAwMDAwMDE7fWk6MTthOjQ6e2k6MDtkOjAuMTAwMDAwMDAwMDAwMDAwMDE7aToxO2Q6MC4xMDAwMDAwMDAwMDAwMDAwMTtpOjI7ZDowLjEwMDAwMDAwMDAwMDAwMDAxO2k6MztkOjAuMTAwMDAwMDAwMDAwMDAwMDE7fWk6MjthOjQ6e2k6MDtkOjAuMTAwMDAwMDAwMDAwMDAwMDE7aToxO2Q6MC4xMDAwMDAwMDAwMDAwMDAwMTtpOjI7ZDowLjEwMDAwMDAwMDAwMDAwMDAxO2k6MztkOjAuMTc5NTAzMTA1NTkwMDYyMTE7fX1zOjE0OiJkYXRhX3RyYWluX291dCI7YTozOntpOjA7czoxOiIwIjtpOjE7czoxOiIwIjtpOjI7czoyOiIxNiI7fXM6MjQ6InVqaV9kYXRhX3RyYWluX3ByZWRpY3RlZCI7YTozOntpOjA7ZDoxNztpOjE7ZDoxNztpOjI7ZDoxNzt9czozOiJtc2UiO2Q6NC43MTQwNDU0Mjc2MDMxNDkxRS02O3M6MTI6InVqaV9kYXRhX3VqaSI7YTo0OntpOjA7czoxOiIwIjtpOjE7czoxOiIwIjtpOjI7czoyOiIxNiI7aTo0O2Q6MTYuNDIzMjEyNjUzNzA5ODI1O31zOjE0OiJoYXNpbF9wcmVkaWtzaSI7ZDoxNjt9aToyMjthOjc6e3M6MTA6ImRhdGFfdHJhaW4iO2E6Mzp7aTowO2E6NDp7aTowO3M6MjoiNjkiO2k6MTtzOjI6Ijc1IjtpOjI7czoyOiI4MyI7aTozO3M6MjoiOTgiO31pOjE7YTo0OntpOjA7czoyOiI3NSI7aToxO3M6MjoiODMiO2k6MjtzOjI6Ijk4IjtpOjM7czozOiIxNDciO31pOjI7YTo0OntpOjA7czoyOiI4MyI7aToxO3M6MjoiOTgiO2k6MjtzOjM6IjE0NyI7aTozO3M6MjoiODYiO319czoxNzoiZGF0YV90cmFpbl9zY2FsZWQiO2E6Mzp7aTowO2E6NDp7aTowO2Q6MC4xMDAwMDAwMDAwMDAwMDAwMTtpOjE7ZDowLjE2MTUzODQ2MTUzODQ2MTU1O2k6MjtkOjAuMjQzNTg5NzQzNTg5NzQzNjE7aTozO2Q6MC4zOTc0MzU4OTc0MzU4OTc0Nzt9aToxO2E6NDp7aTowO2Q6MC4xNjE1Mzg0NjE1Mzg0NjE1NTtpOjE7ZDowLjI0MzU4OTc0MzU4OTc0MzYxO2k6MjtkOjAuMzk3NDM1ODk3NDM1ODk3NDc7aTozO2Q6MC45MDAwMDAwMDAwMDAwMDAwMjt9aToyO2E6NDp7aTowO2Q6MC4yNDM1ODk3NDM1ODk3NDM2MTtpOjE7ZDowLjM5NzQzNTg5NzQzNTg5NzQ3O2k6MjtkOjAuOTAwMDAwMDAwMDAwMDAwMDI7aTozO2Q6MC4yNzQzNTg5NzQzNTg5NzQzODt9fXM6MTQ6ImRhdGFfdHJhaW5fb3V0IjthOjM6e2k6MDtzOjI6Ijk4IjtpOjE7czozOiIxNDciO2k6MjtzOjI6Ijg2Ijt9czoyNDoidWppX2RhdGFfdHJhaW5fcHJlZGljdGVkIjthOjM6e2k6MDtkOjk4O2k6MTtkOjk5O2k6MjtkOjEwMjt9czozOiJtc2UiO2Q6MS4wMzU5NDg1MjIyNTA1MzUxRS03O3M6MTI6InVqaV9kYXRhX3VqaSI7YTo0OntpOjA7czoyOiI5OCI7aToxO3M6MzoiMTQ3IjtpOjI7czoyOiI4NiI7aTo0O2Q6MTAxLjI5MDg5MzI3NDgwNjM0O31zOjE0OiJoYXNpbF9wcmVkaWtzaSI7ZDoxMDE7fWk6MjM7YTo3OntzOjEwOiJkYXRhX3RyYWluIjthOjM6e2k6MDthOjQ6e2k6MDtzOjE6IjAiO2k6MTtzOjE6IjAiO2k6MjtzOjE6IjAiO2k6MztzOjI6IjY0Ijt9aToxO2E6NDp7aTowO3M6MToiMCI7aToxO3M6MToiMCI7aToyO3M6MjoiNjQiO2k6MztzOjM6IjEzNCI7fWk6MjthOjQ6e2k6MDtzOjE6IjAiO2k6MTtzOjI6IjY0IjtpOjI7czozOiIxMzQiO2k6MztzOjI6Ijk0Ijt9fXM6MTc6ImRhdGFfdHJhaW5fc2NhbGVkIjthOjM6e2k6MDthOjQ6e2k6MDtkOjAuMTAwMDAwMDAwMDAwMDAwMDE7aToxO2Q6MC4xMDAwMDAwMDAwMDAwMDAwMTtpOjI7ZDowLjEwMDAwMDAwMDAwMDAwMDAxO2k6MztkOjAuNDgyMDg5NTUyMjM4ODA2MDE7fWk6MTthOjQ6e2k6MDtkOjAuMTAwMDAwMDAwMDAwMDAwMDE7aToxO2Q6MC4xMDAwMDAwMDAwMDAwMDAwMTtpOjI7ZDowLjQ4MjA4OTU1MjIzODgwNjAxO2k6MztkOjAuOTAwMDAwMDAwMDAwMDAwMDI7fWk6MjthOjQ6e2k6MDtkOjAuMTAwMDAwMDAwMDAwMDAwMDE7aToxO2Q6MC40ODIwODk1NTIyMzg4MDYwMTtpOjI7ZDowLjkwMDAwMDAwMDAwMDAwMDAyO2k6MztkOjAuNjYxMTk0MDI5ODUwNzQ2Mjc7fX1zOjE0OiJkYXRhX3RyYWluX291dCI7YTozOntpOjA7czoyOiI2NCI7aToxO3M6MzoiMTM0IjtpOjI7czoyOiI5NCI7fXM6MjQ6InVqaV9kYXRhX3RyYWluX3ByZWRpY3RlZCI7YTozOntpOjA7ZDo2NDtpOjE7ZDo2NjtpOjI7ZDo3Mjt9czozOiJtc2UiO2Q6Mi41ODg5MjE3NjU2MDEwNDA5RS04O3M6MTI6InVqaV9kYXRhX3VqaSI7YTo0OntpOjA7czoyOiI2NCI7aToxO3M6MzoiMTM0IjtpOjI7czoyOiI5NCI7aTo0O2Q6NzEuMTYxNDI1NDMwMzUwNDM0O31zOjE0OiJoYXNpbF9wcmVkaWtzaSI7ZDo3MTt9aToyNDthOjc6e3M6MTA6ImRhdGFfdHJhaW4iO2E6Mzp7aTowO2E6NDp7aTowO3M6MjoiOTAiO2k6MTtzOjI6IjQzIjtpOjI7czoyOiI1MSI7aTozO3M6MjoiNzIiO31pOjE7YTo0OntpOjA7czoyOiI0MyI7aToxO3M6MjoiNTEiO2k6MjtzOjI6IjcyIjtpOjM7czoyOiI2MiI7fWk6MjthOjQ6e2k6MDtzOjI6IjUxIjtpOjE7czoyOiI3MiI7aToyO3M6MjoiNjIiO2k6MztzOjM6IjE4NSI7fX1zOjE3OiJkYXRhX3RyYWluX3NjYWxlZCI7YTozOntpOjA7YTo0OntpOjA7ZDowLjM2NDc4ODczMjM5NDM2NjI3O2k6MTtkOjAuMTAwMDAwMDAwMDAwMDAwMDE7aToyO2Q6MC4xNDUwNzA0MjI1MzUyMTEyNztpOjM7ZDowLjI2MzM4MDI4MTY5MDE0MDgzO31pOjE7YTo0OntpOjA7ZDowLjEwMDAwMDAwMDAwMDAwMDAxO2k6MTtkOjAuMTQ1MDcwNDIyNTM1MjExMjc7aToyO2Q6MC4yNjMzODAyODE2OTAxNDA4MztpOjM7ZDowLjIwNzA0MjI1MzUyMTEyNjc2O31pOjI7YTo0OntpOjA7ZDowLjE0NTA3MDQyMjUzNTIxMTI3O2k6MTtkOjAuMjYzMzgwMjgxNjkwMTQwODM7aToyO2Q6MC4yMDcwNDIyNTM1MjExMjY3NjtpOjM7ZDowLjkwMDAwMDAwMDAwMDAwMDAyO319czoxNDoiZGF0YV90cmFpbl9vdXQiO2E6Mzp7aTowO3M6MjoiNzIiO2k6MTtzOjI6IjYyIjtpOjI7czozOiIxODUiO31zOjI0OiJ1amlfZGF0YV90cmFpbl9wcmVkaWN0ZWQiO2E6Mzp7aTowO2Q6NzM7aToxO2Q6OTg7aToyO2Q6MTQ5O31zOjM6Im1zZSI7ZDo5Ljg0MTk0MzMyNTUwNDEwNUUtNjtzOjEyOiJ1amlfZGF0YV91amkiO2E6NDp7aTowO3M6MjoiNzIiO2k6MTtzOjI6IjYyIjtpOjI7czozOiIxODUiO2k6NDtkOjE1NC42OTMyNTI0OTc5Mzc3ODt9czoxNDoiaGFzaWxfcHJlZGlrc2kiO2Q6MTU1O31pOjI1O2E6Nzp7czoxMDoiZGF0YV90cmFpbiI7YTozOntpOjA7YTo0OntpOjA7czoyOiI5NCI7aToxO3M6MjoiMzciO2k6MjtzOjI6IjYyIjtpOjM7czoyOiI1OSI7fWk6MTthOjQ6e2k6MDtzOjI6IjM3IjtpOjE7czoyOiI2MiI7aToyO3M6MjoiNTkiO2k6MztzOjI6IjYxIjt9aToyO2E6NDp7aTowO3M6MjoiNjIiO2k6MTtzOjI6IjU5IjtpOjI7czoyOiI2MSI7aTozO3M6MzoiMTA2Ijt9fXM6MTc6ImRhdGFfdHJhaW5fc2NhbGVkIjthOjM6e2k6MDthOjQ6e2k6MDtkOjAuNzYwODY5NTY1MjE3MzkxMzU7aToxO2Q6MC4xMDAwMDAwMDAwMDAwMDAwMTtpOjI7ZDowLjM4OTg1NTA3MjQ2Mzc2ODE2O2k6MztkOjAuMzU1MDcyNDYzNzY4MTE1OTY7fWk6MTthOjQ6e2k6MDtkOjAuMTAwMDAwMDAwMDAwMDAwMDE7aToxO2Q6MC4zODk4NTUwNzI0NjM3NjgxNjtpOjI7ZDowLjM1NTA3MjQ2Mzc2ODExNTk2O2k6MztkOjAuMzc4MjYwODY5NTY1MjE3NDM7fWk6MjthOjQ6e2k6MDtkOjAuMzg5ODU1MDcyNDYzNzY4MTY7aToxO2Q6MC4zNTUwNzI0NjM3NjgxMTU5NjtpOjI7ZDowLjM3ODI2MDg2OTU2NTIxNzQzO2k6MztkOjAuOTAwMDAwMDAwMDAwMDAwMDI7fX1zOjE0OiJkYXRhX3RyYWluX291dCI7YTozOntpOjA7czoyOiI1OSI7aToxO3M6MjoiNjEiO2k6MjtzOjM6IjEwNiI7fXM6MjQ6InVqaV9kYXRhX3RyYWluX3ByZWRpY3RlZCI7YTozOntpOjA7ZDo2MztpOjE7ZDo2MTtpOjI7ZDo2Mjt9czozOiJtc2UiO2Q6Mi4xMDE2NTMzNTQ1NTA2NzUzRS02O3M6MTI6InVqaV9kYXRhX3VqaSI7YTo0OntpOjA7czoyOiI1OSI7aToxO3M6MjoiNjEiO2k6MjtzOjM6IjEwNiI7aTo0O2Q6NjAuMzg5OTAyMDc5MjE1NjMxO31zOjE0OiJoYXNpbF9wcmVkaWtzaSI7ZDo2MDt9aToyNjthOjc6e3M6MTA6ImRhdGFfdHJhaW4iO2E6Mzp7aTowO2E6NDp7aTowO3M6MToiMCI7aToxO3M6MToiMCI7aToyO3M6MToiMCI7aTozO3M6MjoiMzQiO31pOjE7YTo0OntpOjA7czoxOiIwIjtpOjE7czoxOiIwIjtpOjI7czoyOiIzNCI7aTozO3M6MjoiNzMiO31pOjI7YTo0OntpOjA7czoxOiIwIjtpOjE7czoyOiIzNCI7aToyO3M6MjoiNzMiO2k6MztzOjM6IjEwNyI7fX1zOjE3OiJkYXRhX3RyYWluX3NjYWxlZCI7YTozOntpOjA7YTo0OntpOjA7ZDowLjEwMDAwMDAwMDAwMDAwMDAxO2k6MTtkOjAuMTAwMDAwMDAwMDAwMDAwMDE7aToyO2Q6MC4xMDAwMDAwMDAwMDAwMDAwMTtpOjM7ZDowLjM1NDIwNTYwNzQ3NjYzNTU0O31pOjE7YTo0OntpOjA7ZDowLjEwMDAwMDAwMDAwMDAwMDAxO2k6MTtkOjAuMTAwMDAwMDAwMDAwMDAwMDE7aToyO2Q6MC4zNTQyMDU2MDc0NzY2MzU1NDtpOjM7ZDowLjY0NTc5NDM5MjUyMzM2NDQ2O31pOjI7YTo0OntpOjA7ZDowLjEwMDAwMDAwMDAwMDAwMDAxO2k6MTtkOjAuMzU0MjA1NjA3NDc2NjM1NTQ7aToyO2Q6MC42NDU3OTQzOTI1MjMzNjQ0NjtpOjM7ZDowLjkwMDAwMDAwMDAwMDAwMDAyO319czoxNDoiZGF0YV90cmFpbl9vdXQiO2E6Mzp7aTowO3M6MjoiMzQiO2k6MTtzOjI6IjczIjtpOjI7czozOiIxMDciO31zOjI0OiJ1amlfZGF0YV90cmFpbl9wcmVkaWN0ZWQiO2E6Mzp7aTowO2Q6Mzc7aToxO2Q6NzE7aToyO2Q6MTA2O31zOjM6Im1zZSI7ZDo5Ljk0MDkxMjI1NDc4MjM4NTRFLTY7czoxMjoidWppX2RhdGFfdWppIjthOjQ6e2k6MDtzOjI6IjM0IjtpOjE7czoyOiI3MyI7aToyO3M6MzoiMTA3IjtpOjQ7ZDoxMDUuOTg1NzEyMzUzMTYxMjY7fXM6MTQ6Imhhc2lsX3ByZWRpa3NpIjtkOjEwNjt9aToyNzthOjc6e3M6MTA6ImRhdGFfdHJhaW4iO2E6Mzp7aTowO2E6NDp7aTowO3M6MjoiNzAiO2k6MTtzOjI6Ijg3IjtpOjI7czozOiIxNDIiO2k6MztzOjI6IjY1Ijt9aToxO2E6NDp7aTowO3M6MjoiODciO2k6MTtzOjM6IjE0MiI7aToyO3M6MjoiNjUiO2k6MztzOjM6IjE3NSI7fWk6MjthOjQ6e2k6MDtzOjM6IjE0MiI7aToxO3M6MjoiNjUiO2k6MjtzOjM6IjE3NSI7aTozO3M6MzoiMTYwIjt9fXM6MTc6ImRhdGFfdHJhaW5fc2NhbGVkIjthOjM6e2k6MDthOjQ6e2k6MDtkOjAuMTM2MzYzNjM2MzYzNjM2Mzg7aToxO2Q6MC4yNjAwMDAwMDAwMDAwMDAwMTtpOjI7ZDowLjY1OTk5OTk5OTk5OTk5OTkyO2k6MztkOjAuMTAwMDAwMDAwMDAwMDAwMDE7fWk6MTthOjQ6e2k6MDtkOjAuMjYwMDAwMDAwMDAwMDAwMDE7aToxO2Q6MC42NTk5OTk5OTk5OTk5OTk5MjtpOjI7ZDowLjEwMDAwMDAwMDAwMDAwMDAxO2k6MztkOjAuOTAwMDAwMDAwMDAwMDAwMDI7fWk6MjthOjQ6e2k6MDtkOjAuNjU5OTk5OTk5OTk5OTk5OTI7aToxO2Q6MC4xMDAwMDAwMDAwMDAwMDAwMTtpOjI7ZDowLjkwMDAwMDAwMDAwMDAwMDAyO2k6MztkOjAuNzkwOTA5MDkwOTA5MDkwODk7fX1zOjE0OiJkYXRhX3RyYWluX291dCI7YTozOntpOjA7czoyOiI2NSI7aToxO3M6MzoiMTc1IjtpOjI7czozOiIxNjAiO31zOjI0OiJ1amlfZGF0YV90cmFpbl9wcmVkaWN0ZWQiO2E6Mzp7aTowO2Q6Njg7aToxO2Q6MTc0O2k6MjtkOjE1OTt9czozOiJtc2UiO2Q6OS45OTkwMTA5NzM2OTg0NTY4RS02O3M6MTI6InVqaV9kYXRhX3VqaSI7YTo0OntpOjA7czoyOiI2NSI7aToxO3M6MzoiMTc1IjtpOjI7czozOiIxNjAiO2k6NDtkOjU1Ljk3MjU4NTAxOTY3MjA0Njt9czoxNDoiaGFzaWxfcHJlZGlrc2kiO2Q6NTY7fWk6Mjg7YTo3OntzOjEwOiJkYXRhX3RyYWluIjthOjM6e2k6MDthOjQ6e2k6MDtzOjI6IjE1IjtpOjE7czoyOiIxOCI7aToyO3M6MjoiMTUiO2k6MztzOjE6IjUiO31pOjE7YTo0OntpOjA7czoyOiIxOCI7aToxO3M6MjoiMTUiO2k6MjtzOjE6IjUiO2k6MztzOjI6IjE3Ijt9aToyO2E6NDp7aTowO3M6MjoiMTUiO2k6MTtzOjE6IjUiO2k6MjtzOjI6IjE3IjtpOjM7czoyOiIyOCI7fX1zOjE3OiJkYXRhX3RyYWluX3NjYWxlZCI7YTozOntpOjA7YTo0OntpOjA7ZDowLjQ0NzgyNjA4Njk1NjUyMTcxO2k6MTtkOjAuNTUyMTczOTEzMDQzNDc4Mjk7aToyO2Q6MC40NDc4MjYwODY5NTY1MjE3MTtpOjM7ZDowLjEwMDAwMDAwMDAwMDAwMDAxO31pOjE7YTo0OntpOjA7ZDowLjU1MjE3MzkxMzA0MzQ3ODI5O2k6MTtkOjAuNDQ3ODI2MDg2OTU2NTIxNzE7aToyO2Q6MC4xMDAwMDAwMDAwMDAwMDAwMTtpOjM7ZDowLjUxNzM5MTMwNDM0NzgyNjE7fWk6MjthOjQ6e2k6MDtkOjAuNDQ3ODI2MDg2OTU2NTIxNzE7aToxO2Q6MC4xMDAwMDAwMDAwMDAwMDAwMTtpOjI7ZDowLjUxNzM5MTMwNDM0NzgyNjE7aTozO2Q6MC45MDAwMDAwMDAwMDAwMDAwMjt9fXM6MTQ6ImRhdGFfdHJhaW5fb3V0IjthOjM6e2k6MDtzOjE6IjUiO2k6MTtzOjI6IjE3IjtpOjI7czoyOiIyOCI7fXM6MjQ6InVqaV9kYXRhX3RyYWluX3ByZWRpY3RlZCI7YTozOntpOjA7ZDo2O2k6MTtkOjE3O2k6MjtkOjI4O31zOjM6Im1zZSI7ZDo5Ljk4NTUzNTI1OTY5NTM2MkUtNjtzOjEyOiJ1amlfZGF0YV91amkiO2E6NDp7aTowO3M6MToiNSI7aToxO3M6MjoiMTciO2k6MjtzOjI6IjI4IjtpOjQ7ZDoyMC4yNDk5ODQxNjk1MDk0NDI7fXM6MTQ6Imhhc2lsX3ByZWRpa3NpIjtkOjIwO31pOjI5O2E6Nzp7czoxMDoiZGF0YV90cmFpbiI7YTozOntpOjA7YTo0OntpOjA7czoxOiIwIjtpOjE7czoxOiIwIjtpOjI7czoxOiIwIjtpOjM7czoyOiIyNSI7fWk6MTthOjQ6e2k6MDtzOjE6IjAiO2k6MTtzOjE6IjAiO2k6MjtzOjI6IjI1IjtpOjM7czoyOiIyOCI7fWk6MjthOjQ6e2k6MDtzOjE6IjAiO2k6MTtzOjI6IjI1IjtpOjI7czoyOiIyOCI7aTozO3M6MzoiMTEzIjt9fXM6MTc6ImRhdGFfdHJhaW5fc2NhbGVkIjthOjM6e2k6MDthOjQ6e2k6MDtkOjAuMTAwMDAwMDAwMDAwMDAwMDE7aToxO2Q6MC4xMDAwMDAwMDAwMDAwMDAwMTtpOjI7ZDowLjEwMDAwMDAwMDAwMDAwMDAxO2k6MztkOjAuMjc2OTkxMTUwNDQyNDc3OTE7fWk6MTthOjQ6e2k6MDtkOjAuMTAwMDAwMDAwMDAwMDAwMDE7aToxO2Q6MC4xMDAwMDAwMDAwMDAwMDAwMTtpOjI7ZDowLjI3Njk5MTE1MDQ0MjQ3NzkxO2k6MztkOjAuMjk4MjMwMDg4NDk1NTc1Mjt9aToyO2E6NDp7aTowO2Q6MC4xMDAwMDAwMDAwMDAwMDAwMTtpOjE7ZDowLjI3Njk5MTE1MDQ0MjQ3NzkxO2k6MjtkOjAuMjk4MjMwMDg4NDk1NTc1MjtpOjM7ZDowLjkwMDAwMDAwMDAwMDAwMDAyO319czoxNDoiZGF0YV90cmFpbl9vdXQiO2E6Mzp7aTowO3M6MjoiMjUiO2k6MTtzOjI6IjI4IjtpOjI7czozOiIxMTMiO31zOjI0OiJ1amlfZGF0YV90cmFpbl9wcmVkaWN0ZWQiO2E6Mzp7aTowO2Q6MjY7aToxO2Q6NDc7aToyO2Q6OTE7fXM6MzoibXNlIjtkOjkuNzIyNTM2MjQyNDQyNTc4NkUtNjtzOjEyOiJ1amlfZGF0YV91amkiO2E6NDp7aTowO3M6MjoiMjUiO2k6MTtzOjI6IjI4IjtpOjI7czozOiIxMTMiO2k6NDtkOjg4Ljc4MzIzMzQ1OTcxMjQzNDt9czoxNDoiaGFzaWxfcHJlZGlrc2kiO2Q6ODk7fWk6MzA7YTo3OntzOjEwOiJkYXRhX3RyYWluIjthOjM6e2k6MDthOjQ6e2k6MDtzOjI6IjM0IjtpOjE7czoxOiIwIjtpOjI7czoxOiIwIjtpOjM7czoyOiIzOCI7fWk6MTthOjQ6e2k6MDtzOjE6IjAiO2k6MTtzOjE6IjAiO2k6MjtzOjI6IjM4IjtpOjM7czoxOiIwIjt9aToyO2E6NDp7aTowO3M6MToiMCI7aToxO3M6MjoiMzgiO2k6MjtzOjE6IjAiO2k6MztzOjI6IjExIjt9fXM6MTc6ImRhdGFfdHJhaW5fc2NhbGVkIjthOjM6e2k6MDthOjQ6e2k6MDtkOjAuMzQwNzA3OTY0NjAxNzY5OTQ7aToxO2Q6MC4xMDAwMDAwMDAwMDAwMDAwMTtpOjI7ZDowLjEwMDAwMDAwMDAwMDAwMDAxO2k6MztkOjAuMzY5MDI2NTQ4NjcyNTY2NDY7fWk6MTthOjQ6e2k6MDtkOjAuMTAwMDAwMDAwMDAwMDAwMDE7aToxO2Q6MC4xMDAwMDAwMDAwMDAwMDAwMTtpOjI7ZDowLjM2OTAyNjU0ODY3MjU2NjQ2O2k6MztkOjAuMTAwMDAwMDAwMDAwMDAwMDE7fWk6MjthOjQ6e2k6MDtkOjAuMTAwMDAwMDAwMDAwMDAwMDE7aToxO2Q6MC4zNjkwMjY1NDg2NzI1NjY0NjtpOjI7ZDowLjEwMDAwMDAwMDAwMDAwMDAxO2k6MztkOjAuMTc3ODc2MTA2MTk0NjkwMjc7fX1zOjE0OiJkYXRhX3RyYWluX291dCI7YTozOntpOjA7czoyOiIzOCI7aToxO3M6MToiMCI7aToyO3M6MjoiMTEiO31zOjI0OiJ1amlfZGF0YV90cmFpbl9wcmVkaWN0ZWQiO2E6Mzp7aTowO2Q6Mzk7aToxO2Q6Mzk7aToyO2Q6Mzk7fXM6MzoibXNlIjtkOjYuODAxODA2Mjg4OTgwNjM2OUUtNjtzOjEyOiJ1amlfZGF0YV91amkiO2E6NDp7aTowO3M6MjoiMzgiO2k6MTtzOjE6IjAiO2k6MjtzOjI6IjExIjtpOjQ7ZDozOC42NDg2ODQ2NjUxNzAzMjk7fXM6MTQ6Imhhc2lsX3ByZWRpa3NpIjtkOjM5O31pOjMxO2E6Nzp7czoxMDoiZGF0YV90cmFpbiI7YTozOntpOjA7YTo0OntpOjA7czoyOiIxNCI7aToxO3M6MjoiNDIiO2k6MjtzOjI6IjE2IjtpOjM7czoxOiI5Ijt9aToxO2E6NDp7aTowO3M6MjoiNDIiO2k6MTtzOjI6IjE2IjtpOjI7czoxOiI5IjtpOjM7czoyOiIxOCI7fWk6MjthOjQ6e2k6MDtzOjI6IjE2IjtpOjE7czoxOiI5IjtpOjI7czoyOiIxOCI7aTozO3M6MjoiMTkiO319czoxNzoiZGF0YV90cmFpbl9zY2FsZWQiO2E6Mzp7aTowO2E6NDp7aTowO2Q6MC4yMjEyMTIxMjEyMTIxMjEyMjtpOjE7ZDowLjkwMDAwMDAwMDAwMDAwMDAyO2k6MjtkOjAuMjY5Njk2OTY5Njk2OTY5NzE7aTozO2Q6MC4xMDAwMDAwMDAwMDAwMDAwMTt9aToxO2E6NDp7aTowO2Q6MC45MDAwMDAwMDAwMDAwMDAwMjtpOjE7ZDowLjI2OTY5Njk2OTY5Njk2OTcxO2k6MjtkOjAuMTAwMDAwMDAwMDAwMDAwMDE7aTozO2Q6MC4zMTgxODE4MTgxODE4MTgxODt9aToyO2E6NDp7aTowO2Q6MC4yNjk2OTY5Njk2OTY5Njk3MTtpOjE7ZDowLjEwMDAwMDAwMDAwMDAwMDAxO2k6MjtkOjAuMzE4MTgxODE4MTgxODE4MTg7aTozO2Q6MC4zNDI0MjQyNDI0MjQyNDI0MTt9fXM6MTQ6ImRhdGFfdHJhaW5fb3V0IjthOjM6e2k6MDtzOjE6IjkiO2k6MTtzOjI6IjE4IjtpOjI7czoyOiIxOSI7fXM6MjQ6InVqaV9kYXRhX3RyYWluX3ByZWRpY3RlZCI7YTozOntpOjA7ZDoyMDtpOjE7ZDoyMDtpOjI7ZDoxOTt9czozOiJtc2UiO2Q6OC42NzMyMTM4MTczNDI3MDY4RS02O3M6MTI6InVqaV9kYXRhX3VqaSI7YTo0OntpOjA7czoxOiI5IjtpOjE7czoyOiIxOCI7aToyO3M6MjoiMTkiO2k6NDtkOjE4LjY5NTY5MTAwNjAxNjkyOTt9czoxNDoiaGFzaWxfcHJlZGlrc2kiO2Q6MTk7fWk6MzI7YTo3OntzOjEwOiJkYXRhX3RyYWluIjthOjM6e2k6MDthOjQ6e2k6MDtzOjE6IjAiO2k6MTtzOjE6IjAiO2k6MjtzOjE6IjAiO2k6MztzOjI6IjQwIjt9aToxO2E6NDp7aTowO3M6MToiMCI7aToxO3M6MToiMCI7aToyO3M6MjoiNDAiO2k6MztzOjI6IjUzIjt9aToyO2E6NDp7aTowO3M6MToiMCI7aToxO3M6MjoiNDAiO2k6MjtzOjI6IjUzIjtpOjM7czozOiIxMDEiO319czoxNzoiZGF0YV90cmFpbl9zY2FsZWQiO2E6Mzp7aTowO2E6NDp7aTowO2Q6MC4xMDAwMDAwMDAwMDAwMDAwMTtpOjE7ZDowLjEwMDAwMDAwMDAwMDAwMDAxO2k6MjtkOjAuMTAwMDAwMDAwMDAwMDAwMDE7aTozO2Q6MC40MTY4MzE2ODMxNjgzMTY4Nzt9aToxO2E6NDp7aTowO2Q6MC4xMDAwMDAwMDAwMDAwMDAwMTtpOjE7ZDowLjEwMDAwMDAwMDAwMDAwMDAxO2k6MjtkOjAuNDE2ODMxNjgzMTY4MzE2ODc7aTozO2Q6MC41MTk4MDE5ODAxOTgwMTk4Mjt9aToyO2E6NDp7aTowO2Q6MC4xMDAwMDAwMDAwMDAwMDAwMTtpOjE7ZDowLjQxNjgzMTY4MzE2ODMxNjg3O2k6MjtkOjAuNTE5ODAxOTgwMTk4MDE5ODI7aTozO2Q6MC45MDAwMDAwMDAwMDAwMDAwMjt9fXM6MTQ6ImRhdGFfdHJhaW5fb3V0IjthOjM6e2k6MDtzOjI6IjQwIjtpOjE7czoyOiI1MyI7aToyO3M6MzoiMTAxIjt9czoyNDoidWppX2RhdGFfdHJhaW5fcHJlZGljdGVkIjthOjM6e2k6MDtkOjQwO2k6MTtkOjQyO2k6MjtkOjQ0O31zOjM6Im1zZSI7ZDozLjEwNDA5Njg3NjQ4NzIyMjRFLTY7czoxMjoidWppX2RhdGFfdWppIjthOjQ6e2k6MDtzOjI6IjQwIjtpOjE7czoyOiI1MyI7aToyO3M6MzoiMTAxIjtpOjQ7ZDo0My4xNjE5NjE3NDM3ODcyMDk7fXM6MTQ6Imhhc2lsX3ByZWRpa3NpIjtkOjQzO31pOjMzO2E6Nzp7czoxMDoiZGF0YV90cmFpbiI7YTozOntpOjA7YTo0OntpOjA7czoxOiIwIjtpOjE7czoxOiIwIjtpOjI7czoyOiI2MyI7aTozO3M6MjoiOTIiO31pOjE7YTo0OntpOjA7czoxOiIwIjtpOjE7czoyOiI2MyI7aToyO3M6MjoiOTIiO2k6MztzOjI6Ijg1Ijt9aToyO2E6NDp7aTowO3M6MjoiNjMiO2k6MTtzOjI6IjkyIjtpOjI7czoyOiI4NSI7aTozO3M6MzoiMTM3Ijt9fXM6MTc6ImRhdGFfdHJhaW5fc2NhbGVkIjthOjM6e2k6MDthOjQ6e2k6MDtkOjAuMTAwMDAwMDAwMDAwMDAwMDE7aToxO2Q6MC4xMDAwMDAwMDAwMDAwMDAwMTtpOjI7ZDowLjQ2Nzg4MzIxMTY3ODgzMjE4O2k6MztkOjAuNjM3MjI2Mjc3MzcyMjYyNzg7fWk6MTthOjQ6e2k6MDtkOjAuMTAwMDAwMDAwMDAwMDAwMDE7aToxO2Q6MC40Njc4ODMyMTE2Nzg4MzIxODtpOjI7ZDowLjYzNzIyNjI3NzM3MjI2Mjc4O2k6MztkOjAuNTk2MzUwMzY0OTYzNTAzNjk7fWk6MjthOjQ6e2k6MDtkOjAuNDY3ODgzMjExNjc4ODMyMTg7aToxO2Q6MC42MzcyMjYyNzczNzIyNjI3ODtpOjI7ZDowLjU5NjM1MDM2NDk2MzUwMzY5O2k6MztkOjAuOTAwMDAwMDAwMDAwMDAwMDI7fX1zOjE0OiJkYXRhX3RyYWluX291dCI7YTozOntpOjA7czoyOiI5MiI7aToxO3M6MjoiODUiO2k6MjtzOjM6IjEzNyI7fXM6MjQ6InVqaV9kYXRhX3RyYWluX3ByZWRpY3RlZCI7YTozOntpOjA7ZDo4MDtpOjE7ZDo4NTtpOjI7ZDo4ODt9czozOiJtc2UiO2Q6My4yMzA1NzgwMDQwNTE5NTM1RS02O3M6MTI6InVqaV9kYXRhX3VqaSI7YTo0OntpOjA7czoyOiI5MiI7aToxO3M6MjoiODUiO2k6MjtzOjM6IjEzNyI7aTo0O2Q6ODQuNzk1NzEwNzkwNjM0MjY7fXM6MTQ6Imhhc2lsX3ByZWRpa3NpIjtkOjg1O31pOjM0O2E6Nzp7czoxMDoiZGF0YV90cmFpbiI7YTozOntpOjA7YTo0OntpOjA7czoxOiIwIjtpOjE7czoxOiIwIjtpOjI7czoxOiIwIjtpOjM7czoyOiI5OCI7fWk6MTthOjQ6e2k6MDtzOjE6IjAiO2k6MTtzOjE6IjAiO2k6MjtzOjI6Ijk4IjtpOjM7czoyOiI0MyI7fWk6MjthOjQ6e2k6MDtzOjE6IjAiO2k6MTtzOjI6Ijk4IjtpOjI7czoyOiI0MyI7aTozO3M6MToiMCI7fX1zOjE3OiJkYXRhX3RyYWluX3NjYWxlZCI7YTozOntpOjA7YTo0OntpOjA7ZDowLjEwMDAwMDAwMDAwMDAwMDAxO2k6MTtkOjAuMTAwMDAwMDAwMDAwMDAwMDE7aToyO2Q6MC4xMDAwMDAwMDAwMDAwMDAwMTtpOjM7ZDowLjkwMDAwMDAwMDAwMDAwMDAyO31pOjE7YTo0OntpOjA7ZDowLjEwMDAwMDAwMDAwMDAwMDAxO2k6MTtkOjAuMTAwMDAwMDAwMDAwMDAwMDE7aToyO2Q6MC45MDAwMDAwMDAwMDAwMDAwMjtpOjM7ZDowLjQ1MTAyMDQwODE2MzI2NTI3O31pOjI7YTo0OntpOjA7ZDowLjEwMDAwMDAwMDAwMDAwMDAxO2k6MTtkOjAuOTAwMDAwMDAwMDAwMDAwMDI7aToyO2Q6MC40NTEwMjA0MDgxNjMyNjUyNztpOjM7ZDowLjEwMDAwMDAwMDAwMDAwMDAxO319czoxNDoiZGF0YV90cmFpbl9vdXQiO2E6Mzp7aTowO3M6MjoiOTgiO2k6MTtzOjI6IjQzIjtpOjI7czoxOiIwIjt9czoyNDoidWppX2RhdGFfdHJhaW5fcHJlZGljdGVkIjthOjM6e2k6MDtkOjQwO2k6MTtkOjQzO2k6MjtkOjQzO31zOjM6Im1zZSI7ZDozLjQ3NDg3ODQ3ODYyMDQyMDhFLTY7czoxMjoidWppX2RhdGFfdWppIjthOjQ6e2k6MDtzOjI6Ijk4IjtpOjE7czoyOiI0MyI7aToyO3M6MToiMCI7aTo0O2Q6NDIuMjI1MzE4ODQxNDk2OTQzO31zOjE0OiJoYXNpbF9wcmVkaWtzaSI7ZDo0Mjt9aTozNTthOjc6e3M6MTA6ImRhdGFfdHJhaW4iO2E6Mzp7aTowO2E6NDp7aTowO3M6MToiMCI7aToxO3M6MToiMCI7aToyO3M6MToiMCI7aTozO3M6MToiOSI7fWk6MTthOjQ6e2k6MDtzOjE6IjAiO2k6MTtzOjE6IjAiO2k6MjtzOjE6IjkiO2k6MztzOjI6IjI4Ijt9aToyO2E6NDp7aTowO3M6MToiMCI7aToxO3M6MToiOSI7aToyO3M6MjoiMjgiO2k6MztzOjI6IjQ2Ijt9fXM6MTc6ImRhdGFfdHJhaW5fc2NhbGVkIjthOjM6e2k6MDthOjQ6e2k6MDtkOjAuMTAwMDAwMDAwMDAwMDAwMDE7aToxO2Q6MC4xMDAwMDAwMDAwMDAwMDAwMTtpOjI7ZDowLjEwMDAwMDAwMDAwMDAwMDAxO2k6MztkOjAuMjU2NTIxNzM5MTMwNDM0ODt9aToxO2E6NDp7aTowO2Q6MC4xMDAwMDAwMDAwMDAwMDAwMTtpOjE7ZDowLjEwMDAwMDAwMDAwMDAwMDAxO2k6MjtkOjAuMjU2NTIxNzM5MTMwNDM0ODtpOjM7ZDowLjU4Njk1NjUyMTczOTEzMDQ5O31pOjI7YTo0OntpOjA7ZDowLjEwMDAwMDAwMDAwMDAwMDAxO2k6MTtkOjAuMjU2NTIxNzM5MTMwNDM0ODtpOjI7ZDowLjU4Njk1NjUyMTczOTEzMDQ5O2k6MztkOjAuOTAwMDAwMDAwMDAwMDAwMDI7fX1zOjE0OiJkYXRhX3RyYWluX291dCI7YTozOntpOjA7czoxOiI5IjtpOjE7czoyOiIyOCI7aToyO3M6MjoiNDYiO31zOjI0OiJ1amlfZGF0YV90cmFpbl9wcmVkaWN0ZWQiO2E6Mzp7aTowO2Q6MTQ7aToxO2Q6MjU7aToyO2Q6NDY7fXM6MzoibXNlIjtkOjkuODE3MDczMTA4MTI5MTYyMkUtNjtzOjEyOiJ1amlfZGF0YV91amkiO2E6NDp7aTowO3M6MToiOSI7aToxO3M6MjoiMjgiO2k6MjtzOjI6IjQ2IjtpOjQ7ZDo0NS4xNzYwNTU3OTY5MDU3ODY7fXM6MTQ6Imhhc2lsX3ByZWRpa3NpIjtkOjQ1O31pOjM2O2E6Nzp7czoxMDoiZGF0YV90cmFpbiI7YTozOntpOjA7YTo0OntpOjA7czozOiIxMDkiO2k6MTtzOjI6IjUzIjtpOjI7czoyOiI2MyI7aTozO3M6MjoiNTAiO31pOjE7YTo0OntpOjA7czoyOiI1MyI7aToxO3M6MjoiNjMiO2k6MjtzOjI6IjUwIjtpOjM7czoyOiIyNiI7fWk6MjthOjQ6e2k6MDtzOjI6IjYzIjtpOjE7czoyOiI1MCI7aToyO3M6MjoiMjYiO2k6MztzOjM6IjE0MyI7fX1zOjE3OiJkYXRhX3RyYWluX3NjYWxlZCI7YTozOntpOjA7YTo0OntpOjA7ZDowLjY2NzUyMTM2NzUyMTM2NzU5O2k6MTtkOjAuMjg0NjE1Mzg0NjE1Mzg0NjtpOjI7ZDowLjM1Mjk5MTQ1Mjk5MTQ1Mjk2O2k6MztkOjAuMjY0MTAyNTY0MTAyNTY0MTE7fWk6MTthOjQ6e2k6MDtkOjAuMjg0NjE1Mzg0NjE1Mzg0NjtpOjE7ZDowLjM1Mjk5MTQ1Mjk5MTQ1Mjk2O2k6MjtkOjAuMjY0MTAyNTY0MTAyNTY0MTE7aTozO2Q6MC4xMDAwMDAwMDAwMDAwMDAwMTt9aToyO2E6NDp7aTowO2Q6MC4zNTI5OTE0NTI5OTE0NTI5NjtpOjE7ZDowLjI2NDEwMjU2NDEwMjU2NDExO2k6MjtkOjAuMTAwMDAwMDAwMDAwMDAwMDE7aTozO2Q6MC45MDAwMDAwMDAwMDAwMDAwMjt9fXM6MTQ6ImRhdGFfdHJhaW5fb3V0IjthOjM6e2k6MDtzOjI6IjUwIjtpOjE7czoyOiIyNiI7aToyO3M6MzoiMTQzIjt9czoyNDoidWppX2RhdGFfdHJhaW5fcHJlZGljdGVkIjthOjM6e2k6MDtkOjUxO2k6MTtkOjYxO2k6MjtkOjExMDt9czozOiJtc2UiO2Q6OS45MjgwOTM4ODc4MjU2OTQ3RS02O3M6MTI6InVqaV9kYXRhX3VqaSI7YTo0OntpOjA7czoyOiI1MCI7aToxO3M6MjoiMjYiO2k6MjtzOjM6IjE0MyI7aTo0O2Q6MTA2LjcxOTQ1MDA0MzM2ODU3O31zOjE0OiJoYXNpbF9wcmVkaWtzaSI7ZDoxMDc7fWk6Mzc7YTo3OntzOjEwOiJkYXRhX3RyYWluIjthOjM6e2k6MDthOjQ6e2k6MDtzOjE6IjAiO2k6MTtzOjE6IjAiO2k6MjtzOjE6IjAiO2k6MztzOjI6IjUzIjt9aToxO2E6NDp7aTowO3M6MToiMCI7aToxO3M6MToiMCI7aToyO3M6MjoiNTMiO2k6MztzOjI6IjU3Ijt9aToyO2E6NDp7aTowO3M6MToiMCI7aToxO3M6MjoiNTMiO2k6MjtzOjI6IjU3IjtpOjM7czoyOiI1OSI7fX1zOjE3OiJkYXRhX3RyYWluX3NjYWxlZCI7YTozOntpOjA7YTo0OntpOjA7ZDowLjEwMDAwMDAwMDAwMDAwMDAxO2k6MTtkOjAuMTAwMDAwMDAwMDAwMDAwMDE7aToyO2Q6MC4xMDAwMDAwMDAwMDAwMDAwMTtpOjM7ZDowLjgxODY0NDA2Nzc5NjYxMDI1O31pOjE7YTo0OntpOjA7ZDowLjEwMDAwMDAwMDAwMDAwMDAxO2k6MTtkOjAuMTAwMDAwMDAwMDAwMDAwMDE7aToyO2Q6MC44MTg2NDQwNjc3OTY2MTAyNTtpOjM7ZDowLjg3Mjg4MTM1NTkzMjIwMzQ7fWk6MjthOjQ6e2k6MDtkOjAuMTAwMDAwMDAwMDAwMDAwMDE7aToxO2Q6MC44MTg2NDQwNjc3OTY2MTAyNTtpOjI7ZDowLjg3Mjg4MTM1NTkzMjIwMzQ7aTozO2Q6MC45MDAwMDAwMDAwMDAwMDAwMjt9fXM6MTQ6ImRhdGFfdHJhaW5fb3V0IjthOjM6e2k6MDtzOjI6IjUzIjtpOjE7czoyOiI1NyI7aToyO3M6MjoiNTkiO31zOjI0OiJ1amlfZGF0YV90cmFpbl9wcmVkaWN0ZWQiO2E6Mzp7aTowO2Q6NTM7aToxO2Q6NTY7aToyO2Q6NTg7fXM6MzoibXNlIjtkOjkuOTA0OTYwNzQyMzk3NTcyOEUtNjtzOjEyOiJ1amlfZGF0YV91amkiO2E6NDp7aTowO3M6MjoiNTMiO2k6MTtzOjI6IjU3IjtpOjI7czoyOiI1OSI7aTo0O2Q6NTguMDU2MTMwNDUyOTg3MDEzO31zOjE0OiJoYXNpbF9wcmVkaWtzaSI7ZDo1ODt9aTozODthOjc6e3M6MTA6ImRhdGFfdHJhaW4iO2E6Mzp7aTowO2E6NDp7aTowO3M6MToiMCI7aToxO3M6MToiMCI7aToyO3M6MToiMCI7aTozO3M6MzoiMjA2Ijt9aToxO2E6NDp7aTowO3M6MToiMCI7aToxO3M6MToiMCI7aToyO3M6MzoiMjA2IjtpOjM7czozOiIxMzQiO31pOjI7YTo0OntpOjA7czoxOiIwIjtpOjE7czozOiIyMDYiO2k6MjtzOjM6IjEzNCI7aTozO3M6MzoiMTE3Ijt9fXM6MTc6ImRhdGFfdHJhaW5fc2NhbGVkIjthOjM6e2k6MDthOjQ6e2k6MDtkOjAuMTAwMDAwMDAwMDAwMDAwMDE7aToxO2Q6MC4xMDAwMDAwMDAwMDAwMDAwMTtpOjI7ZDowLjEwMDAwMDAwMDAwMDAwMDAxO2k6MztkOjAuOTAwMDAwMDAwMDAwMDAwMDI7fWk6MTthOjQ6e2k6MDtkOjAuMTAwMDAwMDAwMDAwMDAwMDE7aToxO2Q6MC4xMDAwMDAwMDAwMDAwMDAwMTtpOjI7ZDowLjkwMDAwMDAwMDAwMDAwMDAyO2k6MztkOjAuNjIwMzg4MzQ5NTE0NTYzMTI7fWk6MjthOjQ6e2k6MDtkOjAuMTAwMDAwMDAwMDAwMDAwMDE7aToxO2Q6MC45MDAwMDAwMDAwMDAwMDAwMjtpOjI7ZDowLjYyMDM4ODM0OTUxNDU2MzEyO2k6MztkOjAuNTU0MzY4OTMyMDM4ODM0OTc7fX1zOjE0OiJkYXRhX3RyYWluX291dCI7YTozOntpOjA7czozOiIyMDYiO2k6MTtzOjM6IjEzNCI7aToyO3M6MzoiMTE3Ijt9czoyNDoidWppX2RhdGFfdHJhaW5fcHJlZGljdGVkIjthOjM6e2k6MDtkOjk5O2k6MTtkOjEwNztpOjI7ZDoxMTc7fXM6MzoibXNlIjtkOjMuMTc1OTAwOTM0NDQ0MTQ5OUUtNztzOjEyOiJ1amlfZGF0YV91amkiO2E6NDp7aTowO3M6MzoiMjA2IjtpOjE7czozOiIxMzQiO2k6MjtzOjM6IjExNyI7aTo0O2Q6MTE2LjA0OTQzNzg1NTk0NTI0O31zOjE0OiJoYXNpbF9wcmVkaWtzaSI7ZDoxMTY7fWk6Mzk7YTo3OntzOjEwOiJkYXRhX3RyYWluIjthOjM6e2k6MDthOjQ6e2k6MDtzOjM6IjExNSI7aToxO3M6MzoiMTE1IjtpOjI7czoyOiI5OSI7aTozO3M6MjoiMTMiO31pOjE7YTo0OntpOjA7czozOiIxMTUiO2k6MTtzOjI6Ijk5IjtpOjI7czoyOiIxMyI7aTozO3M6MjoiMjMiO31pOjI7YTo0OntpOjA7czoyOiI5OSI7aToxO3M6MjoiMTMiO2k6MjtzOjI6IjIzIjtpOjM7czoyOiI0NCI7fX1zOjE3OiJkYXRhX3RyYWluX3NjYWxlZCI7YTozOntpOjA7YTo0OntpOjA7ZDowLjkwMDAwMDAwMDAwMDAwMDAyO2k6MTtkOjAuOTAwMDAwMDAwMDAwMDAwMDI7aToyO2Q6MC43NzQ1MDk4MDM5MjE1Njg2NTtpOjM7ZDowLjEwMDAwMDAwMDAwMDAwMDAxO31pOjE7YTo0OntpOjA7ZDowLjkwMDAwMDAwMDAwMDAwMDAyO2k6MTtkOjAuNzc0NTA5ODAzOTIxNTY4NjU7aToyO2Q6MC4xMDAwMDAwMDAwMDAwMDAwMTtpOjM7ZDowLjE3ODQzMTM3MjU0OTAxOTYxO31pOjI7YTo0OntpOjA7ZDowLjc3NDUwOTgwMzkyMTU2ODY1O2k6MTtkOjAuMTAwMDAwMDAwMDAwMDAwMDE7aToyO2Q6MC4xNzg0MzEzNzI1NDkwMTk2MTtpOjM7ZDowLjM0MzEzNzI1NDkwMTk2MDc5O319czoxNDoiZGF0YV90cmFpbl9vdXQiO2E6Mzp7aTowO3M6MjoiMTMiO2k6MTtzOjI6IjIzIjtpOjI7czoyOiI0NCI7fXM6MjQ6InVqaV9kYXRhX3RyYWluX3ByZWRpY3RlZCI7YTozOntpOjA7ZDo0ODtpOjE7ZDo0NztpOjI7ZDo0NDt9czozOiJtc2UiO2Q6NC4yNTg5NTE2NzczOTIyNjQ1RS02O3M6MTI6InVqaV9kYXRhX3VqaSI7YTo0OntpOjA7czoyOiIxMyI7aToxO3M6MjoiMjMiO2k6MjtzOjI6IjQ0IjtpOjQ7ZDo0MS40MjM5MTE3MjUyMDA5NzM7fXM6MTQ6Imhhc2lsX3ByZWRpa3NpIjtkOjQxO31pOjQwO2E6Nzp7czoxMDoiZGF0YV90cmFpbiI7YTozOntpOjA7YTo0OntpOjA7czoyOiI3NCI7aToxO3M6MjoiMTgiO2k6MjtzOjI6IjY4IjtpOjM7czoyOiI4OSI7fWk6MTthOjQ6e2k6MDtzOjI6IjE4IjtpOjE7czoyOiI2OCI7aToyO3M6MjoiODkiO2k6MztzOjM6IjEzMSI7fWk6MjthOjQ6e2k6MDtzOjI6IjY4IjtpOjE7czoyOiI4OSI7aToyO3M6MzoiMTMxIjtpOjM7czoyOiI5NiI7fX1zOjE3OiJkYXRhX3RyYWluX3NjYWxlZCI7YTozOntpOjA7YTo0OntpOjA7ZDowLjQ5NjQ2MDE3Njk5MTE1MDQxO2k6MTtkOjAuMTAwMDAwMDAwMDAwMDAwMDE7aToyO2Q6MC40NTM5ODIzMDA4ODQ5NTU4NDtpOjM7ZDowLjYwMjY1NDg2NzI1NjYzNzE5O31pOjE7YTo0OntpOjA7ZDowLjEwMDAwMDAwMDAwMDAwMDAxO2k6MTtkOjAuNDUzOTgyMzAwODg0OTU1ODQ7aToyO2Q6MC42MDI2NTQ4NjcyNTY2MzcxOTtpOjM7ZDowLjkwMDAwMDAwMDAwMDAwMDAyO31pOjI7YTo0OntpOjA7ZDowLjQ1Mzk4MjMwMDg4NDk1NTg0O2k6MTtkOjAuNjAyNjU0ODY3MjU2NjM3MTk7aToyO2Q6MC45MDAwMDAwMDAwMDAwMDAwMjtpOjM7ZDowLjY1MjIxMjM4OTM4MDUzMDk0O319czoxNDoiZGF0YV90cmFpbl9vdXQiO2E6Mzp7aTowO3M6MjoiODkiO2k6MTtzOjM6IjEzMSI7aToyO3M6MjoiOTYiO31zOjI0OiJ1amlfZGF0YV90cmFpbl9wcmVkaWN0ZWQiO2E6Mzp7aTowO2Q6ODk7aToxO2Q6ODk7aToyO2Q6OTQ7fXM6MzoibXNlIjtkOjMuMzY1NjM5NTMzMjg1NjlFLTY7czoxMjoidWppX2RhdGFfdWppIjthOjQ6e2k6MDtzOjI6Ijg5IjtpOjE7czozOiIxMzEiO2k6MjtzOjI6Ijk2IjtpOjQ7ZDo5MS42OTk3NTkzNzgwMjEwNTY7fXM6MTQ6Imhhc2lsX3ByZWRpa3NpIjtkOjkyO31pOjQxO2E6Nzp7czoxMDoiZGF0YV90cmFpbiI7YTozOntpOjA7YTo0OntpOjA7czoxOiIwIjtpOjE7czoxOiIwIjtpOjI7czoxOiIwIjtpOjM7czozOiIxODUiO31pOjE7YTo0OntpOjA7czoxOiIwIjtpOjE7czoxOiIwIjtpOjI7czozOiIxODUiO2k6MztzOjM6IjEwOCI7fWk6MjthOjQ6e2k6MDtzOjE6IjAiO2k6MTtzOjM6IjE4NSI7aToyO3M6MzoiMTA4IjtpOjM7czozOiIxMDAiO319czoxNzoiZGF0YV90cmFpbl9zY2FsZWQiO2E6Mzp7aTowO2E6NDp7aTowO2Q6MC4xMDAwMDAwMDAwMDAwMDAwMTtpOjE7ZDowLjEwMDAwMDAwMDAwMDAwMDAxO2k6MjtkOjAuMTAwMDAwMDAwMDAwMDAwMDE7aTozO2Q6MC45MDAwMDAwMDAwMDAwMDAwMjt9aToxO2E6NDp7aTowO2Q6MC4xMDAwMDAwMDAwMDAwMDAwMTtpOjE7ZDowLjEwMDAwMDAwMDAwMDAwMDAxO2k6MjtkOjAuOTAwMDAwMDAwMDAwMDAwMDI7aTozO2Q6MC41NjcwMjcwMjcwMjcwMjcxMjt9aToyO2E6NDp7aTowO2Q6MC4xMDAwMDAwMDAwMDAwMDAwMTtpOjE7ZDowLjkwMDAwMDAwMDAwMDAwMDAyO2k6MjtkOjAuNTY3MDI3MDI3MDI3MDI3MTI7aTozO2Q6MC41MzI0MzI0MzI0MzI0MzI0Mzt9fXM6MTQ6ImRhdGFfdHJhaW5fb3V0IjthOjM6e2k6MDtzOjM6IjE4NSI7aToxO3M6MzoiMTA4IjtpOjI7czozOiIxMDAiO31zOjI0OiJ1amlfZGF0YV90cmFpbl9wcmVkaWN0ZWQiO2E6Mzp7aTowO2Q6OTU7aToxO2Q6MTA4O2k6MjtkOjExODt9czozOiJtc2UiO2Q6NC4zMjI4NzU5MzQ5NjQxMDI0RS03O3M6MTI6InVqaV9kYXRhX3VqaSI7YTo0OntpOjA7czozOiIxODUiO2k6MTtzOjM6IjEwOCI7aToyO3M6MzoiMTAwIjtpOjQ7ZDoxMTUuOTczMzkxMTU0MjI5MTU7fXM6MTQ6Imhhc2lsX3ByZWRpa3NpIjtkOjExNjt9aTo0MjthOjc6e3M6MTA6ImRhdGFfdHJhaW4iO2E6Mzp7aTowO2E6NDp7aTowO3M6MToiMCI7aToxO3M6MToiMCI7aToyO3M6MToiMCI7aTozO3M6MToiMCI7fWk6MTthOjQ6e2k6MDtzOjE6IjAiO2k6MTtzOjE6IjAiO2k6MjtzOjE6IjAiO2k6MztzOjE6IjAiO31pOjI7YTo0OntpOjA7czoxOiIwIjtpOjE7czoxOiIwIjtpOjI7czoxOiIwIjtpOjM7czoxOiIwIjt9fXM6MTc6ImRhdGFfdHJhaW5fc2NhbGVkIjthOjM6e2k6MDthOjQ6e2k6MDtkOjAuMTAwMDAwMDAwMDAwMDAwMDE7aToxO2Q6MC4xMDAwMDAwMDAwMDAwMDAwMTtpOjI7ZDowLjEwMDAwMDAwMDAwMDAwMDAxO2k6MztkOjAuMTAwMDAwMDAwMDAwMDAwMDE7fWk6MTthOjQ6e2k6MDtkOjAuMTAwMDAwMDAwMDAwMDAwMDE7aToxO2Q6MC4xMDAwMDAwMDAwMDAwMDAwMTtpOjI7ZDowLjEwMDAwMDAwMDAwMDAwMDAxO2k6MztkOjAuMTAwMDAwMDAwMDAwMDAwMDE7fWk6MjthOjQ6e2k6MDtkOjAuMTAwMDAwMDAwMDAwMDAwMDE7aToxO2Q6MC4xMDAwMDAwMDAwMDAwMDAwMTtpOjI7ZDowLjEwMDAwMDAwMDAwMDAwMDAxO2k6MztkOjAuMTAwMDAwMDAwMDAwMDAwMDE7fX1zOjE0OiJkYXRhX3RyYWluX291dCI7YTozOntpOjA7czoxOiIwIjtpOjE7czoxOiIwIjtpOjI7czoxOiIwIjt9czoyNDoidWppX2RhdGFfdHJhaW5fcHJlZGljdGVkIjthOjM6e2k6MDtkOjA7aToxO2Q6MDtpOjI7ZDowO31zOjM6Im1zZSI7ZDo5Ljk4MjcxMzM1NTY0NzcwMkUtNjtzOjEyOiJ1amlfZGF0YV91amkiO2E6NDp7aTowO3M6MToiMCI7aToxO3M6MToiMCI7aToyO3M6MToiMCI7aTo0O2Q6MDt9czoxNDoiaGFzaWxfcHJlZGlrc2kiO2Q6MDt9aTo0MzthOjc6e3M6MTA6ImRhdGFfdHJhaW4iO2E6Mzp7aTowO2E6NDp7aTowO3M6MToiMCI7aToxO3M6MToiMCI7aToyO3M6MToiMCI7aTozO3M6MToiMCI7fWk6MTthOjQ6e2k6MDtzOjE6IjAiO2k6MTtzOjE6IjAiO2k6MjtzOjE6IjAiO2k6MztzOjE6IjAiO31pOjI7YTo0OntpOjA7czoxOiIwIjtpOjE7czoxOiIwIjtpOjI7czoxOiIwIjtpOjM7czoxOiIwIjt9fXM6MTc6ImRhdGFfdHJhaW5fc2NhbGVkIjthOjM6e2k6MDthOjQ6e2k6MDtkOjAuMTAwMDAwMDAwMDAwMDAwMDE7aToxO2Q6MC4xMDAwMDAwMDAwMDAwMDAwMTtpOjI7ZDowLjEwMDAwMDAwMDAwMDAwMDAxO2k6MztkOjAuMTAwMDAwMDAwMDAwMDAwMDE7fWk6MTthOjQ6e2k6MDtkOjAuMTAwMDAwMDAwMDAwMDAwMDE7aToxO2Q6MC4xMDAwMDAwMDAwMDAwMDAwMTtpOjI7ZDowLjEwMDAwMDAwMDAwMDAwMDAxO2k6MztkOjAuMTAwMDAwMDAwMDAwMDAwMDE7fWk6MjthOjQ6e2k6MDtkOjAuMTAwMDAwMDAwMDAwMDAwMDE7aToxO2Q6MC4xMDAwMDAwMDAwMDAwMDAwMTtpOjI7ZDowLjEwMDAwMDAwMDAwMDAwMDAxO2k6MztkOjAuMTAwMDAwMDAwMDAwMDAwMDE7fX1zOjE0OiJkYXRhX3RyYWluX291dCI7YTozOntpOjA7czoxOiIwIjtpOjE7czoxOiIwIjtpOjI7czoxOiIwIjt9czoyNDoidWppX2RhdGFfdHJhaW5fcHJlZGljdGVkIjthOjM6e2k6MDtkOjA7aToxO2Q6MDtpOjI7ZDowO31zOjM6Im1zZSI7ZDo5LjkzODk1MzA2MTgwOTcwNThFLTY7czoxMjoidWppX2RhdGFfdWppIjthOjQ6e2k6MDtzOjE6IjAiO2k6MTtzOjE6IjAiO2k6MjtzOjE6IjAiO2k6NDtkOjA7fXM6MTQ6Imhhc2lsX3ByZWRpa3NpIjtkOjA7fWk6NDQ7YTo3OntzOjEwOiJkYXRhX3RyYWluIjthOjM6e2k6MDthOjQ6e2k6MDtzOjI6IjkxIjtpOjE7czozOiIxMDIiO2k6MjtzOjM6IjEwOSI7aTozO3M6MToiMCI7fWk6MTthOjQ6e2k6MDtzOjM6IjEwMiI7aToxO3M6MzoiMTA5IjtpOjI7czoxOiIwIjtpOjM7czoxOiIwIjt9aToyO2E6NDp7aTowO3M6MzoiMTA5IjtpOjE7czoxOiIwIjtpOjI7czoxOiIwIjtpOjM7czoxOiIwIjt9fXM6MTc6ImRhdGFfdHJhaW5fc2NhbGVkIjthOjM6e2k6MDthOjQ6e2k6MDtkOjAuNzY3ODg5OTA4MjU2ODgwNzU7aToxO2Q6MC44NDg2MjM4NTMyMTEwMDkxOTtpOjI7ZDowLjkwMDAwMDAwMDAwMDAwMDAyO2k6MztkOjAuMTAwMDAwMDAwMDAwMDAwMDE7fWk6MTthOjQ6e2k6MDtkOjAuODQ4NjIzODUzMjExMDA5MTk7aToxO2Q6MC45MDAwMDAwMDAwMDAwMDAwMjtpOjI7ZDowLjEwMDAwMDAwMDAwMDAwMDAxO2k6MztkOjAuMTAwMDAwMDAwMDAwMDAwMDE7fWk6MjthOjQ6e2k6MDtkOjAuOTAwMDAwMDAwMDAwMDAwMDI7aToxO2Q6MC4xMDAwMDAwMDAwMDAwMDAwMTtpOjI7ZDowLjEwMDAwMDAwMDAwMDAwMDAxO2k6MztkOjAuMTAwMDAwMDAwMDAwMDAwMDE7fX1zOjE0OiJkYXRhX3RyYWluX291dCI7YTozOntpOjA7czoxOiIwIjtpOjE7czoxOiIwIjtpOjI7czoxOiIwIjt9czoyNDoidWppX2RhdGFfdHJhaW5fcHJlZGljdGVkIjthOjM6e2k6MDtkOjE7aToxO2Q6MTtpOjI7ZDoxO31zOjM6Im1zZSI7ZDo5Ljc0Mjc1MzkyMjQyNTc2NjdFLTY7czoxMjoidWppX2RhdGFfdWppIjthOjQ6e2k6MDtzOjE6IjAiO2k6MTtzOjE6IjAiO2k6MjtzOjE6IjAiO2k6NDtkOjAuMTM5NDI1NDI4MTE1ODYzMDk7fXM6MTQ6Imhhc2lsX3ByZWRpa3NpIjtkOjA7fX0='),(2,'klasifikasi',NULL),(3,'algen_penjadwalan','YTowOnt9');

/*Table structure for table `mata_kuliah_kurikulum` */

DROP TABLE IF EXISTS `mata_kuliah_kurikulum`;

CREATE TABLE `mata_kuliah_kurikulum` (
  `mkkur_id` int(11) NOT NULL AUTO_INCREMENT,
  `mkkur_kode` varchar(20) DEFAULT NULL,
  `mkkur_nama` varchar(200) DEFAULT NULL,
  `mkkur_sks` int(5) DEFAULT NULL,
  `mkkur_semester` varchar(10) DEFAULT NULL COMMENT 'Genjil, Genap',
  `mkkur_sifat` varchar(3) DEFAULT NULL COMMENT 'W:Wajib,P:Pilihan',
  `mkkur_paket_semester` varchar(5) DEFAULT NULL,
  `mkkur_pred_jml_peminat` int(11) DEFAULT NULL,
  `mkkur_pred_tahun` year(4) DEFAULT NULL,
  `mkkur_jumlah_pert` int(1) DEFAULT '1',
  `mkkur_is_universal` tinyint(1) DEFAULT '0' COMMENT '1:is universal (1 class only)',
  `mkkur_format_jadwal` varchar(11) DEFAULT NULL COMMENT '[1-2],[2-1]',
  `mkkur_maks_kelas` int(11) DEFAULT NULL COMMENT 'maks peserta kelas',
  PRIMARY KEY (`mkkur_id`)
) ENGINE=InnoDB AUTO_INCREMENT=48 DEFAULT CHARSET=latin1;

/*Data for the table `mata_kuliah_kurikulum` */

insert  into `mata_kuliah_kurikulum`(`mkkur_id`,`mkkur_kode`,`mkkur_nama`,`mkkur_sks`,`mkkur_semester`,`mkkur_sifat`,`mkkur_paket_semester`,`mkkur_pred_jml_peminat`,`mkkur_pred_tahun`,`mkkur_jumlah_pert`,`mkkur_is_universal`,`mkkur_format_jadwal`,`mkkur_maks_kelas`) values (1,'MIE1003','ETIKA PROFESI DAN BISNIS',2,'genap','w','2',99,2014,1,0,'(NULL)\r',NULL),(2,'MIE1802','PENGANTAR ELEKTRONIKA DAN INSTRUMENTASI',2,'genap','w','2',105,2014,1,0,'(NULL)\r',NULL),(3,'MIE1805','ELEKTRONIKA DIGITAL',3,'genap','w','2',81,2014,1,0,'(NULL)\r',NULL),(4,'MIE2602','ORGANISASI DAN ARSITEKTUR KOMPUTER',3,'genap','p','4',41,2014,1,0,'(NULL)\r',NULL),(5,'MIE2810','METODE PENGUKURAN',2,'genap','w','4',99,2014,1,0,'(NULL)\r',NULL),(6,'MIE2812','MATEMATIKA ELEKTRONIKA',3,'genap','w','4',88,2014,1,0,'(NULL)\r',NULL),(7,'MIE2813','ELEKTRONIKA LANJUT I',3,'genap','w','4',141,2014,1,0,'(NULL)\r',100),(8,'MIE2814','SISTEM KONTROL',3,'genap','w','4',137,2014,1,0,'(NULL)\r',100),(9,'MIE3008','MET. PENEL. ELEKTRONIKA DAN INSTRUMENTASI',2,'genap','w','6',98,2014,1,0,'(NULL)\r',100),(10,'MIE3205','PENGOLAHAN CITRA DIGITAL',3,'genap','p','6',66,2014,1,0,'(NULL)\r',NULL),(11,'MIE3404','PENGANTAR BIOSISTEM',3,'genap','p','6',37,2014,1,0,'(NULL)\r',NULL),(12,'MIE3605','EMBEDDED SYSTEM',3,'genap','p','6',16,2014,1,0,'(NULL)\r',NULL),(13,'MIE3606','PEMROSESAN SINYAL DIGITAL I',3,'genap','p','6',111,2014,1,0,'(NULL)\r',100),(14,'MIE3820','OTOMASI INDUSTRI',3,'genap','p','6',68,2014,1,0,'(NULL)\r',NULL),(15,'MIE3821','INSTRUMENTASI INDUSTRI',3,'genap','p','6',82,2014,1,0,'(NULL)\r',NULL),(16,'MIEK1805','Elektronika Digital',3,'genap','w','2',130,2014,1,0,'(NULL)\r',NULL),(17,'MIK1251','Algoritma Dan Struktur Data I',3,'genap','w','4',88,2014,1,0,'(NULL)\r',NULL),(18,'MIK1253','Matematika Diskrit II',3,'genap','w','2',143,2014,1,0,'(NULL)\r',100),(19,'MIK1651','Organisasi Dan Arsitektur Komputer',3,'genap','w','2',121,2014,1,0,'(NULL)\r',NULL),(20,'MIK2251','Konsep Bahasa Pemrograman',3,'genap','w','4',70,2014,1,0,'(NULL)\r',NULL),(21,'MIK2253','Analisis Dan Desain Algoritma II',3,'genap','w','4',55,2014,1,0,'(NULL)\r',NULL),(22,'MIKE2451','INTELIGENSIA BUATAN',3,'genap','p','4',16,2014,1,0,'(NULL)\r',NULL),(23,'MIK2451','Inteligensia Buatan',3,'genap','w','4',0,2014,1,0,'(NULL)\r',NULL),(24,'MIK2551','Basis Data',3,'genap','w','4',101,2014,1,0,'(NULL)\r',NULL),(25,'MIK2651','Jaringan Komputer',3,'genap','w','4',71,2014,1,0,'(NULL)\r',NULL),(26,'MIK3051','Etika Profesi Dan Bisnis',2,'genap','w','6',155,2014,1,0,'(NULL)\r',100),(27,'MIK3053','Metodologi Penelitian Ilmu Komputer',3,'genap','w','6',60,2014,1,0,'(NULL)\r',NULL),(28,'MIK3551','Sistem Informasi',2,'genap','w','6',106,2014,1,0,'(NULL)\r',NULL),(29,'MIK4251','Sains Manajemen',3,'genap','p','6',56,2014,1,0,'(NULL)\r',NULL),(30,'MIK4253','Teknik Komputasi',3,'genap','p','6',20,2014,1,0,'(NULL)\r',NULL),(31,'MIK4255','Kriptografi',3,'genap','p','6',89,2014,1,0,'(NULL)\r',NULL),(32,'MIK4451','Sistem Pendukung Keputusan',3,'genap','p','6',39,2014,1,0,'(NULL)\r',NULL),(33,'MIK4451','Sistem Temu Balik Informasi',3,'genap','p','6',0,2014,1,0,'(NULL)\r',NULL),(34,'MIK4453','Sistem Pakar',3,'genap','p','6',19,2014,1,0,'(NULL)\r',NULL),(35,'MIK4553','Manajemen Proyek Teknologi Informasi',3,'genap','p','6',43,2014,1,0,'(NULL)\r',NULL),(36,'MIK4555','Information Technology Audit And Control',3,'genap','p','6',85,2014,1,0,'(NULL)\r',NULL),(37,'MIK4559','Informatika Sosial',3,'genap','p','4',42,2014,1,0,'(NULL)\r',NULL),(38,'MIK4561','Pengembangan Perangkat Lunak Berorientasi Obyek',3,'genap','p','4',45,2014,1,0,'(NULL)\r',NULL),(39,'MIK4651','Analisis Dan Desain Protokol',3,'genap','p','6',107,2014,1,0,'(NULL)\r',100),(40,'MIK4653','Embedded System Operating System',3,'genap','p','6',58,2014,1,0,'(NULL)\r',NULL),(41,'MIKE1251','ALGORITMA DAN STRUKTUR DATA I',3,'genap','w','2',116,2014,1,0,'(NULL)\r',NULL),(42,'MIKE1651','ORGANISASI DAN ARSITEKTUR KOMPUTER',3,'genap','p','2',41,2014,1,0,'(NULL)\r',NULL),(43,'MIKE2651','JARINGAN KOMPUTER',3,'genap','p','4',92,2014,1,0,'(NULL)\r',NULL),(44,'MIKE3051','ETIKA PROFESI DAN BISNIS',2,'genap','w','6',116,2014,1,0,'(NULL)\r',100),(45,'MIKE4509','SISTEM INFORMASI GEOGRAFIS',3,'genap','p','5',0,2014,1,0,'(NULL)\r',NULL),(46,'MIKE4605','SISTEM TERDISTRIBUSI',3,'genap','p','5',0,2014,1,0,'(NULL)\r',NULL),(47,'MIKE4653','EMBEDDED SYSTEM OPERATING SYSTEM',3,'genap','p','6',0,2014,1,0,'(NULL)\r',NULL);

/*Table structure for table `mata_kuliah_kurikulum_rekap` */

DROP TABLE IF EXISTS `mata_kuliah_kurikulum_rekap`;

CREATE TABLE `mata_kuliah_kurikulum_rekap` (
  `mkkurrkp_id` int(11) NOT NULL AUTO_INCREMENT,
  `mkkurrkp_mkkur_id` int(11) DEFAULT NULL,
  `mkkurrkp_jml_peminat` int(6) DEFAULT NULL,
  `mkkurrkp_tahun` year(4) DEFAULT NULL,
  PRIMARY KEY (`mkkurrkp_id`),
  KEY `mkkurrkp_mkkur_id_key` (`mkkurrkp_mkkur_id`),
  CONSTRAINT `FK_mata_kuliah_kurikulum_rekap_mk` FOREIGN KEY (`mkkurrkp_mkkur_id`) REFERENCES `mata_kuliah_kurikulum` (`mkkur_id`) ON DELETE NO ACTION ON UPDATE NO ACTION
) ENGINE=InnoDB AUTO_INCREMENT=283 DEFAULT CHARSET=latin1;

/*Data for the table `mata_kuliah_kurikulum_rekap` */

insert  into `mata_kuliah_kurikulum_rekap`(`mkkurrkp_id`,`mkkurrkp_mkkur_id`,`mkkurrkp_jml_peminat`,`mkkurrkp_tahun`) values (1,1,0,2008),(2,1,0,2009),(3,1,0,2010),(4,1,185,2011),(5,1,108,2012),(6,1,100,2013),(7,2,0,2008),(8,2,0,2009),(9,2,0,2010),(10,2,148,2011),(11,2,117,2012),(12,2,107,2013),(13,3,0,2008),(14,3,0,2009),(15,3,0,2010),(16,3,257,2011),(17,3,96,2012),(18,3,84,2013),(19,4,115,2008),(20,4,115,2009),(21,4,99,2010),(22,4,13,2011),(23,4,23,2012),(24,4,44,2013),(25,5,119,2008),(26,5,133,2009),(27,5,121,2010),(28,5,78,2011),(29,5,123,2012),(30,5,100,2013),(31,6,0,2008),(32,6,0,2009),(33,6,0,2010),(34,6,77,2011),(35,6,114,2012),(36,6,99,2013),(37,7,0,2008),(38,7,0,2009),(39,7,0,2010),(40,7,173,2011),(41,7,133,2012),(42,7,99,2013),(43,8,88,2008),(44,8,98,2009),(45,8,105,2010),(46,8,158,2011),(47,8,149,2012),(48,8,135,2013),(49,9,0,2008),(50,9,0,2009),(51,9,0,2010),(52,9,88,2011),(53,9,96,2012),(54,9,110,2013),(55,10,0,2008),(56,10,0,2009),(57,10,0,2010),(58,10,0,2011),(59,10,58,2012),(60,10,67,2013),(61,11,17,2008),(62,11,14,2009),(63,11,43,2010),(64,11,0,2011),(65,11,39,2012),(66,11,86,2013),(67,12,91,2008),(68,12,102,2009),(69,12,109,2010),(70,12,0,2011),(71,12,70,2012),(72,12,65,2013),(73,13,0,2008),(74,13,0,2009),(75,13,0,2010),(76,13,22,2011),(77,13,89,2012),(78,13,112,2013),(79,14,0,2008),(80,14,0,2009),(81,14,0,2010),(82,14,115,2011),(83,14,61,2012),(84,14,69,2013),(85,15,63,2008),(86,15,85,2009),(87,15,44,2010),(88,15,55,2011),(89,15,91,2012),(90,15,84,2013),(91,16,57,2008),(92,16,103,2009),(93,16,80,2010),(94,16,257,2011),(95,16,176,2012),(96,16,89,2013),(97,17,70,2008),(98,17,0,2009),(99,17,66,2010),(100,17,120,2011),(101,17,118,2012),(102,17,74,2013),(103,18,0,2008),(104,18,0,2009),(105,18,0,2010),(106,18,221,2011),(107,18,139,2012),(108,18,93,2013),(109,19,93,2008),(110,19,53,2009),(111,19,80,2010),(112,19,168,2011),(113,19,121,2012),(114,19,95,2013),(115,20,53,2008),(116,20,111,2009),(117,20,30,2010),(118,20,88,2011),(119,20,76,2012),(120,20,107,2013),(121,21,0,2008),(122,21,0,2009),(123,21,0,2010),(124,21,45,2011),(125,21,112,2012),(126,21,101,2013),(127,22,0,2008),(128,22,0,2009),(129,22,16,2010),(130,22,0,2011),(131,22,0,2012),(132,22,0,2013),(133,22,0,2008),(134,22,0,2009),(135,22,0,2010),(136,22,90,2011),(137,22,136,2012),(138,22,161,2013),(139,24,69,2008),(140,24,75,2009),(141,24,83,2010),(142,24,98,2011),(143,24,147,2012),(144,24,86,2013),(145,25,0,2008),(146,25,0,2009),(147,25,0,2010),(148,25,64,2011),(149,25,134,2012),(150,25,94,2013),(151,26,90,2008),(152,26,43,2009),(153,26,51,2010),(154,26,72,2011),(155,26,62,2012),(156,26,185,2013),(157,27,94,2008),(158,27,37,2009),(159,27,62,2010),(160,27,59,2011),(161,27,61,2012),(162,27,106,2013),(163,28,0,2008),(164,28,0,2009),(165,28,0,2010),(166,28,34,2011),(167,28,73,2012),(168,28,107,2013),(169,29,70,2008),(170,29,87,2009),(171,29,142,2010),(172,29,65,2011),(173,29,175,2012),(174,29,160,2013),(175,30,15,2008),(176,30,18,2009),(177,30,15,2010),(178,30,5,2011),(179,30,17,2012),(180,30,28,2013),(181,31,0,2008),(182,31,0,2009),(183,31,0,2010),(184,31,25,2011),(185,31,28,2012),(186,31,113,2013),(187,32,34,2008),(188,32,38,2009),(189,32,11,2010),(190,32,60,2011),(191,32,50,2012),(192,32,65,2013),(193,32,0,2008),(194,32,0,2009),(195,32,0,2010),(196,32,0,2011),(197,32,54,2012),(198,32,113,2013),(199,34,14,2008),(200,34,42,2009),(201,34,16,2010),(202,34,9,2011),(203,34,18,2012),(204,34,19,2013),(205,35,0,2008),(206,35,0,2009),(207,35,0,2010),(208,35,40,2011),(209,35,53,2012),(210,35,101,2013),(211,36,0,2008),(212,36,0,2009),(213,36,63,2010),(214,36,92,2011),(215,36,85,2012),(216,36,137,2013),(217,37,0,2008),(218,37,0,2009),(219,37,0,2010),(220,37,98,2011),(221,37,43,2012),(222,37,0,2013),(223,38,0,2008),(224,38,0,2009),(225,38,0,2010),(226,38,9,2011),(227,38,28,2012),(228,38,46,2013),(229,39,109,2008),(230,39,53,2009),(231,39,63,2010),(232,39,50,2011),(233,39,26,2012),(234,39,143,2013),(235,40,0,2008),(236,40,0,2009),(237,40,0,2010),(238,40,53,2011),(239,40,57,2012),(240,40,59,2013),(241,41,0,2008),(242,41,0,2009),(243,41,0,2010),(244,41,206,2011),(245,41,134,2012),(246,41,117,2013),(247,42,115,2008),(248,42,115,2009),(249,42,99,2010),(250,42,13,2011),(251,42,23,2012),(252,42,44,2013),(253,43,74,2008),(254,43,18,2009),(255,43,68,2010),(256,43,89,2011),(257,43,131,2012),(258,43,96,2013),(259,44,0,2008),(260,44,0,2009),(261,44,0,2010),(262,44,185,2011),(263,44,108,2012),(264,44,100,2013),(265,45,0,2008),(266,45,0,2009),(267,45,0,2010),(268,45,0,2011),(269,45,0,2012),(270,45,0,2013),(271,46,0,2008),(272,46,0,2009),(273,46,0,2010),(274,46,0,2011),(275,46,0,2012),(276,46,0,2013),(277,47,91,2008),(278,47,102,2009),(279,47,109,2010),(280,47,0,2011),(281,47,0,2012),(282,47,0,2013);

/*Table structure for table `mkkur_prodi` */

DROP TABLE IF EXISTS `mkkur_prodi`;

CREATE TABLE `mkkur_prodi` (
  `mkkprod_id` int(11) NOT NULL AUTO_INCREMENT,
  `mkkprod_mkkur_id` int(11) DEFAULT NULL,
  `mkkprod_prodi_id` int(11) DEFAULT NULL,
  `mkkprod_related_id` int(11) DEFAULT '0' COMMENT 'if kelas gabung, isi dgn mkkprod_id yg udah ada before',
  `mkkprod_porsi_kelas` int(11) DEFAULT '1' COMMENT 'porsi kelas dari jumlah total peserta makul',
  PRIMARY KEY (`mkkprod_id`),
  UNIQUE KEY `mkprodi_key` (`mkkprod_mkkur_id`,`mkkprod_prodi_id`),
  KEY `FK_mkkur_prodi_FK2` (`mkkprod_prodi_id`),
  CONSTRAINT `FK_mkkur_prodi_FK2` FOREIGN KEY (`mkkprod_prodi_id`) REFERENCES `program_studi` (`prodi_id`) ON DELETE CASCADE ON UPDATE CASCADE,
  CONSTRAINT `FK_mkkur_prodi_mk` FOREIGN KEY (`mkkprod_mkkur_id`) REFERENCES `mata_kuliah_kurikulum` (`mkkur_id`) ON DELETE NO ACTION ON UPDATE NO ACTION
) ENGINE=InnoDB AUTO_INCREMENT=65 DEFAULT CHARSET=latin1;

/*Data for the table `mkkur_prodi` */

insert  into `mkkur_prodi`(`mkkprod_id`,`mkkprod_mkkur_id`,`mkkprod_prodi_id`,`mkkprod_related_id`,`mkkprod_porsi_kelas`) values (1,1,2,0,1),(2,2,2,0,1),(3,3,2,0,1),(4,4,2,0,1),(5,5,2,0,1),(6,6,2,0,1),(7,7,2,0,1),(8,8,2,0,1),(9,9,2,0,1),(10,10,2,0,1),(11,11,2,0,1),(12,12,2,0,1),(13,13,2,0,1),(14,14,2,0,1),(15,15,2,0,1),(16,16,1,0,1),(17,17,1,0,1),(18,18,1,0,1),(19,19,1,0,1),(20,20,1,0,1),(21,21,1,0,1),(22,22,2,0,1),(23,23,1,0,1),(24,24,1,0,1),(25,25,1,0,1),(26,26,1,0,1),(27,27,1,0,1),(28,28,1,0,1),(29,29,1,0,1),(30,30,1,0,1),(31,31,1,0,1),(32,32,1,0,1),(33,33,1,0,1),(34,34,1,0,1),(35,35,1,0,1),(36,36,1,0,1),(37,37,1,0,1),(38,38,1,0,1),(39,39,1,0,1),(40,40,1,0,1),(41,41,2,0,1),(42,42,2,0,1),(43,43,2,0,1),(44,44,2,0,1),(45,45,2,0,1),(46,46,2,0,1),(47,47,2,0,1),(64,13,1,13,1);

/*Table structure for table `program_studi` */

DROP TABLE IF EXISTS `program_studi`;

CREATE TABLE `program_studi` (
  `prodi_id` int(11) NOT NULL AUTO_INCREMENT,
  `prodi_kode` varchar(20) DEFAULT NULL,
  `prodi_nama` varchar(200) DEFAULT NULL,
  `prodi_prefix_mk` varchar(4) DEFAULT NULL COMMENT 'prefix makul',
  PRIMARY KEY (`prodi_id`)
) ENGINE=InnoDB AUTO_INCREMENT=8 DEFAULT CHARSET=latin1;

/*Data for the table `program_studi` */

insert  into `program_studi`(`prodi_id`,`prodi_kode`,`prodi_nama`,`prodi_prefix_mk`) values (1,'ILKOM','Ilmu Komputer','MIK'),(2,'ELINS','Elektronika dan Instrumentasi','MIE'),(3,'MAT','Matematika','MMM'),(4,'STAT','Statistika','MMS'),(5,'KIM','Kimia','MKK'),(6,'FIS','Fisika','MFF'),(7,'GEOFIS','Geofisika','MFG');

/*Table structure for table `ruang` */

DROP TABLE IF EXISTS `ruang`;

CREATE TABLE `ruang` (
  `ru_id` int(11) NOT NULL AUTO_INCREMENT,
  `ru_kode` varchar(6) DEFAULT NULL,
  `ru_nama` varchar(20) DEFAULT NULL,
  `ru_kapasitas` int(6) DEFAULT NULL,
  `ru_is_cadangan` tinyint(1) DEFAULT '0' COMMENT '1=is_cadangan',
  PRIMARY KEY (`ru_id`)
) ENGINE=InnoDB AUTO_INCREMENT=29 DEFAULT CHARSET=latin1;

/*Data for the table `ruang` */

insert  into `ruang`(`ru_id`,`ru_kode`,`ru_nama`,`ru_kapasitas`,`ru_is_cadangan`) values (1,'S2.01','S2.01',100,0),(2,'S2.02','S2.02',100,0),(3,'M2.13','M2.13',50,0),(4,'S2.03','S2.03',100,0),(5,'K1','K1',90,0),(6,'S2.505','S2.505',100,0),(7,'S2.506','S2.506',100,0),(8,'M2.10','M2.10',60,0),(9,'M2.14','M2.14',50,0),(10,'K6','K6',50,0),(11,'M2.09','M2.09',100,0),(12,'G3','G3',60,0),(13,'S2.05','S2.05',50,0),(14,'M2.12','M2.12',100,0),(15,'U2.02','U2.02',100,0),(16,'T2.01','T2.01',90,0),(17,'U2.01','U2.01',100,0),(18,'U2.06','U2.06',60,0),(19,'S2.04','S2.04',50,0),(20,'U2.03','U2.03',100,0),(21,'U2.04','U2.04',100,0),(22,'U2.05','U2.05',30,1),(23,'S2.06','S2.06',30,1),(24,'S2.07','S2.07',30,1),(25,'S2.08','S2.08',60,1),(26,'Lab.Da','Lab.Das.',90,1),(27,'S2.507','S2.507',100,1),(28,'Lab.AI','Lab.AI',30,1);

/*Table structure for table `ruang_prodi` */

DROP TABLE IF EXISTS `ruang_prodi`;

CREATE TABLE `ruang_prodi` (
  `ruprd_id` int(11) NOT NULL AUTO_INCREMENT,
  `ruprd_ru_id` int(11) DEFAULT NULL,
  `ruprd_prodi_id` int(11) DEFAULT NULL,
  PRIMARY KEY (`ruprd_id`),
  KEY `ru_prodi_key` (`ruprd_ru_id`,`ruprd_prodi_id`),
  KEY `FK_ruang_prodi_prodi_fk` (`ruprd_prodi_id`),
  CONSTRAINT `FK_ruang_prodi` FOREIGN KEY (`ruprd_ru_id`) REFERENCES `ruang` (`ru_id`) ON DELETE CASCADE ON UPDATE CASCADE,
  CONSTRAINT `FK_ruang_prodi_prodi_fk` FOREIGN KEY (`ruprd_prodi_id`) REFERENCES `program_studi` (`prodi_id`) ON DELETE CASCADE ON UPDATE CASCADE
) ENGINE=InnoDB AUTO_INCREMENT=37 DEFAULT CHARSET=latin1;

/*Data for the table `ruang_prodi` */

insert  into `ruang_prodi`(`ruprd_id`,`ruprd_ru_id`,`ruprd_prodi_id`) values (36,1,4),(15,2,4),(10,3,3),(16,3,4),(11,4,3),(12,5,3),(18,6,5),(19,7,5),(20,8,5),(21,9,5),(22,10,5),(28,11,7),(29,12,7),(24,13,6),(30,13,7),(25,14,6),(26,15,6),(1,16,1),(2,17,1),(3,18,1),(4,19,1),(6,19,2),(7,20,2),(8,21,2),(13,22,3),(27,23,6),(17,24,4),(5,25,1),(9,25,2),(23,26,5),(31,26,7);

/*Table structure for table `waktu` */

DROP TABLE IF EXISTS `waktu`;

CREATE TABLE `waktu` (
  `waktu_id` int(11) NOT NULL AUTO_INCREMENT,
  `waktu_hari` varchar(20) DEFAULT NULL,
  `waktu_jam_mulai` time DEFAULT NULL,
  `waktu_jam_selesai` time DEFAULT NULL,
  `waktu_is_kuliah` tinyint(1) DEFAULT NULL,
  PRIMARY KEY (`waktu_id`)
) ENGINE=InnoDB AUTO_INCREMENT=52 DEFAULT CHARSET=latin1;

/*Data for the table `waktu` */

insert  into `waktu`(`waktu_id`,`waktu_hari`,`waktu_jam_mulai`,`waktu_jam_selesai`,`waktu_is_kuliah`) values (1,'senin','07:30:00','08:20:00',1),(2,'senin','08:30:00','09:20:00',1),(3,'senin','09:30:00','10:20:00',1),(4,'senin','10:30:00','11:20:00',1),(5,'senin','11:30:00','12:20:00',1),(6,'senin','12:30:00','13:20:00',1),(7,'senin','13:30:00','14:20:00',1),(8,'senin','14:30:00','15:20:00',1),(9,'senin','15:30:00','16:20:00',1),(10,'senin','16:30:00','17:20:00',1),(12,'selasa','07:30:00','08:20:00',1),(13,'selasa','08:30:00','09:20:00',1),(14,'selasa','09:30:00','10:20:00',1),(15,'selasa','10:30:00','11:20:00',1),(16,'selasa','11:30:00','12:20:00',1),(17,'selasa','12:30:00','13:20:00',1),(18,'selasa','13:30:00','14:20:00',1),(19,'selasa','14:30:00','15:20:00',1),(20,'selasa','15:30:00','16:20:00',1),(21,'selasa','16:30:00','17:20:00',1),(22,'rabu','07:30:00','08:20:00',1),(23,'rabu','08:30:00','09:20:00',1),(24,'rabu','09:30:00','10:20:00',1),(25,'rabu','10:30:00','11:20:00',1),(26,'rabu','11:30:00','12:20:00',1),(27,'rabu','12:30:00','13:20:00',1),(28,'rabu','13:30:00','14:20:00',1),(29,'rabu','14:30:00','15:20:00',1),(30,'rabu','15:30:00','16:20:00',1),(31,'rabu','16:30:00','17:20:00',1),(32,'kamis','07:30:00','08:20:00',1),(33,'kamis','08:30:00','09:20:00',1),(34,'kamis','09:30:00','10:20:00',1),(35,'kamis','10:30:00','11:20:00',1),(36,'kamis','11:30:00','12:20:00',1),(37,'kamis','12:30:00','13:20:00',1),(38,'kamis','13:30:00','14:20:00',1),(39,'kamis','14:30:00','15:20:00',1),(40,'kamis','15:30:00','16:20:00',1),(41,'kamis','16:30:00','17:20:00',1),(42,'jumat','07:30:00','08:20:00',1),(43,'jumat','08:30:00','09:20:00',1),(44,'jumat','09:30:00','10:20:00',1),(45,'jumat','10:30:00','11:20:00',1),(48,'jumat','13:30:00','14:20:00',1),(49,'jumat','14:30:00','15:20:00',1),(50,'jumat','15:30:00','16:20:00',1),(51,'jumat','16:30:00','17:20:00',1);

/* Procedure structure for procedure `get_prodi_by_makulid` */

/*!50003 DROP PROCEDURE IF EXISTS  `get_prodi_by_makulid` */;

DELIMITER $$

/*!50003 CREATE DEFINER=`root`@`localhost` PROCEDURE `get_prodi_by_makulid`(input_id INT UNSIGNED)
BEGIN
	DECLARE x INT;
	DECLARE str VARCHAR(255);
	SET x = -5;
	SET str = '';

	loop_label: LOOP
	IF x > 0 THEN
	LEAVE loop_label;
	END IF;
	SET str = CONCAT(str,x,',');
	SET x = x + 1;
	ITERATE loop_label;
	END LOOP;

	SELECT str;
    END */$$
DELIMITER ;

/*!40101 SET SQL_MODE=@OLD_SQL_MODE */;
/*!40014 SET FOREIGN_KEY_CHECKS=@OLD_FOREIGN_KEY_CHECKS */;
/*!40014 SET UNIQUE_CHECKS=@OLD_UNIQUE_CHECKS */;
/*!40111 SET SQL_NOTES=@OLD_SQL_NOTES */;
