/*
SQLyog Ultimate v8.8 
MySQL - 5.6.17 : Database - gluse
*********************************************************************
*/

/*!40101 SET NAMES utf8 */;

/*!40101 SET SQL_MODE=''*/;

/*!40014 SET @OLD_UNIQUE_CHECKS=@@UNIQUE_CHECKS, UNIQUE_CHECKS=0 */;
/*!40014 SET @OLD_FOREIGN_KEY_CHECKS=@@FOREIGN_KEY_CHECKS, FOREIGN_KEY_CHECKS=0 */;
/*!40101 SET @OLD_SQL_MODE=@@SQL_MODE, SQL_MODE='NO_AUTO_VALUE_ON_ZERO' */;
/*!40111 SET @OLD_SQL_NOTES=@@SQL_NOTES, SQL_NOTES=0 */;
/*Table structure for table `config` */

DROP TABLE IF EXISTS `config`;

CREATE TABLE `config` (
  `conf_id` int(11) NOT NULL AUTO_INCREMENT,
  `conf_name` varchar(200) DEFAULT NULL,
  `conf_value` varchar(100) DEFAULT NULL,
  `conf_tipe` varchar(3) DEFAULT '1' COMMENT '1:text, 2:cbox',
  PRIMARY KEY (`conf_id`)
) ENGINE=InnoDB AUTO_INCREMENT=5 DEFAULT CHARSET=latin1;

/*Data for the table `config` */

insert  into `config`(`conf_id`,`conf_name`,`conf_value`,`conf_tipe`) values (1,'periode_tahun_prediksi','6',NULL),(2,'item_per_page','100',NULL),(3,'semester_aktif','ganjil',NULL),(4,'min_persen_kelas','75',NULL);

/*Table structure for table `dosen` */

DROP TABLE IF EXISTS `dosen`;

CREATE TABLE `dosen` (
  `dsn_id` int(11) NOT NULL AUTO_INCREMENT,
  `dsn_nip` varchar(20) DEFAULT NULL,
  `dsn_nama` varchar(200) DEFAULT NULL,
  PRIMARY KEY (`dsn_id`),
  UNIQUE KEY `dsn_nama_key` (`dsn_nama`)
) ENGINE=InnoDB AUTO_INCREMENT=221 DEFAULT CHARSET=latin1;

/*Data for the table `dosen` */

insert  into `dosen`(`dsn_id`,`dsn_nip`,`dsn_nama`) values (1,NULL,'ABDUL RAHMAN SIREGAR, S.Si., M.Biotech\r'),(2,NULL,'ABDUL ROUF, Drs., M.I.Kom.\r'),(3,NULL,'ABDURAKHMAN, S.Si., M.Si., Dr.\r'),(4,NULL,'ADE ANGGRAINI, S.Si., M.Si.\r'),(5,NULL,'ADHITASARI SURATMAN, S.Si., M.Si., Dr.rer.nat.\r'),(6,NULL,'ADHITYA RONNIE EFFENDIE, M.Si., M.Sc., Dr.\r'),(7,NULL,'AFIF RAKHMAN, S.Si., M.Si.\r'),(8,NULL,'AGFIANTO EKO PUTRA, M.Si., Dr.\r'),(9,NULL,'AGUNG BAMBANG SETIO UTOMO, Dr., Prof.\r'),(10,NULL,'AGUNG DWI SAPUTRO, A.Md.\r'),(11,NULL,'AGUS HARJOKO, Drs., M.Sc., Ph.D.\r'),(12,NULL,'AGUS KUNCAKA, Dr., DEA.\r'),(13,NULL,'AGUS SIHABUDDIN, ., M.Kom.\r'),(14,NULL,'AHMAD ASHARI, Drs., M.I.Kom., Dr.tech.\r'),(15,NULL,'AHMAD KUSUMA ATMAJA, S.Si.\r'),(16,NULL,'AHMAD TAWFIEQURAHMAN YULIANSYAH, ST., MT.,\r'),(17,NULL,'AINA MUSDHOLIFAH, M.Sc., Dr.\r'),(18,NULL,'AKHMAD SYOUFIAN, S.Si., Ph.D.,\r'),(19,NULL,'ALROSYID, S.Si.\r'),(20,NULL,'ANDI DHARMAWAN, S.Si., M.Cs.\r'),(21,NULL,'ANIFUDDIN AZIS, ., M.Kom.\r'),(22,NULL,'ANINDITA SURYARASMI, S.Kom., M.Cs.\r'),(23,NULL,'ANNY KARTIKA SARI, M.Sc.,Dr\r'),(24,NULL,'APRI MULYANI, S.S,\r'),(25,NULL,'ARI DWI NUGRAHENI, S.Si.\r'),(26,NULL,'ARI SETIAWAN, Drs., M.Si., Dr.Ing.\r'),(27,NULL,'ARI SUPARWANTO, M.Si., Dr.rer.nat.\r'),(28,NULL,'ARIEF HERMANTO, S.U., M.Sc., Dr.\r'),(29,NULL,'ARIES BAGUS SASONGKO, S.Si., M.Biotech,\r'),(30,NULL,'ARIESTA MARTININGTYAS H, S.Si.,\r'),(31,NULL,'ARIF NURWIDYANTORO, S.Kom, M.Cs.\r'),(32,NULL,'ATOK ZULIJANTO, S.Si., M.Si., Ph.D.\r'),(33,NULL,'AZHARI, M.T., Dr.\r'),(34,NULL,'BAKHTIAR ALLDINO ARDI SUMBODO, S.Si.\r'),(35,NULL,'BAMBANG NURCAHYO PRASTOWO, Drs., M.Sc.\r'),(36,NULL,'BAMBANG PURWONO, Drs., M.Sc., Ph.D.\r'),(37,NULL,'BAMBANG RUSDIARSO, Dr., DEA., Prof.\r'),(38,NULL,'BAMBANG SETIAJI, Dr., Prof.\r'),(39,NULL,'BAMBANG SOEDIJONO, Dr., Prof.\r'),(40,NULL,'BILAL MA\'RUF, S.T., M.T.\r'),(41,NULL,'BUDI EKA NURCAHYA, Drs., M.Si.\r'),(42,NULL,'BUDI SUMANTO, S.Si.\r'),(43,NULL,'BUDI SURODJO, M.Si., Dr.\r'),(44,NULL,'CATUR ATMAJI, S.Si.\r'),(45,NULL,'CHAIRIL ANWAR, Dr.\r'),(46,NULL,'CHRISTIANA RINI INDRATI, M.Si., Dr.\r'),(47,NULL,'CISYA DEWANTARA NUGRAHA, M.A.\r'),(48,NULL,'DANANG LELONO, S.Si., M.T.\r'),(49,NULL,'DANARDONO, Drs., MPH., Ph.D.\r'),(50,NULL,'DEDI ROSADI, M.Sc., Dr.rer.nat., Prof.\r'),(51,NULL,'DIAN BUDI SANTOSO, SKM\r'),(52,NULL,'DWI SISWANTA, M.Hum.,\r'),(53,NULL,'DWI SISWANTO, Drs., M.Eng., Ph.D.\r'),(54,NULL,'DWI UMI SISWANTI, S.Si., M.Sc.,\r'),(55,NULL,'EDDY KRISTIYONO, A.Md.PK, SKM\r'),(56,NULL,'EDI SUHARYADI, S.Si., M.Eng., Dr.Eng.\r'),(57,NULL,'EDI WINARKO, Drs., M.Sc., Ph.D.\r'),(58,NULL,'Eko Agus Suyono, S.Si., M.App.Sc.,\r'),(59,NULL,'EKO SRI KUNARTI, Dra., M.Si., Ph.D.\r'),(60,NULL,'EKO SUGIHARTO, Dr., DEA.\r'),(61,NULL,'EKO TRI SULISTYANI, Dra., M.Sc.\r'),(62,NULL,'ELIDA LAILIA ISTIQOMAH, S.Si., M.Sc.\r'),(63,NULL,'ENDANG TRI WAHYUNI, M.S., Dr., Prof.\r'),(64,NULL,'FAHRUDIN NUGROHO, S.Si., M.Si.\r'),(65,NULL,'FAIZAH, S.Kom., M.Sc.\r'),(66,NULL,'FAJAR ADI KUSUMO, S.Si., M.Si., Dr.\r'),(67,NULL,'FARID ISHARTOMO, S.Si.\r'),(68,NULL,'FITRI DAMAYANTI BERUTU, M.M.\r'),(69,NULL,'GEDE BAYU SUPARTA, Drs., M.S., Ph.D.\r'),(70,NULL,'GP. DALIJO, Drs., Dipl.Comp.\r'),(71,NULL,'GUNARDI, M.Si., Dr.\r'),(72,NULL,'GUNTUR MARUTO, Drs., S.U., Dr.\r'),(73,NULL,'HAMDANI MURDA, S.Si.,M.SE\r'),(74,NULL,'HARDJONO SASTROHAMIDJOJO, Dr., Prof.\r'),(75,NULL,'HARNO DWI PRANOWO, M.S., Dr.rer.nat., Prof.\r'),(76,NULL,'HARSOJO, S.U., M.Sc., Dr.\r'),(77,NULL,'HELIDA NURCAHAYANI, SST., M.Si.\r'),(78,NULL,'HERNI UTAMI, S.Si., M.Si.\r'),(79,NULL,'HERNI UTAMI, S.Si., M.Si.,\r'),(80,NULL,'I GEDE MUJIYATNA, ., M.Kom.\r'),(81,NULL,'IBNU MARDIYOKO, M.M.\r'),(82,NULL,'IIP IZUL FALAH, Dr., Prof.\r'),(83,NULL,'IKA CANDRADEWI, S.Si.\r'),(84,NULL,'IKHSAN SETIAWAN, S.Si., M.Si.,\r'),(85,NULL,'IMAM SOLEKHUDIN, S.Si., M.Si., Ph.D.\r'),(86,NULL,'IMAM SUYANTO, Drs., M.Si.\r'),(87,NULL,'IMAM SUYANTO, Drs., M.Si.,\r'),(88,NULL,'IMAN SANTOSO, S.Si., M.Sc., Ph.D\r'),(89,NULL,'INDAH EMILIA WIJAYANTI, M.Si., Dr.rer.nat.\r'),(90,NULL,'INDARSIH, S.Si., M.Si.\r'),(91,NULL,'INDRIANA KARTINI, S.Si., M.Si., Ph.D.\r'),(92,NULL,'IQMAL TAHIR, Drs., M.Si.\r'),(93,NULL,'IRWAN ENDRAYANTO A., S.Si., M.Sc., Dr.\r'),(94,NULL,'ISNAN NUR RIFAI, S.Si.\r'),(95,NULL,'IVA ARIANI, DR\r'),(96,NULL,'JANOE HENDARTO, Drs., M.I.Kom.\r'),(97,NULL,'JUMINA, Drs., Ph.D., Prof.\r'),(98,NULL,'KARLINA DENISTIA, S.S., M.A.\r'),(99,NULL,'KARNA WIJAYA, Drs., M.Eng., Dr.rer.nat., Prof.\r'),(100,NULL,'KARTINI, Dra., M.Hum.\r'),(101,NULL,'KARYONO, S.U., Dr., Prof.\r'),(102,NULL,'KHABIB MUSTOFA, M.Kom., Dr.tech.\r'),(103,NULL,'KIRBANI SRI BROTOPUSPITO, Dr., Prof.\r'),(104,NULL,'KUSMINARTO, Dr., Prof.\r'),(105,NULL,'KUWAT TRIYANA, M.Si., Dr. Eng.\r'),(106,NULL,'LINA ARYATI, Dra., M.S., Dr.rer.nat.\r'),(107,NULL,'Lisna Hidayati, S.Si., M.Biotech.\r'),(108,NULL,'LUKMAN HERYAWAN, S.T., M.T.\r'),(109,NULL,'M. FARCHANI ROSYID, Drs., M.Si., Dr.rer.nat.\r'),(110,NULL,'MARDANI, S.E., M.T.\r'),(111,NULL,'MARDHANI RIASETIAWAN, M.T.\r'),(112,NULL,'MARDOTO, KOL. SUS.\r'),(113,NULL,'MASIRAN, M.Si.\r'),(114,NULL,'MEDI, Drs., M.Kom.\r'),(115,NULL,'MHD. REZA M.I. PULUNGAN, S.Si., M.Sc., Dr.Ing.\r'),(116,NULL,'MIRZA SATRIAWAN, S.Si., M.Si., Ph.D.\r'),(117,NULL,'MITRAYANA, S.Si., M.Si., Dr.\r'),(118,NULL,'MOCHAMMAD NUKMAN, S.T., M.Sc.\r'),(119,NULL,'MOCHAMMAD TARI, Drs., M.Si.\r'),(120,NULL,'MOCHAMMAD UTORO YAHYA, Dr., Prof.\r'),(121,NULL,'MOH. ALI JOKO WASONO, M.S., Dr.\r'),(122,NULL,'MUDASIR, Drs., M.Eng., Ph.D., Prof.\r'),(123,NULL,'MUH. FAKHURRIFQI, S.Kom., M.Cs.\r'),(124,NULL,'MUHAMMAD DARWIS UMAR, S.SI.M.SI\r'),(125,NULL,'NARSITO, Dr., Prof.\r'),(126,NULL,'NIA GELLA AUGOESTIEN, S.Si.\r'),(127,NULL,'NIKEN ANGRAENI, S.S.\r'),(128,NULL,'NUR ENDAH NUGRAHENI, S.S.,M.S\r'),(129,NULL,'NUR ROKHMAN, S.Si., M.Kom.\r'),(130,NULL,'NURUL HIDAYAT A., S.Si., M.Si., Dr.rer.nat.\r'),(131,NULL,'NURYATI, MPH\r'),(132,NULL,'NURYONO, Drs., M.S., Dr.rer.nat., Prof.\r'),(133,NULL,'PANGGIH BASUKI, Drs., M.Si.\r'),(134,NULL,'PEKIK NURWANTORO, Drs., M.S., Ph.D.\r'),(135,NULL,'PRIATMOKO, Drs., M.S.\r'),(136,NULL,'PRIJONO NUGROHO, MSP., Ph.D.\r'),(137,NULL,'PRODI\r'),(138,NULL,'PUJIHARTO, Dr., S.S., M.Hum.\r'),(139,NULL,'RADEN SANJOYO, A.Md., S.Kom.\r'),(140,NULL,'RADEN SUMIHARTO, S.Si., M.Kom.\r'),(141,NULL,'RAKHMAT SOLEH, S.S, M.Hum.\r'),(142,NULL,'RATNA UDAYA WIDODO, Dra., MLS.\r'),(143,NULL,'RAWI MIHARTI, Dra., MPH.\r'),(144,NULL,'RESPATI TRI SWASONO, S.Si., M.Phil., Ph.D.\r'),(145,NULL,'RETANTYO WARDOYO, Drs., M.Sc., Ph.D.\r'),(146,NULL,'RIA ARMUNANTO, S.Si., M.Si., Dr.rer.nat.\r'),(147,NULL,'RIANTI SISWI UTAMI, S.Si.\r'),(148,NULL,'RINTO ANUGRAHA NQZ, S.Si., M.Si., Ph.D.\r'),(149,NULL,'ROBBY NOOR CAHYONO, S.Si., M.Sc.\r'),(150,NULL,'ROCHIM BAKTI CAHYONO, ST., M.Sc.\r'),(151,NULL,'ROTO, Drs., M.Eng., Ph.D.\r'),(152,NULL,'SABIRIN MATSJEH, Dr., Prof.\r'),(153,NULL,'SALMAH, M.Si., Dr.\r'),(154,NULL,'SARDJONO, Drs., S.U.\r'),(155,NULL,'SARI DARMASIWI, S.Si., M. Biotech.,\r'),(156,NULL,'SARI LESTARI, Dra., M.A.\r'),(157,NULL,'SAVITRI CITRA BUDI, MPH\r'),(158,NULL,'SETIADJI, Prof.\r'),(159,NULL,'SIDIK BUDI W., LETKOL SUS., S.Si., M.Si.\r'),(160,NULL,'SIGIT PRIYANTA, S.Si., M.Kom.\r'),(161,NULL,'SISMANTO, M.Si., Dr., Prof.\r'),(162,NULL,'SITI SUSANTI, Dra., S.U.\r'),(163,NULL,'SLAMET SUTRISNO, Drs.,M.Si\r'),(164,NULL,'SRI HARTATI, Dra., M.Sc., Ph.D.\r'),(165,NULL,'SRI HARYATMI, M.Sc., Dr., Prof.\r'),(166,NULL,'SRI JUARI SANTOSA, Drs., M.Eng., Ph.D., Prof.\r'),(167,NULL,'SRI MULYANA, Drs., M.Kom.\r'),(168,NULL,'SRI WAHYUNI, S.U., Dr., Prof.\r'),(169,NULL,'SRI WIDAYANTI, Dra., M.S.\r'),(170,NULL,'SUBANAR, Drs., Ph.D., Prof.\r'),(171,NULL,'SUDARYANTO, Drs., M.Hum.\r'),(172,NULL,'SUDIARTONO, Drs., M.S.\r'),(173,NULL,'SUGENG TRIONO, S.Si., M.Si.\r'),(174,NULL,'SUGENG, A.Md.\r'),(175,NULL,'SUHARTO, Dr.\r'),(176,NULL,'SUMARDI, M.Si., Dr.\r'),(177,NULL,'SUMARNI DWI W., Dr., M.Kes.\r'),(178,NULL,'SUMARYO, Ir., M.Si\r'),(179,NULL,'SUNARTA, Drs., M.S.\r'),(180,NULL,'SUPAMA, M.Si., Dr., Prof.\r'),(181,NULL,'SUPRAPTO, Drs., M.Ikom.\r'),(182,NULL,'SURYO NUGROHO MARKUS, S.E., MPH.\r'),(183,NULL,'SUTARNO, M.Si., Dr.\r'),(184,NULL,'SUTOPO, S.Si., M.Si.\r'),(185,NULL,'SUWONO, dr.\r'),(186,NULL,'SUYANTA, M.Si., Dr.\r'),(187,NULL,'SUYOKO, KOL., ADM.\r'),(188,NULL,'SYAMSUL BARRY, S.Sn., M.Hum.\r'),(189,NULL,'TARSISIUS ARIS SUNANTYO, Ir., Dr.\r'),(190,NULL,'TAUFIK ABDILLAH NATSIR, S.Si., M.Sc.\r'),(191,NULL,'TERIA ANARGHATI, S.S.,MA\r'),(192,NULL,'TOTO SUDARGO, Dr.,\r'),(193,NULL,'TRI JOKO RAHARJO, S.Si., M.Si., Ph.D.\r'),(194,NULL,'TRI KUNTORO PRIYAMBODO, Dr., M.Sc.\r'),(195,NULL,'TRI WAHYU SUPARDI, S.Si.\r'),(196,NULL,'TRIYOGATAMA WAHYU WIDODO, S.Kom., M.Kom.\r'),(197,NULL,'TRIYONO, S.U., Dr., Prof.\r'),(198,NULL,'TUTIK DWI WAHYUNINGSIH, Dra., M.Si., Ph.D.\r'),(199,NULL,'VEMMIE NASTITI LESTARI, M.Sc.\r'),(200,NULL,'WAGINI R., Drs., M.S.\r'),(201,NULL,'WAHYUDI ISTIONO, dr., M.Kes.,\r'),(202,NULL,'WAHYUDI, M.S., Dr.\r'),(203,NULL,'WALUYO, Drs., M.Sc., Ph.D.\r'),(204,NULL,'WEGA TRISUNARYANTI, M.S., Ph.D., Prof.\r'),(205,NULL,'WIDHI SULISTYO, S.Kom.\r'),(206,NULL,'WIDODO PRIJODIPRODJO, M.Sc.\r'),(207,NULL,'WINARTO HARYADI, M.Si., Dr.\r'),(208,NULL,'WIWIT SURYANTO, S.Si., M.Si., Dr.rer.nat.\r'),(209,NULL,'WORO ANINDITO SRI TUNJUNG, M.Sc., Ph.D.\r'),(210,NULL,'YATEMAN ARRYANTO, Dr.\r'),(211,NULL,'YENI SUSANTI, S.Si., M.Si.\r'),(212,NULL,'YOHANES SUYANTO, Drs., M.I.Kom.\r'),(213,NULL,'YULIANINGSIH RISWAN, M.A.\r'),(214,NULL,'YUNITA WULAN SARI, S.Si., M.Sc.\r'),(215,NULL,'YUSRIL YUSUF, S.Si., M.Eng., Dr.Eng.\r'),(216,NULL,'YUSRON FUADI, M.Sn.\r'),(217,NULL,'YUSUF, Drs., M.A. Math.\r'),(218,NULL,'ZULAELA, Drs., Dipl.Med.Stats., M.Si.\r'),(219,NULL,'NUR KHUSNUSSA\'ADAH, S.Si., M.Sc.'),(220,NULL,'DIAH JUNIA EKSI PALUPI, Dra., S.U.');

/*Table structure for table `dosen_kelas` */

DROP TABLE IF EXISTS `dosen_kelas`;

CREATE TABLE `dosen_kelas` (
  `dsnkls_id` int(11) NOT NULL AUTO_INCREMENT,
  `dsnkls_dsn_id` int(11) DEFAULT NULL,
  `dsnkls_kls_id` int(11) DEFAULT NULL,
  PRIMARY KEY (`dsnkls_id`),
  KEY `dsnkls_key` (`dsnkls_dsn_id`,`dsnkls_kls_id`),
  KEY `FK_dosen_kelas_2` (`dsnkls_kls_id`),
  CONSTRAINT `FK_dosen_kelas` FOREIGN KEY (`dsnkls_dsn_id`) REFERENCES `dosen` (`dsn_id`) ON DELETE NO ACTION ON UPDATE NO ACTION,
  CONSTRAINT `FK_dosen_kelas_2` FOREIGN KEY (`dsnkls_kls_id`) REFERENCES `kelas` (`kls_id`) ON DELETE NO ACTION ON UPDATE NO ACTION
) ENGINE=InnoDB AUTO_INCREMENT=576 DEFAULT CHARSET=latin1;

/*Data for the table `dosen_kelas` */

insert  into `dosen_kelas`(`dsnkls_id`,`dsnkls_dsn_id`,`dsnkls_kls_id`) values (513,1,25),(120,2,231),(67,3,123),(101,3,194),(134,3,250),(64,4,120),(90,4,168),(173,4,315),(72,5,130),(78,5,147),(83,5,156),(1,6,1),(240,6,195),(129,6,242),(554,6,244),(133,6,249),(149,6,272),(35,7,74),(71,8,129),(121,8,233),(127,8,240),(128,8,241),(172,8,306),(99,9,188),(111,9,216),(539,10,180),(150,11,274),(152,11,278),(253,11,307),(8,12,20),(59,12,108),(113,13,218),(569,13,291),(168,14,300),(254,14,308),(33,15,72),(40,15,81),(15,16,32),(255,17,309),(77,18,139),(123,18,235),(563,18,270),(55,20,102),(537,20,161),(158,20,287),(164,20,296),(93,21,181),(94,21,182),(550,22,227),(7,23,18),(514,23,27),(566,23,277),(256,23,310),(17,24,35),(38,25,79),(47,26,89),(4,27,13),(6,27,16),(527,27,92),(132,27,246),(564,27,273),(19,29,45),(54,31,100),(125,31,238),(166,31,298),(62,32,113),(63,32,116),(241,32,196),(565,33,275),(160,33,290),(571,33,303),(257,33,311),(27,34,61),(57,34,106),(560,34,259),(126,35,239),(28,36,63),(530,37,98),(570,38,294),(178,38,321),(14,39,31),(12,41,28),(153,41,279),(189,43,14),(140,43,260),(568,43,289),(572,43,304),(518,44,40),(209,46,114),(211,46,117),(242,46,197),(156,46,283),(109,48,214),(561,48,261),(20,49,48),(243,49,198),(88,50,166),(89,50,167),(97,50,185),(141,50,262),(219,52,140),(191,53,21),(70,53,126),(196,54,46),(180,56,2),(44,56,85),(232,56,169),(162,56,293),(22,57,52),(258,57,312),(197,58,47),(21,59,49),(103,59,205),(148,59,271),(233,61,170),(25,62,57),(37,62,78),(9,63,22),(215,63,131),(228,63,157),(42,64,83),(234,64,171),(3,65,12),(58,65,107),(61,66,110),(66,66,122),(135,66,252),(251,66,284),(193,69,36),(34,69,73),(43,69,84),(119,69,230),(32,70,70),(136,71,253),(142,71,263),(181,72,3),(118,73,228),(557,73,251),(81,75,153),(11,79,26),(116,79,222),(154,79,280),(531,82,101),(86,82,162),(556,82,248),(519,83,41),(529,84,95),(52,85,97),(53,85,99),(210,85,115),(100,85,192),(252,85,285),(36,87,77),(112,87,217),(41,88,82),(526,88,87),(521,89,44),(244,89,199),(532,90,103),(159,90,288),(182,91,4),(75,91,135),(220,91,141),(553,91,237),(520,92,43),(230,92,163),(102,92,203),(552,92,232),(138,93,257),(2,96,10),(174,96,317),(175,96,318),(56,97,104),(221,97,142),(194,98,37),(231,99,164),(259,102,313),(235,105,172),(547,105,212),(114,105,219),(137,106,255),(574,106,322),(95,108,183),(236,109,173),(104,109,206),(107,109,210),(30,111,67),(10,113,24),(26,113,59),(179,113,323),(167,114,299),(68,115,124),(98,115,186),(237,116,174),(92,116,179),(176,116,319),(46,117,88),(124,117,236),(23,118,53),(50,118,94),(157,118,286),(528,119,93),(51,119,96),(546,119,207),(183,121,5),(534,121,119),(549,121,220),(145,121,266),(184,122,6),(213,122,127),(544,124,193),(198,125,50),(49,125,91),(207,128,111),(192,130,23),(214,130,128),(216,130,132),(222,130,143),(229,130,158),(147,133,269),(524,135,62),(80,135,150),(170,135,302),(171,135,305),(96,136,184),(558,138,254),(163,140,295),(16,141,33),(540,141,187),(516,143,34),(575,143,324),(202,144,64),(76,144,138),(223,144,144),(24,146,54),(69,146,125),(224,146,145),(87,146,165),(165,146,297),(245,147,200),(248,147,223),(151,147,276),(65,148,121),(106,148,209),(217,149,136),(226,149,151),(185,151,7),(225,151,146),(535,151,148),(562,151,268),(208,153,112),(143,153,264),(144,153,265),(177,153,320),(512,161,19),(523,161,60),(238,161,175),(105,161,208),(115,161,221),(60,164,109),(110,164,215),(13,165,30),(567,165,282),(199,166,51),(73,166,133),(74,166,134),(551,168,229),(139,170,258),(146,172,267),(203,174,65),(218,174,137),(227,174,152),(91,175,177),(260,175,314),(522,176,58),(538,176,178),(533,177,105),(541,177,189),(155,178,281),(186,179,8),(205,179,75),(239,179,176),(45,180,86),(130,180,243),(543,182,191),(187,183,9),(108,183,211),(195,191,38),(555,192,247),(18,193,42),(82,193,155),(29,196,66),(169,196,301),(200,197,55),(84,198,159),(31,199,68),(249,199,224),(39,200,80),(536,201,154),(48,202,90),(201,204,56),(525,204,69),(85,204,160),(542,204,190),(204,206,71),(161,206,292),(79,207,149),(559,209,256),(545,210,204),(5,211,15),(190,211,17),(515,211,29),(246,211,201),(131,211,245),(188,212,11),(122,212,234),(548,213,213),(247,214,202),(250,214,225),(117,214,226),(517,215,39),(206,215,76),(573,215,316),(212,217,118);

/*Table structure for table `dosen_waktu` */

DROP TABLE IF EXISTS `dosen_waktu`;

CREATE TABLE `dosen_waktu` (
  `dsnwkt_id` int(11) NOT NULL AUTO_INCREMENT,
  `dsnwkt_dsn_id` int(11) DEFAULT NULL,
  `dsnwkt_wkt_id` int(11) DEFAULT NULL,
  PRIMARY KEY (`dsnwkt_id`),
  KEY `dsnwkt_key` (`dsnwkt_dsn_id`,`dsnwkt_wkt_id`),
  KEY `FK_dosen_waktu_2` (`dsnwkt_wkt_id`),
  CONSTRAINT `FK_dosen_waktu` FOREIGN KEY (`dsnwkt_dsn_id`) REFERENCES `dosen` (`dsn_id`) ON DELETE CASCADE ON UPDATE CASCADE,
  CONSTRAINT `FK_dosen_waktu_2` FOREIGN KEY (`dsnwkt_wkt_id`) REFERENCES `waktu` (`waktu_id`) ON DELETE CASCADE ON UPDATE CASCADE
) ENGINE=InnoDB AUTO_INCREMENT=10 DEFAULT CHARSET=latin1;

/*Data for the table `dosen_waktu` */

insert  into `dosen_waktu`(`dsnwkt_id`,`dsnwkt_dsn_id`,`dsnwkt_wkt_id`) values (9,60,14),(5,60,34),(1,98,1),(3,98,7),(2,98,20),(4,325,34);

/*Table structure for table `jadwal_kuliah` */

DROP TABLE IF EXISTS `jadwal_kuliah`;

CREATE TABLE `jadwal_kuliah` (
  `jk_id` int(11) NOT NULL AUTO_INCREMENT,
  `jk_kls_id` int(11) DEFAULT NULL,
  `jk_wkt_id` int(11) DEFAULT NULL,
  `jk_ru_id` int(11) DEFAULT NULL,
  `jk_period` int(6) DEFAULT NULL,
  `jk_jam_selesai` time DEFAULT NULL,
  `jk_label` varchar(100) DEFAULT NULL,
  PRIMARY KEY (`jk_id`),
  KEY `FK_jadwal_kuliah_` (`jk_wkt_id`),
  KEY `FK_jadwal_kuliah_2` (`jk_ru_id`),
  KEY `FK_jadwal_kuliah` (`jk_kls_id`),
  CONSTRAINT `FK_jadwal_kuliah` FOREIGN KEY (`jk_kls_id`) REFERENCES `kelas` (`kls_id`) ON DELETE NO ACTION ON UPDATE NO ACTION,
  CONSTRAINT `FK_jadwal_kuliah_` FOREIGN KEY (`jk_wkt_id`) REFERENCES `waktu` (`waktu_id`),
  CONSTRAINT `FK_jadwal_kuliah_2` FOREIGN KEY (`jk_ru_id`) REFERENCES `ruang` (`ru_id`)
) ENGINE=InnoDB AUTO_INCREMENT=2917 DEFAULT CHARSET=latin1;

/*Data for the table `jadwal_kuliah` */

insert  into `jadwal_kuliah`(`jk_id`,`jk_kls_id`,`jk_wkt_id`,`jk_ru_id`,`jk_period`,`jk_jam_selesai`,`jk_label`) values (2593,217,17,21,3,'15:00:00','U2.04, selasa 12:30:00-15:00:00'),(2594,184,27,21,2,'14:10:00','U2.04, rabu 12:30:00-14:10:00'),(2595,283,25,17,3,'13:00:00','U2.01, rabu 10:30:00-13:00:00'),(2596,284,25,5,3,'13:00:00','K1, rabu 10:30:00-13:00:00'),(2597,285,25,15,3,'13:00:00','U2.02, rabu 10:30:00-13:00:00'),(2598,120,50,20,2,'17:10:00','U2.03, jumat 15:30:00-17:10:00'),(2599,218,27,20,2,'14:10:00','U2.03, rabu 12:30:00-14:10:00'),(2600,214,32,20,3,'10:00:00','U2.03, kamis 07:30:00-10:00:00'),(2601,139,5,5,2,'13:10:00','K1, senin 11:30:00-13:10:00'),(2602,221,13,14,2,'10:10:00','M2.12, selasa 08:30:00-10:10:00'),(2603,135,19,17,3,'17:00:00','U2.01, selasa 14:30:00-17:00:00'),(2604,136,19,26,3,'17:00:00','Lab.Das., selasa 14:30:00-17:00:00'),(2605,137,19,15,3,'17:00:00','U2.02, selasa 14:30:00-17:00:00'),(2606,140,5,7,2,'13:10:00','S2.506, senin 11:30:00-13:10:00'),(2607,141,2,2,2,'10:10:00','S2.02, senin 08:30:00-10:10:00'),(2608,142,2,4,2,'10:10:00','S2.03, senin 08:30:00-10:10:00'),(2609,143,32,21,2,'09:10:00','U2.04, kamis 07:30:00-09:10:00'),(2610,144,32,1,2,'09:10:00','S2.01, kamis 07:30:00-09:10:00'),(2611,145,44,4,2,'11:10:00','S2.03, jumat 09:30:00-11:10:00'),(2612,146,44,14,2,'11:10:00','M2.12, jumat 09:30:00-11:10:00'),(2613,130,15,1,2,'12:10:00','S2.01, selasa 10:30:00-12:10:00'),(2614,35,5,21,2,'13:10:00','U2.04, senin 11:30:00-13:10:00'),(2615,108,24,20,2,'11:10:00','U2.03, rabu 09:30:00-11:10:00'),(2616,294,35,7,3,'13:00:00','S2.506, kamis 10:30:00-13:00:00'),(2617,319,33,11,2,'10:10:00','M2.09, kamis 08:30:00-10:10:00'),(2618,286,30,27,2,'17:10:00','S2.507, rabu 15:30:00-17:10:00'),(2619,42,2,7,2,'10:10:00','S2.506, senin 08:30:00-10:10:00'),(2620,43,2,11,2,'10:10:00','M2.09, senin 08:30:00-10:10:00'),(2621,44,2,5,2,'10:10:00','K1, senin 08:30:00-10:10:00'),(2622,131,15,7,2,'12:10:00','S2.506, selasa 10:30:00-12:10:00'),(2623,132,15,21,2,'12:10:00','U2.04, selasa 10:30:00-12:10:00'),(2624,89,7,2,3,'16:00:00','S2.02, senin 13:30:00-16:00:00'),(2625,203,17,27,2,'14:10:00','S2.507, selasa 12:30:00-14:10:00'),(2626,204,17,7,2,'14:10:00','S2.506, selasa 12:30:00-14:10:00'),(2627,30,23,17,2,'10:10:00','U2.01, rabu 08:30:00-10:10:00'),(2628,106,26,4,3,'14:00:00','S2.03, rabu 11:30:00-14:00:00'),(2629,253,5,1,3,'14:00:00','S2.01, senin 11:30:00-14:00:00'),(2630,254,5,4,3,'14:00:00','S2.03, senin 11:30:00-14:00:00'),(2631,321,27,1,3,'15:00:00','S2.01, rabu 12:30:00-15:00:00'),(2632,322,27,6,3,'15:00:00','S2.505, rabu 12:30:00-15:00:00'),(2633,160,18,2,2,'15:10:00','S2.02, selasa 13:30:00-15:10:00'),(2634,31,14,17,2,'11:10:00','U2.01, selasa 09:30:00-11:10:00'),(2635,156,6,17,3,'15:00:00','U2.01, senin 12:30:00-15:00:00'),(2636,16,44,1,2,'11:10:00','S2.01, jumat 09:30:00-11:10:00'),(2637,161,18,16,2,'15:10:00','T2.01, selasa 13:30:00-15:10:00'),(2638,45,29,11,2,'16:10:00','M2.09, rabu 14:30:00-16:10:00'),(2639,46,29,17,2,'16:10:00','U2.01, rabu 14:30:00-16:10:00'),(2640,47,29,2,2,'16:10:00','S2.02, rabu 14:30:00-16:10:00'),(2641,110,22,21,3,'10:00:00','U2.04, rabu 07:30:00-10:00:00'),(2642,111,22,6,3,'10:00:00','S2.505, rabu 07:30:00-10:00:00'),(2643,112,22,16,3,'10:00:00','T2.01, rabu 07:30:00-10:00:00'),(2644,150,43,16,2,'10:10:00','T2.01, jumat 08:30:00-10:10:00'),(2645,151,43,15,2,'10:10:00','U2.02, jumat 08:30:00-10:10:00'),(2646,152,43,20,2,'10:10:00','U2.03, jumat 08:30:00-10:10:00'),(2647,17,44,2,2,'11:10:00','S2.02, jumat 09:30:00-11:10:00'),(2648,153,19,6,2,'16:10:00','S2.505, selasa 14:30:00-16:10:00'),(2649,154,19,11,2,'16:10:00','M2.09, selasa 14:30:00-16:10:00'),(2650,305,19,14,2,'16:10:00','M2.12, selasa 14:30:00-16:10:00'),(2651,194,49,6,2,'16:10:00','S2.505, jumat 14:30:00-16:10:00'),(2652,157,6,16,3,'15:00:00','T2.01, senin 12:30:00-15:00:00'),(2653,158,6,15,3,'15:00:00','U2.02, senin 12:30:00-15:00:00'),(2654,20,2,1,2,'10:10:00','S2.01, senin 08:30:00-10:10:00'),(2655,113,39,4,3,'17:00:00','S2.03, kamis 14:30:00-17:00:00'),(2656,114,39,20,3,'17:00:00','U2.03, kamis 14:30:00-17:00:00'),(2657,115,39,5,3,'17:00:00','K1, kamis 14:30:00-17:00:00'),(2658,21,2,27,2,'10:10:00','S2.507, senin 08:30:00-10:10:00'),(2659,107,38,1,3,'16:00:00','S2.01, kamis 13:30:00-16:00:00'),(2660,195,49,14,2,'16:10:00','M2.12, jumat 14:30:00-16:10:00'),(2661,196,36,2,2,'13:10:00','S2.02, kamis 11:30:00-13:10:00'),(2662,197,36,26,2,'13:10:00','Lab.Das., kamis 11:30:00-13:10:00'),(2663,198,20,5,2,'17:10:00','K1, selasa 15:30:00-17:10:00'),(2664,199,20,27,2,'17:10:00','S2.507, selasa 15:30:00-17:10:00'),(2665,200,30,15,2,'17:10:00','U2.02, rabu 15:30:00-17:10:00'),(2666,201,30,7,2,'17:10:00','S2.506, rabu 15:30:00-17:10:00'),(2667,202,1,20,2,'09:10:00','U2.03, senin 07:30:00-09:10:00'),(2668,222,3,20,2,'11:10:00','U2.03, senin 09:30:00-11:10:00'),(2669,162,29,20,3,'17:00:00','U2.03, rabu 14:30:00-17:00:00'),(2670,159,4,26,2,'12:10:00','Lab.Das., senin 10:30:00-12:10:00'),(2671,166,3,16,2,'11:10:00','T2.01, senin 09:30:00-11:10:00'),(2672,208,17,26,2,'14:10:00','Lab.Das., selasa 12:30:00-14:10:00'),(2673,223,3,6,2,'11:10:00','S2.505, senin 09:30:00-11:10:00'),(2674,224,3,21,2,'11:10:00','U2.04, senin 09:30:00-11:10:00'),(2675,225,3,14,2,'11:10:00','M2.12, senin 09:30:00-11:10:00'),(2676,257,42,21,3,'10:00:00','U2.04, jumat 07:30:00-10:00:00'),(2677,306,13,20,2,'10:10:00','U2.03, selasa 08:30:00-10:10:00'),(2678,307,13,4,2,'10:10:00','S2.03, selasa 08:30:00-10:10:00'),(2679,308,36,17,2,'13:10:00','U2.01, kamis 11:30:00-13:10:00'),(2680,309,36,20,2,'13:10:00','U2.03, kamis 11:30:00-13:10:00'),(2681,310,40,26,2,'17:10:00','Lab.Das., kamis 15:30:00-17:10:00'),(2682,311,40,6,2,'17:10:00','S2.505, kamis 15:30:00-17:10:00'),(2683,312,22,2,2,'09:10:00','S2.02, rabu 07:30:00-09:10:00'),(2684,313,22,5,2,'09:10:00','K1, rabu 07:30:00-09:10:00'),(2685,314,48,17,2,'15:10:00','U2.01, jumat 13:30:00-15:10:00'),(2686,163,29,14,3,'17:00:00','M2.12, rabu 14:30:00-17:00:00'),(2687,164,29,26,3,'17:00:00','Lab.Das., rabu 14:30:00-17:00:00'),(2688,38,17,4,3,'15:00:00','S2.03, selasa 12:30:00-15:00:00'),(2689,39,17,20,3,'15:00:00','U2.03, selasa 12:30:00-15:00:00'),(2690,92,42,11,2,'09:10:00','M2.09, jumat 07:30:00-09:10:00'),(2691,168,40,27,2,'17:10:00','S2.507, kamis 15:30:00-17:10:00'),(2692,169,40,17,2,'17:10:00','U2.01, kamis 15:30:00-17:10:00'),(2693,170,29,5,2,'16:10:00','K1, rabu 14:30:00-16:10:00'),(2694,171,29,21,2,'16:10:00','U2.04, rabu 14:30:00-16:10:00'),(2695,172,32,17,2,'09:10:00','U2.01, kamis 07:30:00-09:10:00'),(2696,173,32,4,2,'09:10:00','S2.03, kamis 07:30:00-09:10:00'),(2697,174,1,14,2,'09:10:00','M2.12, senin 07:30:00-09:10:00'),(2698,175,1,16,2,'09:10:00','T2.01, senin 07:30:00-09:10:00'),(2699,176,26,16,2,'13:10:00','T2.01, rabu 11:30:00-13:10:00'),(2700,93,42,6,2,'09:10:00','S2.505, jumat 07:30:00-09:10:00'),(2701,83,12,7,2,'09:10:00','S2.506, selasa 07:30:00-09:10:00'),(2702,54,42,27,2,'09:10:00','S2.507, jumat 07:30:00-09:10:00'),(2703,102,3,15,3,'12:00:00','U2.02, senin 09:30:00-12:00:00'),(2704,103,3,17,3,'12:00:00','U2.01, senin 09:30:00-12:00:00'),(2705,280,15,6,2,'12:10:00','S2.505, selasa 10:30:00-12:10:00'),(2706,55,42,7,2,'09:10:00','S2.506, jumat 07:30:00-09:10:00'),(2707,56,42,14,2,'09:10:00','M2.12, jumat 07:30:00-09:10:00'),(2708,74,43,17,3,'11:00:00','U2.01, jumat 08:30:00-11:00:00'),(2709,264,49,5,3,'17:00:00','K1, jumat 14:30:00-17:00:00'),(2710,75,43,26,3,'11:00:00','Lab.Das., jumat 08:30:00-11:00:00'),(2711,76,43,5,3,'11:00:00','K1, jumat 08:30:00-11:00:00'),(2712,79,24,1,2,'11:10:00','S2.01, rabu 09:30:00-11:10:00'),(2713,1,23,27,2,'10:10:00','S2.507, rabu 08:30:00-10:10:00'),(2714,302,50,7,2,'17:10:00','S2.506, jumat 15:30:00-17:10:00'),(2715,303,50,2,2,'17:10:00','S2.02, jumat 15:30:00-17:10:00'),(2716,304,50,1,2,'17:10:00','S2.01, jumat 15:30:00-17:10:00'),(2717,185,6,6,3,'15:00:00','S2.505, senin 12:30:00-15:00:00'),(2718,296,34,5,3,'12:00:00','K1, kamis 09:30:00-12:00:00'),(2719,63,48,1,2,'15:10:00','S2.01, jumat 13:30:00-15:10:00'),(2720,64,48,15,2,'15:10:00','U2.02, jumat 13:30:00-15:10:00'),(2721,65,48,7,2,'15:10:00','S2.506, jumat 13:30:00-15:10:00'),(2722,100,35,15,3,'13:00:00','U2.02, kamis 10:30:00-13:00:00'),(2723,101,35,27,3,'13:00:00','S2.507, kamis 10:30:00-13:00:00'),(2724,133,27,26,2,'14:10:00','Lab.Das., rabu 12:30:00-14:10:00'),(2725,292,5,27,3,'14:00:00','S2.507, senin 11:30:00-14:00:00'),(2726,186,18,1,3,'16:00:00','S2.01, selasa 13:30:00-16:00:00'),(2727,67,16,15,3,'14:00:00','U2.02, selasa 11:30:00-14:00:00'),(2728,22,49,16,2,'16:10:00','T2.01, jumat 14:30:00-16:10:00'),(2729,23,49,25,2,'16:10:00','S2.08, jumat 14:30:00-16:10:00'),(2730,187,18,8,3,'16:00:00','M2.10, selasa 13:30:00-16:00:00'),(2731,2,23,8,2,'10:10:00','M2.10, rabu 08:30:00-10:10:00'),(2732,3,12,17,2,'09:10:00','U2.01, selasa 07:30:00-09:10:00'),(2733,4,12,5,2,'09:10:00','K1, selasa 07:30:00-09:10:00'),(2734,5,38,14,2,'15:10:00','M2.12, kamis 13:30:00-15:10:00'),(2735,6,38,8,2,'15:10:00','M2.10, kamis 13:30:00-15:10:00'),(2736,7,33,8,2,'10:10:00','M2.10, kamis 08:30:00-10:10:00'),(2737,8,33,16,2,'10:10:00','T2.01, kamis 08:30:00-10:10:00'),(2738,9,20,18,2,'17:10:00','U2.06, selasa 15:30:00-17:10:00'),(2739,49,43,18,2,'10:10:00','U2.06, jumat 08:30:00-10:10:00'),(2740,211,9,21,2,'17:10:00','U2.04, senin 15:30:00-17:10:00'),(2741,10,14,18,3,'12:00:00','U2.06, selasa 09:30:00-12:00:00'),(2742,11,14,16,3,'12:00:00','T2.01, selasa 09:30:00-12:00:00'),(2743,212,9,5,2,'17:10:00','K1, senin 15:30:00-17:10:00'),(2744,213,9,1,2,'17:10:00','S2.01, senin 15:30:00-17:10:00'),(2745,24,38,12,2,'15:10:00','G3, kamis 13:30:00-15:10:00'),(2746,290,19,25,3,'17:00:00','S2.08, selasa 14:30:00-17:00:00'),(2747,291,19,7,3,'17:00:00','S2.506, selasa 14:30:00-17:00:00'),(2748,252,16,25,3,'14:00:00','S2.08, selasa 11:30:00-14:00:00'),(2749,50,43,25,2,'10:10:00','S2.08, jumat 08:30:00-10:10:00'),(2750,51,43,8,2,'10:10:00','M2.10, jumat 08:30:00-10:10:00'),(2751,25,38,17,2,'15:10:00','U2.01, kamis 13:30:00-15:10:00'),(2752,281,50,17,2,'17:10:00','U2.01, jumat 15:30:00-17:10:00'),(2753,282,50,15,2,'17:10:00','U2.02, jumat 15:30:00-17:10:00'),(2754,15,12,25,2,'09:10:00','S2.08, selasa 07:30:00-09:10:00'),(2755,104,6,14,2,'14:10:00','M2.12, senin 12:30:00-14:10:00'),(2756,147,22,4,2,'09:10:00','S2.03, rabu 07:30:00-09:10:00'),(2757,177,2,25,3,'11:00:00','S2.08, senin 08:30:00-11:00:00'),(2758,178,2,18,3,'11:00:00','U2.06, senin 08:30:00-11:00:00'),(2759,52,23,26,3,'11:00:00','Lab.Das., rabu 08:30:00-11:00:00'),(2760,58,16,14,3,'14:00:00','M2.12, selasa 11:30:00-14:00:00'),(2761,77,15,4,2,'12:10:00','S2.03, selasa 10:30:00-12:10:00'),(2762,85,8,12,3,'17:00:00','G3, senin 14:30:00-17:00:00'),(2763,230,15,11,2,'12:10:00','M2.09, selasa 10:30:00-12:10:00'),(2764,105,6,25,2,'14:10:00','S2.08, senin 12:30:00-14:10:00'),(2765,148,22,12,2,'09:10:00','G3, rabu 07:30:00-09:10:00'),(2766,209,48,21,3,'16:00:00','U2.04, jumat 13:30:00-16:00:00'),(2767,18,24,7,3,'12:00:00','S2.506, rabu 09:30:00-12:00:00'),(2768,233,39,11,3,'17:00:00','M2.09, kamis 14:30:00-17:00:00'),(2769,299,16,17,3,'14:00:00','U2.01, selasa 11:30:00-14:00:00'),(2770,19,24,2,3,'12:00:00','S2.02, rabu 09:30:00-12:00:00'),(2771,26,13,8,2,'10:10:00','M2.10, selasa 08:30:00-10:10:00'),(2772,258,8,14,3,'17:00:00','M2.12, senin 14:30:00-17:00:00'),(2773,259,8,26,3,'17:00:00','Lab.Das., senin 14:30:00-17:00:00'),(2774,267,13,11,2,'10:10:00','M2.09, selasa 08:30:00-10:10:00'),(2775,268,13,21,2,'10:10:00','U2.04, selasa 08:30:00-10:10:00'),(2776,271,16,8,2,'13:10:00','M2.10, selasa 11:30:00-13:10:00'),(2777,188,7,11,3,'16:00:00','M2.09, senin 13:30:00-16:00:00'),(2778,126,8,20,2,'16:10:00','U2.03, senin 14:30:00-16:10:00'),(2779,13,35,14,3,'13:00:00','M2.12, kamis 10:30:00-13:00:00'),(2780,14,35,18,3,'13:00:00','U2.06, kamis 10:30:00-13:00:00'),(2781,27,13,1,2,'10:10:00','S2.01, selasa 08:30:00-10:10:00'),(2782,59,35,16,3,'13:00:00','T2.01, kamis 10:30:00-13:00:00'),(2783,60,35,8,3,'13:00:00','M2.10, kamis 10:30:00-13:00:00'),(2784,94,3,12,2,'11:10:00','G3, senin 09:30:00-11:10:00'),(2785,124,8,25,3,'17:00:00','S2.08, senin 14:30:00-17:00:00'),(2786,36,14,2,3,'12:00:00','S2.02, selasa 09:30:00-12:00:00'),(2787,37,14,5,3,'12:00:00','K1, selasa 09:30:00-12:00:00'),(2788,40,1,26,2,'09:10:00','Lab.Das., senin 07:30:00-09:10:00'),(2789,95,3,8,2,'11:10:00','M2.10, senin 09:30:00-11:10:00'),(2790,250,24,25,3,'12:00:00','S2.08, rabu 09:30:00-12:00:00'),(2791,251,24,11,3,'12:00:00','M2.09, rabu 09:30:00-12:00:00'),(2792,260,26,8,3,'14:00:00','M2.10, rabu 11:30:00-14:00:00'),(2793,323,48,11,2,'15:10:00','M2.09, jumat 13:30:00-15:10:00'),(2794,53,35,21,3,'13:00:00','U2.04, kamis 10:30:00-13:00:00'),(2795,78,6,18,3,'15:00:00','U2.06, senin 12:30:00-15:00:00'),(2796,127,8,7,2,'16:10:00','S2.506, senin 14:30:00-16:10:00'),(2797,128,8,19,2,'16:10:00','S2.04, senin 14:30:00-16:10:00'),(2798,41,26,7,2,'13:10:00','S2.506, rabu 11:30:00-13:10:00'),(2799,226,43,3,3,'11:00:00','M2.13, jumat 08:30:00-11:00:00'),(2800,227,43,10,3,'11:00:00','K6, jumat 08:30:00-11:00:00'),(2801,261,42,13,3,'10:00:00','S2.05, jumat 07:30:00-10:00:00'),(2802,324,34,6,2,'11:10:00','S2.505, kamis 09:30:00-11:10:00'),(2803,81,7,13,3,'16:00:00','S2.05, senin 13:30:00-16:00:00'),(2804,189,5,19,3,'14:00:00','S2.04, senin 11:30:00-14:00:00'),(2805,190,5,11,3,'14:00:00','M2.09, senin 11:30:00-14:00:00'),(2806,191,5,10,3,'14:00:00','K6, senin 11:30:00-14:00:00'),(2807,28,12,13,2,'09:10:00','S2.05, selasa 07:30:00-09:10:00'),(2808,29,12,4,2,'09:10:00','S2.03, selasa 07:30:00-09:10:00'),(2809,33,20,3,2,'17:10:00','M2.13, selasa 15:30:00-17:10:00'),(2810,234,1,19,3,'10:00:00','S2.04, senin 07:30:00-10:00:00'),(2811,279,17,25,2,'14:10:00','S2.08, selasa 12:30:00-14:10:00'),(2812,34,20,13,2,'17:10:00','S2.05, selasa 15:30:00-17:10:00'),(2813,97,22,27,2,'09:10:00','S2.507, rabu 07:30:00-09:10:00'),(2814,98,22,13,2,'09:10:00','S2.05, rabu 07:30:00-09:10:00'),(2815,219,20,8,2,'17:10:00','M2.10, selasa 15:30:00-17:10:00'),(2816,220,20,10,2,'17:10:00','K6, selasa 15:30:00-17:10:00'),(2817,235,38,11,2,'15:10:00','M2.09, kamis 13:30:00-15:10:00'),(2818,179,2,9,3,'11:00:00','M2.14, senin 08:30:00-11:00:00'),(2819,206,22,3,3,'10:00:00','M2.13, rabu 07:30:00-10:00:00'),(2820,207,22,9,3,'10:00:00','M2.14, rabu 07:30:00-10:00:00'),(2821,236,39,10,2,'16:10:00','K6, kamis 14:30:00-16:10:00'),(2822,237,39,25,2,'16:10:00','S2.08, kamis 14:30:00-16:10:00'),(2823,272,38,19,3,'16:00:00','S2.04, kamis 13:30:00-16:00:00'),(2824,273,38,9,3,'16:00:00','M2.14, kamis 13:30:00-16:00:00'),(2825,300,29,14,3,'17:00:00','M2.12, rabu 14:30:00-17:00:00'),(2826,180,2,8,3,'11:00:00','M2.10, senin 08:30:00-11:00:00'),(2827,231,43,19,3,'11:00:00','S2.04, jumat 08:30:00-11:00:00'),(2828,269,35,19,3,'13:00:00','S2.04, kamis 10:30:00-13:00:00'),(2829,270,35,13,3,'13:00:00','S2.05, kamis 10:30:00-13:00:00'),(2830,288,39,3,2,'16:10:00','M2.13, kamis 14:30:00-16:10:00'),(2831,289,39,1,2,'16:10:00','S2.01, kamis 14:30:00-16:10:00'),(2832,155,14,19,2,'11:10:00','S2.04, selasa 09:30:00-11:10:00'),(2833,232,43,25,3,'11:00:00','S2.08, jumat 08:30:00-11:00:00'),(2834,134,30,2,2,'17:10:00','S2.02, rabu 15:30:00-17:10:00'),(2835,295,26,9,3,'14:00:00','M2.14, rabu 11:30:00-14:00:00'),(2836,276,27,1,2,'14:10:00','S2.01, rabu 12:30:00-14:10:00'),(2837,315,18,26,2,'15:10:00','Lab.Das., selasa 13:30:00-15:10:00'),(2838,316,18,3,2,'15:10:00','M2.13, selasa 13:30:00-15:10:00'),(2839,116,9,9,2,'17:10:00','M2.14, senin 15:30:00-17:10:00'),(2840,70,24,8,2,'11:10:00','M2.10, rabu 09:30:00-11:10:00'),(2841,71,24,13,2,'11:10:00','S2.05, rabu 09:30:00-11:10:00'),(2842,243,27,13,3,'15:00:00','S2.05, rabu 12:30:00-15:00:00'),(2843,277,27,18,2,'14:10:00','U2.06, rabu 12:30:00-14:10:00'),(2844,287,38,14,3,'16:00:00','M2.12, kamis 13:30:00-16:00:00'),(2845,117,9,12,2,'17:10:00','G3, senin 15:30:00-17:10:00'),(2846,118,9,2,2,'17:10:00','S2.02, senin 15:30:00-17:10:00'),(2847,119,9,20,2,'17:10:00','U2.03, senin 15:30:00-17:10:00'),(2848,244,27,3,3,'15:00:00','M2.13, rabu 12:30:00-15:00:00'),(2849,90,29,10,2,'16:10:00','K6, rabu 14:30:00-16:10:00'),(2850,165,34,10,2,'11:10:00','K6, kamis 09:30:00-11:10:00'),(2851,182,40,13,2,'17:10:00','S2.05, kamis 15:30:00-17:10:00'),(2852,297,16,19,2,'13:10:00','S2.04, selasa 11:30:00-13:10:00'),(2853,48,9,5,2,'17:10:00','K1, senin 15:30:00-17:10:00'),(2854,96,14,13,3,'12:00:00','S2.05, selasa 09:30:00-12:00:00'),(2855,138,7,1,2,'15:10:00','S2.01, senin 13:30:00-15:10:00'),(2856,228,8,8,3,'17:00:00','M2.10, senin 14:30:00-17:00:00'),(2857,229,8,3,3,'17:00:00','M2.13, senin 14:30:00-17:00:00'),(2858,61,15,12,3,'13:00:00','G3, selasa 10:30:00-13:00:00'),(2859,86,20,18,2,'17:10:00','U2.06, selasa 15:30:00-17:10:00'),(2860,149,22,10,2,'09:10:00','K6, rabu 07:30:00-09:10:00'),(2861,181,2,10,3,'11:00:00','K6, senin 08:30:00-11:00:00'),(2862,62,15,3,3,'13:00:00','M2.13, selasa 10:30:00-13:00:00'),(2863,87,20,19,2,'17:10:00','S2.04, selasa 15:30:00-17:10:00'),(2864,66,48,13,3,'16:00:00','S2.05, jumat 13:30:00-16:00:00'),(2865,301,12,18,3,'10:00:00','U2.06, selasa 07:30:00-10:00:00'),(2866,68,35,3,2,'12:10:00','M2.13, kamis 10:30:00-12:10:00'),(2867,69,35,12,2,'12:10:00','G3, kamis 10:30:00-12:10:00'),(2868,255,3,13,3,'12:00:00','S2.05, senin 09:30:00-12:00:00'),(2869,73,32,3,3,'10:00:00','M2.13, kamis 07:30:00-10:00:00'),(2870,239,29,19,3,'17:00:00','S2.04, rabu 14:30:00-17:00:00'),(2871,263,25,25,3,'13:00:00','S2.08, rabu 10:30:00-13:00:00'),(2872,256,3,27,3,'12:00:00','S2.507, senin 09:30:00-12:00:00'),(2873,32,9,1,2,'17:10:00','S2.01, senin 15:30:00-17:10:00'),(2874,167,1,18,2,'09:10:00','U2.06, senin 07:30:00-09:10:00'),(2875,293,17,8,2,'14:10:00','M2.10, selasa 12:30:00-14:10:00'),(2876,320,29,8,3,'17:00:00','M2.10, rabu 14:30:00-17:00:00'),(2877,246,16,9,3,'14:00:00','M2.14, selasa 11:30:00-14:00:00'),(2878,247,16,10,3,'14:00:00','K6, selasa 11:30:00-14:00:00'),(2879,248,16,4,3,'14:00:00','S2.03, selasa 11:30:00-14:00:00'),(2880,80,30,26,2,'17:10:00','Lab.Das., rabu 15:30:00-17:10:00'),(2881,183,32,17,3,'10:00:00','U2.01, kamis 07:30:00-10:00:00'),(2882,216,40,11,2,'17:10:00','M2.09, kamis 15:30:00-17:10:00'),(2883,249,2,12,2,'10:10:00','G3, senin 08:30:00-10:10:00'),(2884,317,49,18,3,'17:00:00','U2.06, jumat 14:30:00-17:00:00'),(2885,109,14,24,3,'12:00:00','S2.07, selasa 09:30:00-12:00:00'),(2886,192,38,24,3,'16:00:00','S2.07, kamis 13:30:00-16:00:00'),(2887,193,38,28,3,'16:00:00','Lab.AI, kamis 13:30:00-16:00:00'),(2888,91,20,11,2,'17:10:00','M2.09, selasa 15:30:00-17:10:00'),(2889,129,22,15,2,'09:10:00','U2.02, rabu 07:30:00-09:10:00'),(2890,205,12,25,2,'09:10:00','S2.08, selasa 07:30:00-09:10:00'),(2891,262,30,8,2,'17:10:00','M2.10, rabu 15:30:00-17:10:00'),(2892,72,2,28,3,'11:00:00','Lab.AI, senin 08:30:00-11:00:00'),(2893,88,12,24,3,'10:00:00','S2.07, selasa 07:30:00-10:00:00'),(2894,57,17,23,3,'15:00:00','S2.06, selasa 12:30:00-15:00:00'),(2895,210,19,12,3,'17:00:00','G3, selasa 14:30:00-17:00:00'),(2896,122,23,23,3,'11:00:00','S2.06, rabu 08:30:00-11:00:00'),(2897,240,26,24,3,'14:00:00','S2.07, rabu 11:30:00-14:00:00'),(2898,265,1,23,3,'10:00:00','S2.06, senin 07:30:00-10:00:00'),(2899,12,12,15,3,'10:00:00','U2.02, selasa 07:30:00-10:00:00'),(2900,318,22,28,2,'09:10:00','Lab.AI, rabu 07:30:00-09:10:00'),(2901,125,9,24,2,'17:10:00','S2.07, senin 15:30:00-17:10:00'),(2902,245,5,3,3,'14:00:00','M2.13, senin 11:30:00-14:00:00'),(2903,278,4,10,3,'13:00:00','K6, senin 10:30:00-13:00:00'),(2904,266,1,22,3,'10:00:00','U2.05, senin 07:30:00-10:00:00'),(2905,275,48,24,3,'16:00:00','S2.07, jumat 13:30:00-16:00:00'),(2906,238,39,7,3,'17:00:00','S2.506, kamis 14:30:00-17:00:00'),(2907,242,6,24,3,'15:00:00','S2.07, senin 12:30:00-15:00:00'),(2908,298,17,28,3,'15:00:00','Lab.AI, selasa 12:30:00-15:00:00'),(2909,121,38,28,3,'16:00:00','Lab.AI, kamis 13:30:00-16:00:00'),(2910,274,42,28,3,'10:00:00','Lab.AI, jumat 07:30:00-10:00:00'),(2911,82,29,28,3,'17:00:00','Lab.AI, rabu 14:30:00-17:00:00'),(2912,123,33,2,3,'11:00:00','S2.02, kamis 08:30:00-11:00:00'),(2913,215,18,24,2,'15:10:00','S2.07, selasa 13:30:00-15:10:00'),(2914,99,42,23,2,'09:10:00','S2.06, jumat 07:30:00-09:10:00'),(2915,84,33,23,3,'11:00:00','S2.06, kamis 08:30:00-11:00:00'),(2916,241,29,19,3,'17:00:00','S2.04, rabu 14:30:00-17:00:00');

/*Table structure for table `kelas` */

DROP TABLE IF EXISTS `kelas`;

CREATE TABLE `kelas` (
  `kls_id` int(11) NOT NULL AUTO_INCREMENT,
  `kls_mkkur_id` int(11) DEFAULT NULL,
  `kls_nama` varchar(20) DEFAULT NULL,
  `kls_kode_paralel` varchar(6) DEFAULT NULL,
  `kls_jml_peserta_prediksi` int(6) DEFAULT NULL,
  `kls_jadwal_merata` int(1) DEFAULT '0',
  `kls_id_grup_jadwal` int(2) DEFAULT NULL,
  PRIMARY KEY (`kls_id`),
  KEY `kls_mkkur_id_key` (`kls_mkkur_id`),
  CONSTRAINT `FK_kelas_key_2` FOREIGN KEY (`kls_mkkur_id`) REFERENCES `mata_kuliah_kurikulum` (`mkkur_id`)
) ENGINE=InnoDB AUTO_INCREMENT=325 DEFAULT CHARSET=latin1;

/*Data for the table `kelas` */

insert  into `kelas`(`kls_id`,`kls_mkkur_id`,`kls_nama`,`kls_kode_paralel`,`kls_jml_peserta_prediksi`,`kls_jadwal_merata`,`kls_id_grup_jadwal`) values (1,1,'UNU1000-1','1',64,1,1),(2,1,'UNU1000-2','2',59,1,1),(3,1,'UNU1000-3','3',59,1,2),(4,1,'UNU1000-4','4',59,1,2),(5,1,'UNU1000-5','5',59,1,3),(6,1,'UNU1000-6','6',59,1,3),(7,1,'UNU1000-7','7',59,1,4),(8,1,'UNU1000-8','8',59,1,4),(9,1,'UNU1000-9','9',59,1,5),(10,2,'ILKOM-A-MIK2201','A',59,0,NULL),(11,2,'ILKOM-B-MIK2201','B',59,0,NULL),(12,3,'ILKOM-MIK4207',NULL,21,0,NULL),(13,5,'MAT-A-MMM1202','A',52,0,NULL),(14,5,'MAT-B-MMM1202','B',52,0,NULL),(15,6,'MAT-MMM3204',NULL,57,0,NULL),(16,7,'MAT-A-MMM1207','A',75,0,NULL),(17,7,'MAT-B-MMM1207','B',74,0,NULL),(18,8,'ILKOM-A-MIK2203','A',54,0,NULL),(19,8,'ILKOM-B-MIK2203','B',53,0,NULL),(20,9,'KIM-A-MKK3501','A',73,0,NULL),(21,9,'KIM-B-MKK3501','B',72,0,NULL),(22,10,'KIM-A-MKK3841','A',60,0,NULL),(23,10,'KIM-B-MKK3841','B',60,0,NULL),(24,11,'ELINS-A-MIE2806','A',58,0,NULL),(25,11,'ELINS-B-MIE2806','B',57,0,NULL),(26,12,'STAT-A-MMS3402','A',53,0,NULL),(27,12,'STAT-B-MMS3402','B',52,0,NULL),(28,13,'GEOFIS-A-MFG3948','A',49,0,NULL),(29,13,'GEOFIS-B-MFG3948','B',49,0,NULL),(30,14,'STAT-MMS3417',NULL,79,0,NULL),(31,15,'MAT-MMM2105',NULL,76,0,NULL),(32,16,'KIM-MKK3831',NULL,36,0,NULL),(33,17,'ELINS-A-MIE1002','A',49,0,NULL),(34,17,'ELINS-B-MIE1002','B',48,0,NULL),(35,18,'FIS-MFF1001',NULL,82,0,NULL),(36,19,'ELINS-A-MIE1001','A',51,0,NULL),(37,19,'ELINS-B-MIE1001','B',51,0,NULL),(38,20,'ILKOM-A-MIK1003','A',69,0,NULL),(39,20,'ILKOM-B-MIK1003','B',69,0,NULL),(40,21,'STAT-A-MMS1000','A',51,0,NULL),(41,21,'STAT-B-MMS1000','B',50,0,NULL),(42,23,'KIM-A-MKK2601','A',80,0,NULL),(43,23,'KIM-B-MKK2601','B',80,0,NULL),(44,23,'KIM-C-MKK2601','C',80,0,NULL),(45,24,'BIU1002-A','A',74,0,NULL),(46,24,'BIU1002-B','B',74,0,NULL),(47,24,'BIU1002-C','C',74,0,NULL),(48,25,'STAT-MMS3474',NULL,41,0,NULL),(49,26,'KIM-A-MKK2201','A',59,0,NULL),(50,26,'KIM-B-MKK2201','B',57,0,NULL),(51,26,'KIM-C-MKK2201','C',57,0,NULL),(52,27,'ILKOM-MIK4501',NULL,56,0,NULL),(53,28,'GEOFIS-MFG4963',NULL,51,0,NULL),(54,29,'KIM-A-MKK3301','A',67,0,NULL),(55,29,'KIM-B-MKK3301','B',66,0,NULL),(56,29,'KIM-C-MKK3301','C',66,0,NULL),(57,30,'ELINS-MIE4004',NULL,25,0,NULL),(58,31,'FIS-MFF3415',NULL,56,0,NULL),(59,32,'ELINS-A-MIE2808','A',52,0,NULL),(60,32,'ELINS-B-MIE2808','B',52,0,NULL),(61,33,'ELINS-A-MIE3816','A',39,0,NULL),(62,33,'ELINS-B-MIE3816','B',38,0,NULL),(63,34,'KIM-A-MKK3403','A',62,0,NULL),(64,34,'KIM-B-MKK3403','B',62,0,NULL),(65,34,'KIM-C-MKK3403','C',62,0,NULL),(66,35,'ELINS-MIE4608',NULL,38,0,NULL),(67,36,'ILKOM-MIK4503',NULL,61,0,NULL),(68,37,'STAT-A-MMS1407','A',37,0,NULL),(69,37,'STAT-B-MMS1407','B',37,0,NULL),(70,38,'ILKOM-A-MIK3001','A',43,0,NULL),(71,38,'ILKOM-B-MIK3001','B',43,0,NULL),(72,39,'FIS-MFF3311',NULL,26,0,NULL),(73,40,'FIS-MFF2871',NULL,37,0,NULL),(74,41,'FIS-A-MFF1011','A',66,0,NULL),(75,41,'FIS-B-MFF1011','B',65,0,NULL),(76,41,'FIS-C-MFF1011','C',65,0,NULL),(77,42,'GEOFIS-MFG4933',NULL,56,0,NULL),(78,43,'FIS-MFF3201',NULL,51,0,NULL),(79,44,'FIS-MFF3701',NULL,65,0,NULL),(80,45,'FIS-MFF3891',NULL,34,0,NULL),(81,46,'FIS-MFF3603',NULL,50,0,NULL),(82,47,'FIS-MFF4813',NULL,13,0,NULL),(83,48,'FIS-MFF2051',NULL,68,0,NULL),(84,49,'FIS-MFF3871',NULL,10,0,NULL),(85,50,'FIS-MFF3601',NULL,56,0,NULL),(86,51,'MAT-A-MMM3106','A',39,0,NULL),(87,51,'MAT-B-MMM3106','B',38,0,NULL),(88,52,'FIS-MFF3841',NULL,26,0,NULL),(89,53,'GEOFIS-MFG3919',NULL,80,0,NULL),(90,54,'GEOFIS-MFG4964',NULL,42,0,NULL),(91,55,'KIM-MKK3245',NULL,28,0,NULL),(92,56,'KIM-A-MKK3811','A',69,0,NULL),(93,56,'KIM-B-MKK3811','B',68,0,NULL),(94,57,'GEOFIS-A-MFG2906','A',52,0,NULL),(95,57,'GEOFIS-B-MFG2906','B',51,0,NULL),(96,58,'MAT-MMM2113',NULL,41,0,NULL),(97,60,'MAT-A-MMM2114','A',48,0,NULL),(98,60,'MAT-B-MMM2114','B',48,0,NULL),(99,61,'GEOFIS-MFG3946',NULL,11,0,NULL),(100,62,'ILKOM-A-MIK3203','A',62,0,NULL),(101,62,'ILKOM-B-MIK3203','B',62,0,NULL),(102,63,'ELINS-A-MIE4823','A',67,0,NULL),(103,63,'ELINS-B-MIE4823','B',67,0,NULL),(104,64,'KIM-A-MKK2831','A',56,0,NULL),(105,64,'KIM-B-MKK2831','B',55,0,NULL),(106,65,'ELINS-MIE3817',NULL,79,0,NULL),(107,66,'ILKOM-MIK3401',NULL,72,0,NULL),(108,67,'KIM-MKK3833',NULL,82,0,NULL),(109,68,'ILKOM-MIK4403',NULL,30,0,NULL),(110,69,'MAT-A-MMM1106','A',74,0,NULL),(111,69,'MAT-B-MMM1106','B',74,0,NULL),(112,69,'MAT-C-MMM1106','C',74,0,NULL),(113,70,'MAT-A-MMM1101','A',72,0,NULL),(114,70,'MAT-B-MMM1101','B',72,0,NULL),(115,70,'MAT-C-MMM1101','C',72,0,NULL),(116,71,'MAT-A-MMM2109','A',43,0,NULL),(117,71,'MAT-B-MMM2109','B',42,0,NULL),(118,71,'MAT-C-MMM2109','C',42,0,NULL),(119,71,'MAT-D-MMM2109','D',42,0,NULL),(120,72,'GEOFIS-MFG3950',NULL,87,0,NULL),(121,73,'FIS-MFF4811',NULL,15,0,NULL),(122,74,'MAT-MMM4349',NULL,24,0,NULL),(123,75,'STAT-MMS4449',NULL,13,0,NULL),(124,76,'ILKOM-MIK4601',NULL,52,0,NULL),(125,77,'KIM-MKK3863',NULL,20,0,NULL),(126,78,'KIM-A-MKK3701','A',52,0,NULL),(127,78,'KIM-B-MKK3701','B',50,0,NULL),(128,78,'KIM-C-MKK3701','C',50,0,NULL),(129,79,'ELINS-MIE4010',NULL,28,0,NULL),(130,80,'KIM-A-MKK1501','A',82,0,NULL),(131,80,'KIM-B-MKK1501','B',80,0,NULL),(132,80,'KIM-C-MKK1501','C',80,0,NULL),(133,81,'KIM-MKK2843',NULL,62,0,NULL),(134,82,'KIM-MKK3813',NULL,45,0,NULL),(135,83,'KIM-A-MKK1101','A',84,0,NULL),(136,83,'KIM-B-MKK1101','B',84,0,NULL),(137,83,'KIM-C-MKK1101','C',84,0,NULL),(138,84,'KIM-MKK2823',NULL,41,0,NULL),(139,85,'KEMIPAAN-1','1',85,1,1),(140,85,'KEMIPAAN-2','2',82,1,1),(141,85,'KEMIPAAN-3','3',82,1,2),(142,85,'KEMIPAAN-4','4',82,1,2),(143,85,'KEMIPAAN-5','5',82,1,3),(144,85,'KEMIPAAN-6','6',82,1,3),(145,85,'KEMIPAAN-7','7',82,1,4),(146,85,'KEMIPAAN-8','8',82,1,4),(147,86,'KIM-A-MKK2841','A',56,0,NULL),(148,86,'KIM-B-MKK2841','B',55,0,NULL),(149,87,'KIM-MKK2821',NULL,39,0,NULL),(150,88,'KIM-A-MKK1401','A',74,0,NULL),(151,88,'KIM-B-MKK1401','B',74,0,NULL),(152,88,'KIM-C-MKK1401','C',74,0,NULL),(153,89,'KIM-A-MKK3401','A',74,0,NULL),(154,89,'KIM-B-MKK3401','B',74,0,NULL),(155,90,'KIM-MKK3821',NULL,46,0,NULL),(156,91,'KIM-A-MKK2501','A',75,0,NULL),(157,91,'KIM-B-MKK2501','B',73,0,NULL),(158,91,'KIM-C-MKK2501','C',73,0,NULL),(159,92,'KIM-MKK3819',NULL,71,0,NULL),(160,93,'KIM-A-MKK3815','A',76,0,NULL),(161,93,'KIM-B-MKK3815','B',75,0,NULL),(162,94,'KIM-A-MKK2303','A',71,0,NULL),(163,94,'KIM-B-MKK2303','B',69,0,NULL),(164,94,'KIM-C-MKK2303','C',69,0,NULL),(165,95,'KIM-MKK3865',NULL,42,0,NULL),(166,96,'STAT-MMS3415',NULL,71,0,NULL),(167,97,'FIS-MFF2011',NULL,35,0,NULL),(168,98,'KEMIPAAN-1','1',68,1,1),(169,98,'KEMIPAAN-2','2',68,1,1),(170,98,'KEMIPAAN-3','3',68,1,2),(171,98,'KEMIPAAN-4','4',68,1,2),(172,98,'KEMIPAAN-5','5',68,1,3),(173,98,'KEMIPAAN-6','6',68,1,3),(174,98,'KEMIPAAN-7','7',68,1,4),(175,98,'KEMIPAAN-8','8',68,1,4),(176,98,'KEMIPAAN-9','9',68,1,5),(177,99,'ELINS-A-MIE3819','A',56,0,NULL),(178,99,'ELINS-B-MIE3819','B',56,0,NULL),(179,100,'FIS-A-MFF2411','A',47,0,NULL),(180,100,'FIS-B-MFF2411','B',46,0,NULL),(181,101,'ILKOM-MIK4401',NULL,39,0,NULL),(182,102,'GEOFIS-MFG4935',NULL,42,0,NULL),(183,103,'ILKOM-MIK4603',NULL,32,0,NULL),(184,104,'GEOFIS-MFG2942',NULL,94,0,NULL),(185,105,'STAT-MMS3424',NULL,63,0,NULL),(186,106,'ILKOM-A-MIK1201','A',61,0,NULL),(187,106,'ILKOM-B-MIK1201','B',60,0,NULL),(188,107,'FIS-A-MFF2023','A',52,0,NULL),(189,107,'FIS-B-MFF2023','B',49,0,NULL),(190,107,'FIS-C-MFF2023','C',49,0,NULL),(191,107,'FIS-D-MFF2023','D',49,0,NULL),(192,108,'MAT-A-MMM3305','A',29,0,NULL),(193,108,'MAT-B-MMM3305','B',28,0,NULL),(194,109,'KEMIPAAN-1','1',73,1,1),(195,109,'KEMIPAAN-2','2',71,1,1),(196,109,'KEMIPAAN-3','3',71,1,2),(197,109,'KEMIPAAN-4','4',71,1,2),(198,109,'KEMIPAAN-5','5',71,1,3),(199,109,'KEMIPAAN-6','6',71,1,3),(200,109,'KEMIPAAN-7','7',71,1,4),(201,109,'KEMIPAAN-8','8',71,1,4),(202,109,'KEMIPAAN-9','9',71,1,5),(203,110,'KIM-A-MKK2701','A',79,0,NULL),(204,110,'KIM-B-MKK2701','B',79,0,NULL),(205,111,'KIM-MKK3853',NULL,28,0,NULL),(206,112,'FIS-A-MFF2403','A',47,0,NULL),(207,112,'FIS-B-MFF2403','B',47,0,NULL),(208,113,'GEOFIS-MFG4958',NULL,71,0,NULL),(209,114,'FIS-MFF2951',NULL,55,0,NULL),(210,115,'FIS-MFF4031',NULL,25,0,NULL),(211,116,'KIM-A-MKK3201','A',59,0,NULL),(212,116,'KIM-B-MKK3201','B',58,0,NULL),(213,116,'KIM-C-MKK3201','C',58,0,NULL),(214,117,'ELINS-MIE2811',NULL,86,0,NULL),(215,118,'ELINS-MIE3008',NULL,12,0,NULL),(216,119,'FIS-MFF3291',NULL,32,0,NULL),(217,120,'GEOFIS-MFG3920',NULL,96,0,NULL),(218,121,'ILKOM-MIK3201',NULL,87,0,NULL),(219,122,'FIS-A-MFF1061','A',48,0,NULL),(220,122,'FIS-B-MFF1061','B',48,0,NULL),(221,123,'GEOFIS-MFG3917',NULL,85,0,NULL),(222,124,'STAT-MAT-ILKOM-A-MMS','A',71,0,NULL),(223,124,'STAT-MAT-ILKOM-B-MMS','B',70,0,NULL),(224,124,'STAT-MAT-ILKOM-C-MMS','C',70,0,NULL),(225,124,'STAT-MAT-ILKOM-D-MMS','D',70,0,NULL),(226,125,'STAT-A-MMS2403','A',50,0,NULL),(227,125,'STAT-B-MMS2403','B',50,0,NULL),(228,126,'STAT-A-MMS3427','A',40,0,NULL),(229,126,'STAT-B-MMS3427','B',40,0,NULL),(230,127,'FIS-MFF3063',NULL,56,0,NULL),(231,128,'ELINS-A-MIE2601','A',46,0,NULL),(232,128,'ELINS-B-MIE2601','B',45,0,NULL),(233,129,'ELINS-MIE3607',NULL,54,0,NULL),(234,130,'ILKOM-MIK4507',NULL,49,0,NULL),(235,131,'KIM-MKK3851',NULL,48,0,NULL),(236,132,'FIS-A-MFF2413','A',47,0,NULL),(237,132,'FIS-B-MFF2413','B',47,0,NULL),(238,133,'ILKOM-MIK4203',NULL,16,0,NULL),(239,134,'ILKOM-MIK4608',NULL,37,0,NULL),(240,135,'ELINS-MIE4610',NULL,23,0,NULL),(241,136,'MAT-MMM4102',NULL,8,0,NULL),(242,137,'STAT-MMS4417',NULL,16,0,NULL),(243,138,'MAT-A-MMM3101','A',43,0,NULL),(244,138,'MAT-B-MMM3101','B',42,0,NULL),(245,139,'MAT-MMM4204',NULL,20,0,NULL),(246,140,'MAT-A-MMM1201','A',34,0,NULL),(247,140,'MAT-B-MMM1201','B',34,0,NULL),(248,140,'MAT-C-MMM1201','C',34,0,NULL),(249,141,'STAT-MMS3472',NULL,31,0,NULL),(250,142,'STAT-A-MMS2418','A',51,0,NULL),(251,142,'STAT-B-MMS2418','B',51,0,NULL),(252,143,'MAT-MMM3303',NULL,58,0,NULL),(253,144,'STAT-A-MMS2410','A',78,0,NULL),(254,144,'STAT-B-MMS2410','B',78,0,NULL),(255,145,'MAT-A-MMM3302','A',37,0,NULL),(256,145,'MAT-B-MMM3302','B',36,0,NULL),(257,146,'STAT-MMS3422',NULL,70,0,NULL),(258,147,'STAT-A-MMS3469','A',53,0,NULL),(259,147,'STAT-B-MMS3469','B',53,0,NULL),(260,148,'MAT-A-MMM2201','A',51,0,NULL),(261,148,'MAT-B-MMM2201','B',50,0,NULL),(262,149,'STAT-MMS3416',NULL,27,0,NULL),(263,150,'STAT-MMS3476',NULL,37,0,NULL),(264,151,'MAT-MMM2308',NULL,66,0,NULL),(265,152,'FIS-MFF4893',NULL,23,0,NULL),(266,153,'FIS-MFF3421',NULL,19,0,NULL),(267,154,'GEOFIS-A-MFG1901','A',53,0,NULL),(268,154,'GEOFIS-B-MFG1901','B',53,0,NULL),(269,155,'ELINS-A-MIE2809','A',46,0,NULL),(270,155,'ELINS-B-MIE2809','B',46,0,NULL),(271,156,'KIM-MKK2851',NULL,53,0,NULL),(272,157,'MAT-A-MMM2304','A',47,0,NULL),(273,157,'MAT-B-MMM2304','B',47,0,NULL),(274,158,'ELINS-MIE4403',NULL,14,0,NULL),(275,159,'ILKOM-MIK4405',NULL,17,0,NULL),(276,160,'STAT-A-MMS2423','A',44,0,NULL),(277,160,'STAT-B-MMS2423','B',43,0,NULL),(278,161,'ILKOM-MIK4209',NULL,20,0,NULL),(279,162,'GEOFIS-MFG3951',NULL,49,0,NULL),(280,163,'STAT-MMS3430',NULL,67,0,NULL),(281,164,'GEOFIS-A-MFG2909','A',57,0,NULL),(282,164,'GEOFIS-B-MFG2909','B',57,0,NULL),(283,165,'MAT-STAT-ILKOM-A-MMM','A',90,0,NULL),(284,165,'MAT-STAT-ILKOM-B-MMM','B',90,0,NULL),(285,165,'MAT-STAT-ILKOM-C-MMM','C',90,0,NULL),(286,166,'GEOFIS-MFG2940',NULL,81,0,NULL),(287,167,'ELINS-MIE4822',NULL,43,0,NULL),(288,168,'MAT-A-MMM2302','A',46,0,NULL),(289,168,'MAT-B-MMM2302','B',46,0,NULL),(290,169,'ILKOM-A-MIK3501','A',58,0,NULL),(291,169,'ILKOM-B-MIK3501','B',58,0,NULL),(292,170,'ELINS-MIE3401',NULL,62,0,NULL),(293,171,'FIS-MFF4061',NULL,35,0,NULL),(294,172,'ELINS-MIE3815',NULL,82,0,NULL),(295,173,'ELINS-MIE4824',NULL,45,0,NULL),(296,174,'ELINS-MIE3818',NULL,63,0,NULL),(297,175,'KIM-MKK3861',NULL,42,0,NULL),(298,176,'ILKOM-MIK4509',NULL,16,0,NULL),(299,177,'ILKOM-MIK2601',NULL,54,0,NULL),(300,178,'ILKOM-MIK4609',NULL,47,0,NULL),(301,179,'ILKOM-MIK4605',NULL,38,0,NULL),(302,180,'KIM-A-MKK2401','A',64,0,NULL),(303,180,'KIM-B-MKK2401','B',64,0,NULL),(304,180,'KIM-C-MKK2401','C',64,0,NULL),(305,181,'GEOFIS-MFG3945',NULL,74,0,NULL),(306,182,'KEMIPAAN-1','1',69,1,1),(307,182,'KEMIPAAN-2','2',69,1,1),(308,182,'KEMIPAAN-3','3',69,1,2),(309,182,'KEMIPAAN-4','4',69,1,2),(310,182,'KEMIPAAN-5','5',69,1,3),(311,182,'KEMIPAAN-6','6',69,1,3),(312,182,'KEMIPAAN-7','7',69,1,4),(313,182,'KEMIPAAN-8','8',69,1,4),(314,182,'KEMIPAAN-9','9',69,1,5),(315,183,'GEOFIS-A-MFG3916','A',44,0,NULL),(316,183,'GEOFIS-B-MFG3916','B',44,0,NULL),(317,184,'ILKOM-MIK4201',NULL,31,0,NULL),(318,185,'MAT-MMM3203',NULL,21,0,NULL),(319,186,'FIS-MFF2031',NULL,82,0,NULL),(320,188,'MAT-MMM3301',NULL,35,0,NULL),(321,189,'KIM-A-MKK2301','A',77,0,NULL),(322,189,'KIM-B-MKK2301','B',77,0,NULL),(323,190,'ELINS-A-MIE1801','A',51,0,NULL),(324,190,'ELINS-B-MIE1801','B',50,0,NULL);

/*Table structure for table `log_proses` */

DROP TABLE IF EXISTS `log_proses`;

CREATE TABLE `log_proses` (
  `logproses_id` int(5) NOT NULL AUTO_INCREMENT,
  `logproses_kode` varchar(80) DEFAULT NULL,
  `logproses_data` longtext,
  PRIMARY KEY (`logproses_id`)
) ENGINE=InnoDB DEFAULT CHARSET=latin1;

/*Data for the table `log_proses` */

/*Table structure for table `mata_kuliah_kurikulum` */

DROP TABLE IF EXISTS `mata_kuliah_kurikulum`;

CREATE TABLE `mata_kuliah_kurikulum` (
  `mkkur_id` int(11) NOT NULL AUTO_INCREMENT,
  `mkkur_kode` varchar(20) DEFAULT NULL,
  `mkkur_nama` varchar(200) DEFAULT NULL,
  `mkkur_sks` int(5) DEFAULT NULL,
  `mkkur_semester` varchar(10) DEFAULT NULL COMMENT 'Genjil, Genap',
  `mkkur_sifat` varchar(3) DEFAULT NULL COMMENT 'W:Wajib,P:Pilihan',
  `mkkur_paket_semester` varchar(5) DEFAULT NULL,
  `mkkur_pred_jml_peminat` int(11) DEFAULT NULL,
  `mkkur_pred_tahun` year(4) DEFAULT NULL,
  `mkkur_jumlah_pert` int(1) DEFAULT '1',
  `mkkur_is_universal` tinyint(1) DEFAULT '0' COMMENT '1:is universal (1 class only)',
  `mkkur_format_jadwal` varchar(11) DEFAULT NULL COMMENT '[1-2],[2-1]',
  `mkkur_maks_kelas` int(11) DEFAULT NULL COMMENT 'maks peserta kelas',
  PRIMARY KEY (`mkkur_id`)
) ENGINE=InnoDB AUTO_INCREMENT=191 DEFAULT CHARSET=latin1;

/*Data for the table `mata_kuliah_kurikulum` */

insert  into `mata_kuliah_kurikulum`(`mkkur_id`,`mkkur_kode`,`mkkur_nama`,`mkkur_sks`,`mkkur_semester`,`mkkur_sifat`,`mkkur_paket_semester`,`mkkur_pred_jml_peminat`,`mkkur_pred_tahun`,`mkkur_jumlah_pert`,`mkkur_is_universal`,`mkkur_format_jadwal`,`mkkur_maks_kelas`) values (1,'UNU1000','AGAMA ISLAM',2,'ganjil','w','1',536,2014,1,1,'',60),(2,'MIK2201','ALGORITMA DAN STRUKTUR DATA II',3,'ganjil','w','3',118,2014,1,0,'',NULL),(3,'MIK4207','ALGORITMA GENETIKA',3,'ganjil','p','5',21,2014,1,0,'',NULL),(4,'MFF2025','ALJABAR ABSTRAK DALAM FISIKA TEORETIK',3,'ganjil','p','3',4,2014,1,0,'',NULL),(5,'MMM1202','ALJABAR LINEAR ELEMENTER',3,'ganjil','w','1',104,2014,1,0,'',NULL),(6,'MMM3204','ALJABAR LINEAR NUMERIK',2,'ganjil','p','5',57,2014,1,0,'',NULL),(7,'MMM1207','ALJABAR VEKTOR DAN MATRIKS',2,'ganjil','w','1',149,2014,1,0,'',NULL),(8,'MIK2203','ANALISIS DAN DESAIN ALGORITMA I',3,'ganjil','w','3',107,2014,1,0,'',NULL),(9,'MKK3501','ANALISIS INSTRUMENTAL II',2,'ganjil','w','5',145,2014,1,0,'',NULL),(10,'MKK3841','ANALISIS KIMIA LINGKUNGAN',2,'ganjil','p','1',120,2014,1,0,'',NULL),(11,'MIE2806','ANALISIS PENGUKURAN FISIS',2,'ganjil','w','3',115,2014,1,0,'',NULL),(12,'MMS3402','ANALISIS REGRESI TERAPAN',2,'ganjil','w','5',105,2014,1,0,'',NULL),(13,'MFG3948','ANALISIS SPEKTRUM SINYAL DIGITAL',2,'ganjil','p','5',98,2014,1,0,'',NULL),(14,'MMS3417','ANALISIS VARIANSI TERAPAN',2,'ganjil','p','5',79,2014,1,0,'',NULL),(15,'MMM2105','ANALISIS VEKTOR',2,'ganjil','p','3',76,2014,1,0,'',NULL),(16,'MKK3831','AZAS TEKNIK KIMIA',2,'ganjil','p','1',36,2014,1,0,'',NULL),(17,'MIE1002','BAHASA INDONESIA',2,'ganjil','w','1',97,2014,1,0,'',NULL),(18,'MFF1001','BAHASA INGGRIS',2,'ganjil','w','1',82,2014,1,0,'',NULL),(19,'MIE1001','BAHASA INGGRIS',3,'ganjil','w','1',102,2014,1,0,'',NULL),(20,'MIK1003','BAHASA INGGRIS',3,'ganjil','w','1',138,2014,1,0,'',NULL),(21,'MMS1000','BAHASA INGGRIS',2,'ganjil','w','1',101,2014,1,0,'',NULL),(22,'MFG1000','BAHASA INGGRIS SAINS',2,'ganjil','w','1',0,2014,1,0,'',NULL),(23,'MKK2601','BIOKIMIA I',2,'ganjil','w','3',240,2014,1,0,'',NULL),(24,'BIU1002','BIOLOGI DASAR',2,'ganjil','w','1',222,2014,1,0,'',NULL),(25,'MMS3474','BIOSTATISTIKA DAN EPIDEMIOLOGI I',2,'ganjil','p','5',41,2014,1,0,'',NULL),(26,'MKK2201','DASAR REAKSI ANORGANIK',2,'ganjil','w','3',173,2014,1,0,'',70),(27,'MIK4501','DATA MINING DAN BUSINESS INTELLIGENCE',3,'ganjil','w','5',56,2014,1,0,'',100),(28,'MFG4963','EKSPLORASI PANAS BUMI',3,'ganjil','p','7',51,2014,1,0,'',NULL),(29,'MKK3301','ELEKTROKIMIA',2,'ganjil','w','5',199,2014,1,0,'',NULL),(30,'MIE4004','ELEKTROMAGNETIKA',3,'ganjil','p','5',25,2014,1,0,'',NULL),(31,'MFF3415','ELEKTROMAGNETIKA',3,'ganjil','w','7',56,2014,1,0,'',NULL),(32,'MIE2808','ELEKTRONIKA ANALOG',3,'ganjil','w','3',104,2014,1,0,'',NULL),(33,'MIE3816','ELEKTRONIKA LANJUT II',3,'ganjil','w','5',77,2014,1,0,'',50),(34,'MKK3403','ELUSIDASI STRUKTUR ORGANIK',2,'ganjil','w','5',186,2014,1,0,'',NULL),(35,'MIE4608','EMBEDDED SYSTEM O.S.',3,'ganjil','p','7',38,2014,1,0,'',NULL),(36,'MIK4503','ENTERPRISE SYSTEM',3,'ganjil','w','7',61,2014,1,0,'',NULL),(37,'MMS1407','ETIKA PROFESI DAN SUCCESS SKILLS',2,'ganjil','w','1',74,2014,1,0,'',50),(38,'MIK3001','FILSAFAT ILMU KOMPUTER',2,'ganjil','w','5',86,2014,1,0,'',50),(39,'MFF3311','FISIKA ATOM & MOLEKUL LANJUT',3,'ganjil','p','5',26,2014,1,0,'',NULL),(40,'MFF2871','FISIKA CITRA',3,'ganjil','p','3',37,2014,1,0,'',NULL),(41,'MFF1011','FISIKA DASAR I',3,'ganjil','w','1',196,2014,1,0,'',NULL),(42,'MFG4933','FISIKA GUNUNG API',2,'ganjil','w','7',56,2014,1,0,'',100),(43,'MFF3201','FISIKA INTI',3,'ganjil','w','5',51,2014,1,0,'',NULL),(44,'MFF3701','FISIKA KEDOKTERAN',2,'ganjil','p','7',65,2014,1,0,'',NULL),(45,'MFF3891','FISIKA LINGKUNGAN',2,'ganjil','p','3',34,2014,1,0,'',NULL),(46,'MFF3603','FISIKA MATERIAL A',3,'ganjil','p','7',50,2014,1,0,'',NULL),(47,'MFF4813','FISIKA MATERIAL KOMPUTASI',3,'ganjil','p','3',13,2014,1,0,'',NULL),(48,'MFF2051','FISIKA STATISTIK',2,'ganjil','w','3',68,2014,1,0,'',NULL),(49,'MFF3871','FISIKA TOMOGRAFI',3,'ganjil','p','5',10,2014,1,0,'',NULL),(50,'MFF3601','FISIKA ZAT PADAT',3,'ganjil','w','5',56,2014,1,0,'',100),(51,'MMM3106','FUNGSI VARIABEL KOMPLEKS II',2,'ganjil','w','5',77,2014,1,0,'',60),(52,'MFF3841','GELOMBANG MIKRO',3,'ganjil','p','5',26,2014,1,0,'',NULL),(53,'MFG3919','GEODINAMIKA',3,'ganjil','w','5',80,2014,1,0,'',NULL),(54,'MFG4964','GEOFISIKA LINGKUNGAN',2,'ganjil','p','7',42,2014,1,0,'',NULL),(55,'MKK3245','GEOKIMIA',2,'ganjil','p','5',28,2014,1,0,'',NULL),(56,'MKK3811','GEOKIMIA',2,'ganjil','p','1',137,2014,1,0,'',NULL),(57,'MFG2906','GEOLOGI STRUKTUR',2,'ganjil','w','3',103,2014,1,0,'',100),(58,'MMM2113','GEOMETRI',3,'ganjil','p','3',41,2014,1,0,'',NULL),(59,'MFF3021','GEOMETRI DIFERENSIAL DALAM FISIKA TEORETIK',3,'ganjil','p','5',0,2014,1,0,'',NULL),(60,'MMM2114','GEOMETRI TRANSFORMASI',2,'ganjil','w','3',96,2014,1,0,'',NULL),(61,'MFG3946','GLOBAL POSITIONING SYSTEM',2,'ganjil','p','5',11,2014,1,0,'',NULL),(62,'MIK3203','GRAFIKA KOMPUTER',3,'ganjil','w','5',124,2014,1,0,'',NULL),(63,'MIE4823','HMI/SCADA DAN DCS',3,'ganjil','p','7',134,2014,1,0,'',NULL),(64,'MKK2831','INDUSTRI KIMIA',2,'ganjil','p','1',111,2014,1,0,'',NULL),(65,'MIE3817','INSTRUMENTASI ELEKTRONIK',3,'ganjil','p','5',79,2014,1,0,'',100),(66,'MIK3401','INTERAKSI MANUSIA KOMPUTER',3,'ganjil','w','5',72,2014,1,0,'',NULL),(67,'MKK3833','JAMINAN MUTU DALAM INDUSTRI',2,'ganjil','p','1',82,2014,1,0,'',NULL),(68,'MIK4403','JARINGAN SYARAF TIRUAN',3,'ganjil','w','5',30,2014,1,0,'',NULL),(69,'MMM1106','KALKULUS',3,'ganjil','w','1',222,2014,1,0,'',NULL),(70,'MMM1101','KALKULUS I',3,'ganjil','w','1',216,2014,1,0,'',NULL),(71,'MMM2109','KALKULUS MULTIVARIABEL I',2,'ganjil','w','3',169,2014,1,0,'',50),(72,'MFG3950','KAPITA SELEKTA A',2,'ganjil','p','5',87,2014,1,0,'',NULL),(73,'MFF4811','KAPITA SELEKTA FISIKA MATERIAL',3,'ganjil','p','7',15,2014,1,0,'',NULL),(74,'MMM4349','KAPITA SELEKTA MATEMATIKA TERAPAN',3,'ganjil','p','7',24,2014,1,0,'',NULL),(75,'MMS4449','KAPITA SELEKTA STATISTIK',3,'ganjil','p','7',13,2014,1,0,'',NULL),(76,'MIK4601','KEAMANAN SISTEM DAN JARINGAN',3,'ganjil','w','5',52,2014,1,0,'',NULL),(77,'MKK3863','KEMOINFORMATIKA',2,'ganjil','p','1',20,2014,1,0,'',NULL),(78,'MKK3701','KEMOMETRI',2,'ganjil','w','5',152,2014,1,0,'',70),(79,'MIE4010','KEWIRAUSAHAAN DAN MANAJEMEN',2,'ganjil','w','7',28,2014,1,0,'',NULL),(80,'MKK1501','KIMIA ANALITIK DASAR I',2,'ganjil','w','1',242,2014,1,0,'',100),(81,'MKK2843','KIMIA B3',2,'ganjil','p','1',62,2014,1,0,'',NULL),(82,'MKK3813','KIMIA BIOANORGANIK',2,'ganjil','p','1',45,2014,1,0,'',NULL),(83,'MKK1101','KIMIA DASAR I',3,'ganjil','w','1',252,2014,1,0,'',NULL),(84,'MKK2823','KIMIA HASIL ALAM',2,'ganjil','p','1',41,2014,1,0,'',NULL),(85,'MKB1000','KIMIA KONTEKSTUAL',2,'ganjil','w','1',659,2014,1,0,'',90),(86,'MKK2841','KIMIA LINGKUNGAN',2,'ganjil','p','1',111,2014,1,0,'',NULL),(87,'MKK2821','KIMIA MEDISINAL',2,'ganjil','p','1',39,2014,1,0,'',NULL),(88,'MKK1401','KIMIA ORGANIK DASAR I',2,'ganjil','w','1',222,2014,1,0,'',100),(89,'MKK3401','KIMIA ORGANIK FISIK',2,'ganjil','w','5',148,2014,1,0,'',NULL),(90,'MKK3821','KIMIA PANGAN',2,'ganjil','p','1',46,2014,1,0,'',NULL),(91,'MKK2501','KIMIA PEMISAHAN',3,'ganjil','w','3',221,2014,1,0,'',NULL),(92,'MKK3819','KIMIA POLIMER',2,'ganjil','p','1',71,2014,1,0,'',NULL),(93,'MKK3815','KIMIA ZAT PADAT',2,'ganjil','p','1',151,2014,1,0,'',NULL),(94,'MKK2303','KINETIKA KIMIA',3,'ganjil','w','3',209,2014,1,0,'',NULL),(95,'MKK3865','KOMPUTASI REKAYASA MOLEKULER',2,'ganjil','p','1',42,2014,1,0,'',NULL),(96,'MMS3415','KOMPUTASI STATISTIK',2,'ganjil','w','5',71,2014,1,0,'',NULL),(97,'MFF2011','KOMPUTER MULTIMEDIA',2,'ganjil','p','3',35,2014,1,0,'',NULL),(98,'MFB1000','KONSEP FISIKA',2,'ganjil','w','1',612,2014,1,0,'',70),(99,'MIE3819','KONTROL DIGITAL',3,'ganjil','p','5',112,2014,1,0,'',NULL),(100,'MFF2411','LISTRIK DAN MAGNET',3,'ganjil','w','3',93,2014,1,0,'',NULL),(101,'MIK4401','LOGIKA FUZZY',3,'ganjil','w','5',39,2014,1,0,'',NULL),(102,'MFG4935','LOKAKARYA GEOFISIKA LAPANGAN',2,'ganjil','w','7',42,2014,1,0,'',NULL),(103,'MIK4603','MANAJEMEN JARINGAN',3,'ganjil','w','5',32,2014,1,0,'',NULL),(104,'MFG2942','MANAJEMEN PROYEK',2,'ganjil','p','3',94,2014,1,0,'',100),(105,'MMS3424','MANAJEMEN RESIKO KUANTITATIF',3,'ganjil','p','5',63,2014,1,0,'',NULL),(106,'MIK1201','MATEMATIKA DISKRIT I',3,'ganjil','w','1',121,2014,1,0,'',NULL),(107,'MFF2023','MATEMATIKA FISIKA II',3,'ganjil','w','3',199,2014,1,0,'',60),(108,'MMM3305','MATEMATIKA KOMPUTASI',3,'ganjil','w','5',57,2014,1,0,'',50),(109,'MMB1000','MATEMATIKA KONTEKSTUAL',2,'ganjil','w','1',641,2014,1,0,'',80),(110,'MKK2701','MATEMATIKA UNTUK KIMIA',2,'ganjil','w','3',158,2014,1,0,'',NULL),(111,'MKK3853','MATERIAL POLIMER DAN KOMPOSIT',2,'ganjil','p','1',28,2014,1,0,'',NULL),(112,'MFF2403','MEKANIKA ANALITIK',3,'ganjil','w','3',94,2014,1,0,'',NULL),(113,'MFG4958','MEKANIKA BATUAN',2,'ganjil','p','7',71,2014,1,0,'',NULL),(114,'MFF2951','MEKANIKA BENDA LANGIT',3,'ganjil','p','3',55,2014,1,0,'',NULL),(115,'MFF4031','MEKANIKA KUANTUM',3,'ganjil','p','5',25,2014,1,0,'',NULL),(116,'MKK3201','MEKANISME REAKSI ANORGANIK',2,'ganjil','w','5',175,2014,1,0,'',80),(117,'MIE2811','MEKATRONIKA',3,'ganjil','p','3',86,2014,1,0,'',100),(118,'MIE3008','MET. PENEL. ELEKTRONIKA DAN INSTRUMENTASI',2,'ganjil','w','5',12,2014,1,0,'',NULL),(119,'MFF3291','METODE DETEKSI NUKLIR & PARTIKEL',2,'ganjil','p','5',32,2014,1,0,'',NULL),(120,'MFG3920','METODE GEOELEKTRISITAS DAN EM',3,'ganjil','w','5',96,2014,1,0,'',100),(121,'MIK3201','METODE NUMERIK',2,'ganjil','w','5',87,2014,1,0,'',NULL),(122,'MFF1061','METODE PENGUKURAN FISIKA',2,'ganjil','w','1',96,2014,1,0,'',NULL),(123,'MFG3917','METODE SEISMIK I',2,'ganjil','w','5',85,2014,1,0,'',100),(124,'MMS1423','METODE STATISTIK I',2,'ganjil','w','3',281,2014,1,0,'',NULL),(125,'MMS2403','METODE SURVEI SAMPEL',3,'ganjil','w','3',100,2014,1,0,'',NULL),(126,'MMS3427','METODOLOGI PENELITIAN',3,'ganjil','w','5',80,2014,1,0,'',70),(127,'MFF3063','METODOLOGI PENELITIAN FISIKA',2,'ganjil','w','5',56,2014,1,0,'',NULL),(128,'MIE2601','MIKROKOMPUTER',3,'ganjil','w','3',91,2014,1,0,'',NULL),(129,'MIE3607','MIKROKONTROLER',3,'ganjil','p','5',54,2014,1,0,'',NULL),(130,'MIK4507','MULTIMEDIA',3,'ganjil','p','5',49,2014,1,0,'',NULL),(131,'MKK3851','NANO DAN BIOMATERIAL',2,'ganjil','p','1',48,2014,1,0,'',NULL),(132,'MFF2413','OPTIKA',2,'ganjil','w','3',94,2014,1,0,'',NULL),(133,'MIK4203','PEMODELAN DAN SIMULASI',3,'ganjil','w','5',16,2014,1,0,'',NULL),(134,'MIK4608','PEMROGRAMAN JARINGAN DAN PIRANTI BERGERAK',3,'ganjil','p','5',37,2014,1,0,'',NULL),(135,'MIE4610','PEMROSESAN SINYAL DIGITAL II',3,'ganjil','p','7',23,2014,1,0,'',NULL),(136,'MMM4102','PENG. ANALISIS FUNGSIONAL',3,'ganjil','p','7',8,2014,1,0,'',NULL),(137,'MMS4417','PENG. ANALISIS GARANSI',3,'ganjil','p','7',16,2014,1,0,'',NULL),(138,'MMM3101','PENG. ANALISIS I',3,'ganjil','w','5',85,2014,1,0,'',60),(139,'MMM4204','PENG. KOMBINATORIK',3,'ganjil','p','7',20,2014,1,0,'',NULL),(140,'MMM1201','PENG. LOGIKA MATEMATIKA & HIMPUNAN',3,'ganjil','w','1',102,2014,1,0,'',50),(141,'MMS3472','PENG. MATEMATIKA AKTUARIA I',2,'ganjil','p','5',31,2014,1,0,'',NULL),(142,'MMS2418','PENG. MATEMATIKA FINANSIAL I',3,'ganjil','p','3',102,2014,1,0,'',NULL),(143,'MMM3303','PENG. MODEL MATEMATIKA',3,'ganjil','w','5',58,2014,1,0,'',NULL),(144,'MMS2410','PENG. MODEL PROBABILITAS',3,'ganjil','w','3',156,2014,1,0,'',NULL),(145,'MMM3302','PENG. PERSAMAAN DIFERENSIAL PARSIAL',3,'ganjil','w','5',73,2014,1,0,'',50),(146,'MMS3422','PENG. PROSES STOKASTIK',3,'ganjil','p','5',70,2014,1,0,'',NULL),(147,'MMS3469','PENG. STATISTIKA MATEMATIK II',3,'ganjil','w','5',106,2014,1,0,'',NULL),(148,'MMM2201','PENG. STRUKTUR ALJABAR II',3,'ganjil','w','3',101,2014,1,0,'',NULL),(149,'MMS3416','PENG. TEORI ANTRIAN DAN SIMULASI',2,'ganjil','p','5',27,2014,1,0,'',NULL),(150,'MMS3476','PENG. TEORI KEPUTUSAN',3,'ganjil','p','5',37,2014,1,0,'',NULL),(151,'MMM2308','PENG. TEORI PERMAINAN',3,'ganjil','p','3',66,2014,1,0,'',NULL),(152,'MFF4893','PENGANTAR EKONOFISIKA',3,'ganjil','p','7',23,2014,1,0,'',NULL),(153,'MFF3421','PENGANTAR FISIKA LASER',3,'ganjil','p','5',19,2014,1,0,'',NULL),(154,'MFG1901','PENGANTAR GEOFISIKA',2,'ganjil','p','3',106,2014,1,0,'',NULL),(155,'MIE2809','PENGANTAR INSTRUMENTASI',3,'ganjil','w','3',92,2014,1,0,'',NULL),(156,'MKK2851','PENGANTAR KIMIA MATERIAL',2,'ganjil','p','1',53,2014,1,0,'',NULL),(157,'MMM2304','PENGANTAR PERSAMAAN DIFERENSIAL',3,'ganjil','w','3',94,2014,1,0,'',80),(158,'MIE4403','PENGENALAN POLA',3,'ganjil','p','7',14,2014,1,0,'',NULL),(159,'MIK4405','PENGENALAN POLA',3,'ganjil','w','5',17,2014,1,0,'',NULL),(160,'MMS2423','PENGENDALIAN KUALITAS STATISTIKA',2,'ganjil','p','3',87,2014,1,0,'',70),(161,'MIK4209','PENGOLAHAN CITRA DIGITAL',3,'ganjil','p','5',20,2014,1,0,'',NULL),(162,'MFG3951','PENYELESAIAN NUMERIK',2,'ganjil','p','5',49,2014,1,0,'',NULL),(163,'MMS3430','PERAMALAN DATA TIME SERIES',2,'ganjil','p','5',67,2014,1,0,'',NULL),(164,'MFG2909','PERPETAAN',2,'ganjil','w','3',114,2014,1,0,'',NULL),(165,'MMM2301','PERSAMAAN DIFERENSIAL ELEMENTER',3,'ganjil','w','3',270,2014,1,0,'',NULL),(166,'MFG2940','PETROLOGI',2,'ganjil','p','3',81,2014,1,0,'',NULL),(167,'MIE4822','PLC',3,'ganjil','p','7',43,2014,1,0,'',NULL),(168,'MMM2302','PROGRAM LINEAR',2,'ganjil','w','3',92,2014,1,0,'',NULL),(169,'MIK3501','REKAYASA PERANGKAT LUNAK',3,'ganjil','w','5',116,2014,1,0,'',NULL),(170,'MIE3401','ROBOTIKA',3,'ganjil','p','5',62,2014,1,0,'',NULL),(171,'MFF4061','SENSOR DAN TRANSDUSER',2,'ganjil','p','5',35,2014,1,0,'',NULL),(172,'MIE3815','SENSOR DAN TRANSDUSER',3,'ganjil','p','7',82,2014,1,0,'',100),(173,'MIE4824','SENSOR NETWORKS',3,'ganjil','p','7',45,2014,1,0,'',NULL),(174,'MIE3818','SIMULASI ELEKTRONIKA',3,'ganjil','p','5',63,2014,1,0,'',100),(175,'MKK3861','SIMULASI MOLEKULER',2,'ganjil','p','1',42,2014,1,0,'',NULL),(176,'MIK4509','SISTEM INFORMASI GEOGRAFIS',3,'ganjil','p','5',16,2014,1,0,'',NULL),(177,'MIK2601','SISTEM OPERASI',3,'ganjil','w','3',54,2014,1,0,'',NULL),(178,'MIK4609','SISTEM PARALEL',3,'ganjil','p','7',47,2014,1,0,'',NULL),(179,'MIK4605','SISTEM TERDISTRIBUSI',3,'ganjil','w','5',38,2014,1,0,'',NULL),(180,'MKK2401','STEREOKIMIA',2,'ganjil','w','3',192,2014,1,0,'',NULL),(181,'MFG3945','STRATIGRAFI',2,'ganjil','p','5',74,2014,1,0,'',NULL),(182,'MIB1000','TEKNOLOGI INFORMASI KONTEMPORER',2,'ganjil','w','1',621,2014,1,0,'',70),(183,'MFG3916','TEKTONIK INDONESIA',2,'ganjil','w','5',88,2014,1,0,'',80),(184,'MIK4201','TEORI BAHASA DAN OTOMATA',3,'ganjil','w','5',31,2014,1,0,'',NULL),(185,'MMM3203','TEORI GRUP HINGGA',2,'ganjil','p','5',21,2014,1,0,'',NULL),(186,'MFF2031','TEORI RELATIVITAS',2,'ganjil','w','3',82,2014,1,0,'',NULL),(187,'MMM3205','TEORI SEMIGRUP',3,'ganjil','p','5',2,2014,1,0,'',NULL),(188,'MMM3301','TEORI SISTEM',3,'ganjil','p','5',35,2014,1,0,'',NULL),(189,'MKK2301','TERMODINAMIKA KIMIA',3,'ganjil','w','3',154,2014,1,0,'',NULL),(190,'MIE1801','UNTAI LISTRIK',2,'ganjil','w','1',101,2014,1,0,'',NULL);

/*Table structure for table `mata_kuliah_kurikulum_rekap` */

DROP TABLE IF EXISTS `mata_kuliah_kurikulum_rekap`;

CREATE TABLE `mata_kuliah_kurikulum_rekap` (
  `mkkurrkp_id` int(11) NOT NULL AUTO_INCREMENT,
  `mkkurrkp_mkkur_id` int(11) DEFAULT NULL,
  `mkkurrkp_jml_peminat` int(6) DEFAULT NULL,
  `mkkurrkp_tahun` year(4) DEFAULT NULL,
  PRIMARY KEY (`mkkurrkp_id`),
  KEY `mkkurrkp_mkkur_id_key` (`mkkurrkp_mkkur_id`),
  CONSTRAINT `FK_mata_kuliah_kurikulum_rekap_FK` FOREIGN KEY (`mkkurrkp_mkkur_id`) REFERENCES `mata_kuliah_kurikulum` (`mkkur_id`) ON DELETE CASCADE ON UPDATE CASCADE
) ENGINE=InnoDB AUTO_INCREMENT=1141 DEFAULT CHARSET=latin1;

/*Data for the table `mata_kuliah_kurikulum_rekap` */

insert  into `mata_kuliah_kurikulum_rekap`(`mkkurrkp_id`,`mkkurrkp_mkkur_id`,`mkkurrkp_jml_peminat`,`mkkurrkp_tahun`) values (1,1,273,2008),(2,1,362,2009),(3,1,240,2010),(4,1,716,2011),(5,1,678,2012),(6,1,528,2013),(7,2,0,2008),(8,2,0,2009),(9,2,0,2010),(10,2,98,2011),(11,2,210,2012),(12,2,196,2013),(13,3,20,2008),(14,3,0,2009),(15,3,0,2010),(16,3,20,2011),(17,3,47,2012),(18,3,21,2013),(19,4,0,2008),(20,4,0,2009),(21,4,0,2010),(22,4,0,2011),(23,4,0,2012),(24,4,12,2013),(25,5,138,2008),(26,5,164,2009),(27,5,171,2010),(28,5,110,2011),(29,5,106,2012),(30,5,79,2013),(31,6,51,2008),(32,6,50,2009),(33,6,42,2010),(34,6,51,2011),(35,6,65,2012),(36,6,57,2013),(37,7,158,2008),(38,7,211,2009),(39,7,192,2010),(40,7,154,2011),(41,7,165,2012),(42,7,117,2013),(43,8,0,2008),(44,8,0,2009),(45,8,0,2010),(46,8,91,2011),(47,8,129,2012),(48,8,150,2013),(49,9,0,2008),(50,9,0,2009),(51,9,0,2010),(52,9,156,2011),(53,9,139,2012),(54,9,222,2013),(55,10,0,2008),(56,10,0,2009),(57,10,0,2010),(58,10,57,2011),(59,10,101,2012),(60,10,122,2013),(61,11,0,2008),(62,11,0,2009),(63,11,0,2010),(64,11,99,2011),(65,11,121,2012),(66,11,133,2013),(67,12,100,2008),(68,12,85,2009),(69,12,87,2010),(70,12,73,2011),(71,12,95,2012),(72,12,102,2013),(73,13,0,2008),(74,13,0,2009),(75,13,0,2010),(76,13,19,2011),(77,13,70,2012),(78,13,99,2013),(79,14,74,2008),(80,14,69,2009),(81,14,63,2010),(82,14,80,2011),(83,14,54,2012),(84,14,80,2013),(85,15,14,2008),(86,15,77,2009),(87,15,63,2010),(88,15,72,2011),(89,15,29,2012),(90,15,62,2013),(91,16,34,2008),(92,16,0,2009),(93,16,24,2010),(94,16,43,2011),(95,16,37,2012),(96,16,54,2013),(97,17,26,2008),(98,17,31,2009),(99,17,0,2010),(100,17,135,2011),(101,17,122,2012),(102,17,98,2013),(103,18,74,2008),(104,18,160,2009),(105,18,142,2010),(106,18,76,2011),(107,18,82,2012),(108,18,82,2013),(109,19,104,2008),(110,19,160,2009),(111,19,142,2010),(112,19,76,2011),(113,19,107,2012),(114,19,82,2013),(115,20,126,2008),(116,20,160,2009),(117,20,142,2010),(118,20,233,2011),(119,20,140,2012),(120,20,96,2013),(121,21,60,2008),(122,21,94,2009),(123,21,75,2010),(124,21,100,2011),(125,21,80,2012),(126,21,100,2013),(127,22,0,2008),(128,22,0,2009),(129,22,0,2010),(130,22,0,2011),(131,22,0,2012),(132,22,0,2013),(133,23,133,2008),(134,23,108,2009),(135,23,142,2010),(136,23,125,2011),(137,23,218,2012),(138,23,230,2013),(139,24,115,2008),(140,24,154,2009),(141,24,166,2010),(142,24,271,2011),(143,24,224,2012),(144,24,193,2013),(145,25,0,2008),(146,25,0,2009),(147,25,0,2010),(148,25,38,2011),(149,25,57,2012),(150,25,41,2013),(151,26,120,2008),(152,26,115,2009),(153,26,169,2010),(154,26,139,2011),(155,26,259,2012),(156,26,218,2013),(157,27,0,2008),(158,27,0,2009),(159,27,0,2010),(160,27,52,2011),(161,27,57,2012),(162,27,83,2013),(163,28,0,2008),(164,28,0,2009),(165,28,0,2010),(166,28,11,2011),(167,28,83,2012),(168,28,53,2013),(169,29,87,2008),(170,29,98,2009),(171,29,90,2010),(172,29,133,2011),(173,29,127,2012),(174,29,215,2013),(175,30,39,2008),(176,30,12,2009),(177,30,8,2010),(178,30,52,2011),(179,30,6,2012),(180,30,25,2013),(181,31,39,2008),(182,31,12,2009),(183,31,8,2010),(184,31,52,2011),(185,31,70,2012),(186,31,74,2013),(187,32,0,2008),(188,32,0,2009),(189,32,0,2010),(190,32,100,2011),(191,32,119,2012),(192,32,105,2013),(193,33,0,2008),(194,33,0,2009),(195,33,0,2010),(196,33,80,2011),(197,33,73,2012),(198,33,106,2013),(199,34,0,2008),(200,34,0,2009),(201,34,0,2010),(202,34,159,2011),(203,34,139,2012),(204,34,239,2013),(205,35,0,2008),(206,35,0,2009),(207,35,0,2010),(208,35,0,2011),(209,35,9,2012),(210,35,48,2013),(211,36,0,2008),(212,36,0,2009),(213,36,0,2010),(214,36,106,2011),(215,36,57,2012),(216,36,87,2013),(217,37,69,2008),(218,37,93,2009),(219,37,65,2010),(220,37,89,2011),(221,37,74,2012),(222,37,59,2013),(223,38,88,2008),(224,38,39,2009),(225,38,54,2010),(226,38,78,2011),(227,38,85,2012),(228,38,127,2013),(229,39,0,2008),(230,39,0,2009),(231,39,0,2010),(232,39,0,2011),(233,39,28,2012),(234,39,26,2013),(235,40,0,2008),(236,40,0,2009),(237,40,0,2010),(238,40,38,2011),(239,40,36,2012),(240,40,52,2013),(241,41,117,2008),(242,41,156,2009),(243,41,146,2010),(244,41,215,2011),(245,41,255,2012),(246,41,198,2013),(247,42,0,2008),(248,42,0,2009),(249,42,0,2010),(250,42,54,2011),(251,42,73,2012),(252,42,56,2013),(253,43,11,2008),(254,43,0,2009),(255,43,9,2010),(256,43,47,2011),(257,43,58,2012),(258,43,67,2013),(259,44,76,2008),(260,44,62,2009),(261,44,53,2010),(262,44,39,2011),(263,44,37,2012),(264,44,67,2013),(265,45,74,2008),(266,45,65,2009),(267,45,54,2010),(268,45,0,2011),(269,45,40,2012),(270,45,35,2013),(271,46,0,2008),(272,46,0,2009),(273,46,0,2010),(274,46,43,2011),(275,46,55,2012),(276,46,58,2013),(277,47,0,2008),(278,47,0,2009),(279,47,0,2010),(280,47,25,2011),(281,47,0,2012),(282,47,13,2013),(283,48,0,2008),(284,48,0,2009),(285,48,0,2010),(286,48,57,2011),(287,48,76,2012),(288,48,81,2013),(289,49,0,2008),(290,49,34,2009),(291,49,16,2010),(292,49,12,2011),(293,49,20,2012),(294,49,11,2013),(295,50,0,2008),(296,50,0,2009),(297,50,0,2010),(298,50,51,2011),(299,50,38,2012),(300,50,73,2013),(301,51,0,2008),(302,51,0,2009),(303,51,0,2010),(304,51,19,2011),(305,51,74,2012),(306,51,78,2013),(307,52,21,2008),(308,52,29,2009),(309,52,51,2010),(310,52,29,2011),(311,52,14,2012),(312,52,18,2013),(313,53,45,2008),(314,53,61,2009),(315,53,44,2010),(316,53,86,2011),(317,53,78,2012),(318,53,102,2013),(319,54,30,2008),(320,54,23,2009),(321,54,48,2010),(322,54,37,2011),(323,54,35,2012),(324,54,16,2013),(325,55,16,2008),(326,55,29,2009),(327,55,0,2010),(328,55,22,2011),(329,55,99,2012),(330,55,43,2013),(331,56,16,2008),(332,56,29,2009),(333,56,0,2010),(334,56,22,2011),(335,56,122,2012),(336,56,140,2013),(337,57,58,2008),(338,57,69,2009),(339,57,106,2010),(340,57,74,2011),(341,57,106,2012),(342,57,138,2013),(343,58,0,2008),(344,58,0,2009),(345,58,0,2010),(346,58,11,2011),(347,58,49,2012),(348,58,42,2013),(349,59,0,2008),(350,59,0,2009),(351,59,0,2010),(352,59,0,2011),(353,59,14,2012),(354,59,0,2013),(355,60,89,2008),(356,60,60,2009),(357,60,83,2010),(358,60,104,2011),(359,60,104,2012),(360,60,92,2013),(361,61,0,2008),(362,61,0,2009),(363,61,29,2010),(364,61,66,2011),(365,61,0,2012),(366,61,7,2013),(367,62,11,2008),(368,62,42,2009),(369,62,5,2010),(370,62,52,2011),(371,62,36,2012),(372,62,139,2013),(373,63,0,2008),(374,63,0,2009),(375,63,0,2010),(376,63,129,2011),(377,63,59,2012),(378,63,136,2013),(379,64,84,2008),(380,64,73,2009),(381,64,65,2010),(382,64,95,2011),(383,64,156,2012),(384,64,98,2013),(385,65,0,2008),(386,65,0,2009),(387,65,0,2010),(388,65,66,2011),(389,65,27,2012),(390,65,80,2013),(391,66,0,2008),(392,66,0,2009),(393,66,0,2010),(394,66,65,2011),(395,66,82,2012),(396,66,160,2013),(397,67,0,2008),(398,67,0,2009),(399,67,0,2010),(400,67,110,2011),(401,67,81,2012),(402,67,48,2013),(403,68,23,2008),(404,68,33,2009),(405,68,51,2010),(406,68,31,2011),(407,68,17,2012),(408,68,16,2013),(409,69,0,2008),(410,69,0,2009),(411,69,0,2010),(412,69,235,2011),(413,69,273,2012),(414,69,223,2013),(415,70,128,2008),(416,70,154,2009),(417,70,144,2010),(418,70,257,2011),(419,70,216,2012),(420,70,184,2013),(421,71,151,2008),(422,71,141,2009),(423,71,199,2010),(424,71,160,2011),(425,71,231,2012),(426,71,135,2013),(427,72,0,2008),(428,72,54,2009),(429,72,7,2010),(430,72,79,2011),(431,72,109,2012),(432,72,90,2013),(433,73,0,2008),(434,73,0,2009),(435,73,0,2010),(436,73,44,2011),(437,73,15,2012),(438,73,17,2013),(439,74,0,2008),(440,74,0,2009),(441,74,0,2010),(442,74,20,2011),(443,74,44,2012),(444,74,8,2013),(445,75,0,2008),(446,75,0,2009),(447,75,0,2010),(448,75,0,2011),(449,75,0,2012),(450,75,40,2013),(451,76,0,2008),(452,76,0,2009),(453,76,0,2010),(454,76,64,2011),(455,76,50,2012),(456,76,64,2013),(457,77,9,2008),(458,77,0,2009),(459,77,0,2010),(460,77,19,2011),(461,77,12,2012),(462,77,46,2013),(463,78,93,2008),(464,78,113,2009),(465,78,106,2010),(466,78,149,2011),(467,78,120,2012),(468,78,215,2013),(469,79,0,2008),(470,79,0,2009),(471,79,0,2010),(472,79,25,2011),(473,79,40,2012),(474,79,62,2013),(475,80,168,2008),(476,80,185,2009),(477,80,175,2010),(478,80,299,2011),(479,80,230,2012),(480,80,244,2013),(481,81,0,2008),(482,81,0,2009),(483,81,0,2010),(484,81,93,2011),(485,81,109,2012),(486,81,48,2013),(487,82,2,2008),(488,82,0,2009),(489,82,0,2010),(490,82,45,2011),(491,82,52,2012),(492,82,40,2013),(493,83,426,2008),(494,83,494,2009),(495,83,419,2010),(496,83,256,2011),(497,83,249,2012),(498,83,219,2013),(499,84,15,2008),(500,84,0,2009),(501,84,13,2010),(502,84,40,2011),(503,84,39,2012),(504,84,79,2013),(505,85,0,2008),(506,85,0,2009),(507,85,0,2010),(508,85,847,2011),(509,85,766,2012),(510,85,663,2013),(511,86,57,2008),(512,86,87,2009),(513,86,78,2010),(514,86,65,2011),(515,86,26,2012),(516,86,157,2013),(517,87,29,2008),(518,87,13,2009),(519,87,25,2010),(520,87,30,2011),(521,87,46,2012),(522,87,40,2013),(523,88,140,2008),(524,88,190,2009),(525,88,176,2010),(526,88,270,2011),(527,88,221,2012),(528,88,222,2013),(529,89,82,2008),(530,89,113,2009),(531,89,122,2010),(532,89,158,2011),(533,89,149,2012),(534,89,222,2013),(535,90,0,2008),(536,90,0,2009),(537,90,0,2010),(538,90,47,2011),(539,90,56,2012),(540,90,47,2013),(541,91,125,2008),(542,91,116,2009),(543,91,146,2010),(544,91,138,2011),(545,91,233,2012),(546,91,214,2013),(547,92,0,2008),(548,92,0,2009),(549,92,0,2010),(550,92,62,2011),(551,92,116,2012),(552,92,84,2013),(553,93,88,2008),(554,93,62,2009),(555,93,43,2010),(556,93,58,2011),(557,93,53,2012),(558,93,161,2013),(559,94,0,2008),(560,94,0,2009),(561,94,0,2010),(562,94,135,2011),(563,94,226,2012),(564,94,211,2013),(565,95,0,2008),(566,95,0,2009),(567,95,0,2010),(568,95,0,2011),(569,95,26,2012),(570,95,43,2013),(571,96,0,2008),(572,96,0,2009),(573,96,0,2010),(574,96,82,2011),(575,96,67,2012),(576,96,87,2013),(577,97,0,2008),(578,97,0,2009),(579,97,0,2010),(580,97,0,2011),(581,97,41,2012),(582,97,36,2013),(583,98,0,2008),(584,98,0,2009),(585,98,0,2010),(586,98,860,2011),(587,98,757,2012),(588,98,625,2013),(589,99,33,2008),(590,99,42,2009),(591,99,48,2010),(592,99,122,2011),(593,99,71,2012),(594,99,114,2013),(595,100,0,2008),(596,100,0,2009),(597,100,0,2010),(598,100,109,2011),(599,100,90,2012),(600,100,99,2013),(601,101,12,2008),(602,101,71,2009),(603,101,28,2010),(604,101,24,2011),(605,101,65,2012),(606,101,50,2013),(607,102,5,2008),(608,102,30,2009),(609,102,46,2010),(610,102,40,2011),(611,102,70,2012),(612,102,50,2013),(613,103,2,2008),(614,103,0,2009),(615,103,0,2010),(616,103,17,2011),(617,103,31,2012),(618,103,70,2013),(619,104,46,2008),(620,104,19,2009),(621,104,13,2010),(622,104,70,2011),(623,104,9,2012),(624,104,97,2013),(625,105,50,2008),(626,105,81,2009),(627,105,48,2010),(628,105,71,2011),(629,105,59,2012),(630,105,57,2013),(631,106,0,2008),(632,106,0,2009),(633,106,0,2010),(634,106,134,2011),(635,106,152,2012),(636,106,109,2013),(637,107,68,2008),(638,107,67,2009),(639,107,57,2010),(640,107,145,2011),(641,107,204,2012),(642,107,201,2013),(643,108,0,2008),(644,108,0,2009),(645,108,0,2010),(646,108,81,2011),(647,108,55,2012),(648,108,85,2013),(649,109,0,2008),(650,109,0,2009),(651,109,0,2010),(652,109,843,2011),(653,109,798,2012),(654,109,648,2013),(655,110,97,2008),(656,110,97,2009),(657,110,143,2010),(658,110,119,2011),(659,110,214,2012),(660,110,198,2013),(661,111,0,2008),(662,111,0,2009),(663,111,0,2010),(664,111,23,2011),(665,111,45,2012),(666,111,21,2013),(667,112,0,2008),(668,112,0,2009),(669,112,0,2010),(670,112,82,2011),(671,112,97,2012),(672,112,96,2013),(673,113,40,2008),(674,113,45,2009),(675,113,33,2010),(676,113,31,2011),(677,113,18,2012),(678,113,75,2013),(679,114,0,2008),(680,114,0,2009),(681,114,0,2010),(682,114,22,2011),(683,114,45,2012),(684,114,56,2013),(685,115,108,2008),(686,115,69,2009),(687,115,132,2010),(688,115,14,2011),(689,115,16,2012),(690,115,24,2013),(691,116,137,2008),(692,116,143,2009),(693,116,119,2010),(694,116,173,2011),(695,116,149,2012),(696,116,248,2013),(697,117,143,2008),(698,117,107,2009),(699,117,98,2010),(700,117,109,2011),(701,117,112,2012),(702,117,76,2013),(703,118,0,2008),(704,118,0,2009),(705,118,0,2010),(706,118,0,2011),(707,118,7,2012),(708,118,12,2013),(709,119,0,2008),(710,119,0,2009),(711,119,0,2010),(712,119,33,2011),(713,119,31,2012),(714,119,35,2013),(715,120,45,2008),(716,120,57,2009),(717,120,52,2010),(718,120,86,2011),(719,120,61,2012),(720,120,96,2013),(721,121,0,2008),(722,121,0,2009),(723,121,0,2010),(724,121,48,2011),(725,121,84,2012),(726,121,174,2013),(727,122,108,2008),(728,122,93,2009),(729,122,96,2010),(730,122,104,2011),(731,122,105,2012),(732,122,91,2013),(733,123,43,2008),(734,123,54,2009),(735,123,48,2010),(736,123,75,2011),(737,123,57,2012),(738,123,95,2013),(739,124,64,2008),(740,124,86,2009),(741,124,85,2010),(742,124,265,2011),(743,124,309,2012),(744,124,283,2013),(745,125,80,2008),(746,125,76,2009),(747,125,103,2010),(748,125,77,2011),(749,125,101,2012),(750,125,128,2013),(751,126,82,2008),(752,126,32,2009),(753,126,70,2010),(754,126,81,2011),(755,126,93,2012),(756,126,140,2013),(757,127,5,2008),(758,127,10,2009),(759,127,11,2010),(760,127,66,2011),(761,127,55,2012),(762,127,64,2013),(763,128,0,2008),(764,128,0,2009),(765,128,0,2010),(766,128,80,2011),(767,128,104,2012),(768,128,100,2013),(769,129,0,2008),(770,129,0,2009),(771,129,0,2010),(772,129,0,2011),(773,129,62,2012),(774,129,55,2013),(775,130,69,2008),(776,130,84,2009),(777,130,31,2010),(778,130,52,2011),(779,130,38,2012),(780,130,65,2013),(781,131,0,2008),(782,131,0,2009),(783,131,0,2010),(784,131,34,2011),(785,131,20,2012),(786,131,49,2013),(787,132,0,2008),(788,132,0,2009),(789,132,0,2010),(790,132,49,2011),(791,132,74,2012),(792,132,100,2013),(793,133,0,2008),(794,133,0,2009),(795,133,0,2010),(796,133,16,2011),(797,133,25,2012),(798,133,16,2013),(799,134,0,2008),(800,134,0,2009),(801,134,0,2010),(802,134,0,2011),(803,134,31,2012),(804,134,37,2013),(805,135,0,2008),(806,135,0,2009),(807,135,0,2010),(808,135,0,2011),(809,135,12,2012),(810,135,24,2013),(811,136,0,2008),(812,136,0,2009),(813,136,0,2010),(814,136,7,2011),(815,136,16,2012),(816,136,6,2013),(817,137,0,2008),(818,137,11,2009),(819,137,17,2010),(820,137,7,2011),(821,137,52,2012),(822,137,20,2013),(823,138,0,2008),(824,138,0,2009),(825,138,0,2010),(826,138,86,2011),(827,138,82,2012),(828,138,94,2013),(829,139,0,2008),(830,139,0,2009),(831,139,0,2010),(832,139,17,2011),(833,139,27,2012),(834,139,14,2013),(835,140,0,2008),(836,140,0,2009),(837,140,0,2010),(838,140,113,2011),(839,140,101,2012),(840,140,86,2013),(841,141,0,2008),(842,141,0,2009),(843,141,0,2010),(844,141,25,2011),(845,141,44,2012),(846,141,46,2013),(847,142,56,2008),(848,142,0,2009),(849,142,70,2010),(850,142,117,2011),(851,142,101,2012),(852,142,115,2013),(853,143,0,2008),(854,143,0,2009),(855,143,0,2010),(856,143,79,2011),(857,143,56,2012),(858,143,77,2013),(859,144,161,2008),(860,144,140,2009),(861,144,179,2010),(862,144,147,2011),(863,144,202,2012),(864,144,177,2013),(865,145,0,2008),(866,145,0,2009),(867,145,0,2010),(868,145,84,2011),(869,145,68,2012),(870,145,86,2013),(871,146,40,2008),(872,146,59,2009),(873,146,70,2010),(874,146,63,2011),(875,146,72,2012),(876,146,84,2013),(877,147,40,2008),(878,147,96,2009),(879,147,64,2010),(880,147,110,2011),(881,147,71,2012),(882,147,103,2013),(883,148,85,2008),(884,148,81,2009),(885,148,88,2010),(886,148,85,2011),(887,148,103,2012),(888,148,97,2013),(889,149,60,2008),(890,149,36,2009),(891,149,30,2010),(892,149,52,2011),(893,149,34,2012),(894,149,25,2013),(895,150,0,2008),(896,150,0,2009),(897,150,0,2010),(898,150,20,2011),(899,150,35,2012),(900,150,72,2013),(901,151,0,2008),(902,151,0,2009),(903,151,0,2010),(904,151,74,2011),(905,151,64,2012),(906,151,79,2013),(907,152,0,2008),(908,152,0,2009),(909,152,0,2010),(910,152,21,2011),(911,152,22,2012),(912,152,26,2013),(913,153,0,2008),(914,153,0,2009),(915,153,0,2010),(916,153,14,2011),(917,153,59,2012),(918,153,19,2013),(919,154,0,2008),(920,154,0,2009),(921,154,0,2010),(922,154,116,2011),(923,154,120,2012),(924,154,107,2013),(925,155,0,2008),(926,155,0,2009),(927,155,0,2010),(928,155,85,2011),(929,155,106,2012),(930,155,94,2013),(931,156,0,2008),(932,156,0,2009),(933,156,0,2010),(934,156,120,2011),(935,156,53,2012),(936,156,29,2013),(937,157,0,2008),(938,157,0,2009),(939,157,0,2010),(940,157,81,2011),(941,157,113,2012),(942,157,144,2013),(943,158,0,2008),(944,158,0,2009),(945,158,0,2010),(946,158,34,2011),(947,158,24,2012),(948,158,8,2013),(949,159,0,2008),(950,159,0,2009),(951,159,0,2010),(952,159,10,2011),(953,159,24,2012),(954,159,17,2013),(955,160,0,2008),(956,160,0,2009),(957,160,0,2010),(958,160,74,2011),(959,160,90,2012),(960,160,105,2013),(961,161,0,2008),(962,161,0,2009),(963,161,60,2010),(964,161,22,2011),(965,161,7,2012),(966,161,11,2013),(967,162,0,2008),(968,162,0,2009),(969,162,0,2010),(970,162,0,2011),(971,162,26,2012),(972,162,50,2013),(973,163,0,2008),(974,163,0,2009),(975,163,0,2010),(976,163,75,2011),(977,163,67,2012),(978,163,68,2013),(979,164,0,2008),(980,164,0,2009),(981,164,0,2010),(982,164,54,2011),(983,164,104,2012),(984,164,115,2013),(985,165,183,2008),(986,165,153,2009),(987,165,220,2010),(988,165,263,2011),(989,165,350,2012),(990,165,409,2013),(991,166,39,2008),(992,166,53,2009),(993,166,59,2010),(994,166,60,2011),(995,166,94,2012),(996,166,96,2013),(997,167,0,2008),(998,167,0,2009),(999,167,0,2010),(1000,167,79,2011),(1001,167,66,2012),(1002,167,41,2013),(1003,168,77,2008),(1004,168,79,2009),(1005,168,97,2010),(1006,168,92,2011),(1007,168,95,2012),(1008,168,115,2013),(1009,169,137,2008),(1010,169,68,2009),(1011,169,72,2010),(1012,169,64,2011),(1013,169,74,2012),(1014,169,126,2013),(1015,170,76,2008),(1016,170,72,2009),(1017,170,97,2010),(1018,170,63,2011),(1019,170,96,2012),(1020,170,43,2013),(1021,171,0,2008),(1022,171,0,2009),(1023,171,0,2010),(1024,171,31,2011),(1025,171,36,2012),(1026,171,45,2013),(1027,172,0,2008),(1028,172,0,2009),(1029,172,0,2010),(1030,172,92,2011),(1031,172,77,2012),(1032,172,85,2013),(1033,173,0,2008),(1034,173,0,2009),(1035,173,0,2010),(1036,173,66,2011),(1037,173,54,2012),(1038,173,45,2013),(1039,174,0,2008),(1040,174,0,2009),(1041,174,0,2010),(1042,174,63,2011),(1043,174,95,2012),(1044,174,34,2013),(1045,175,0,2008),(1046,175,0,2009),(1047,175,0,2010),(1048,175,10,2011),(1049,175,0,2012),(1050,175,44,2013),(1051,176,0,2008),(1052,176,0,2009),(1053,176,0,2010),(1054,176,51,2011),(1055,176,41,2012),(1056,176,15,2013),(1057,177,79,2008),(1058,177,65,2009),(1059,177,105,2010),(1060,177,62,2011),(1061,177,133,2012),(1062,177,132,2013),(1063,178,74,2008),(1064,178,92,2009),(1065,178,30,2010),(1066,178,77,2011),(1067,178,43,2012),(1068,178,45,2013),(1069,179,0,2008),(1070,179,0,2009),(1071,179,0,2010),(1072,179,16,2011),(1073,179,35,2012),(1074,179,59,2013),(1075,180,117,2008),(1076,180,121,2009),(1077,180,169,2010),(1078,180,110,2011),(1079,180,192,2012),(1080,180,297,2013),(1081,181,38,2008),(1082,181,59,2009),(1083,181,39,2010),(1084,181,72,2011),(1085,181,49,2012),(1086,181,92,2013),(1087,182,0,2008),(1088,182,0,2009),(1089,182,0,2010),(1090,182,817,2011),(1091,182,775,2012),(1092,182,628,2013),(1093,183,30,2008),(1094,183,53,2009),(1095,183,48,2010),(1096,183,84,2011),(1097,183,62,2012),(1098,183,125,2013),(1099,184,106,2008),(1100,184,64,2009),(1101,184,71,2010),(1102,184,21,2011),(1103,184,25,2012),(1104,184,31,2013),(1105,185,23,2008),(1106,185,0,2009),(1107,185,25,2010),(1108,185,21,2011),(1109,185,34,2012),(1110,185,12,2013),(1111,186,64,2008),(1112,186,62,2009),(1113,186,61,2010),(1114,186,120,2011),(1115,186,79,2012),(1116,186,83,2013),(1117,187,0,2008),(1118,187,0,2009),(1119,187,0,2010),(1120,187,10,2011),(1121,187,11,2012),(1122,187,0,2013),(1123,188,0,2008),(1124,188,0,2009),(1125,188,0,2010),(1126,188,71,2011),(1127,188,39,2012),(1128,188,36,2013),(1129,189,0,2008),(1130,189,0,2009),(1131,189,0,2010),(1132,189,125,2011),(1133,189,234,2012),(1134,189,219,2013),(1135,190,0,2008),(1136,190,0,2009),(1137,190,0,2010),(1138,190,133,2011),(1139,190,145,2012),(1140,190,103,2013);

/*Table structure for table `mkkur_prodi` */

DROP TABLE IF EXISTS `mkkur_prodi`;

CREATE TABLE `mkkur_prodi` (
  `mkkprod_id` int(11) NOT NULL AUTO_INCREMENT,
  `mkkprod_mkkur_id` int(11) DEFAULT NULL,
  `mkkprod_prodi_id` int(11) DEFAULT NULL,
  `mkkprod_related_id` int(11) DEFAULT '0' COMMENT 'if kelas gabung, isi dgn mkkprod_id yg udah ada before',
  `mkkprod_porsi_kelas` int(11) DEFAULT '1' COMMENT 'porsi kelas dari jumlah total peserta makul',
  PRIMARY KEY (`mkkprod_id`),
  UNIQUE KEY `mkprodi_key` (`mkkprod_mkkur_id`,`mkkprod_prodi_id`),
  KEY `FK_mkkur_prodi_FK2` (`mkkprod_prodi_id`),
  CONSTRAINT `FK_mkkur_prodi` FOREIGN KEY (`mkkprod_mkkur_id`) REFERENCES `mata_kuliah_kurikulum` (`mkkur_id`) ON DELETE CASCADE ON UPDATE CASCADE,
  CONSTRAINT `FK_mkkur_prodi_FK2` FOREIGN KEY (`mkkprod_prodi_id`) REFERENCES `program_studi` (`prodi_id`) ON DELETE CASCADE ON UPDATE CASCADE
) ENGINE=InnoDB AUTO_INCREMENT=198 DEFAULT CHARSET=latin1;

/*Data for the table `mkkur_prodi` */

insert  into `mkkur_prodi`(`mkkprod_id`,`mkkprod_mkkur_id`,`mkkprod_prodi_id`,`mkkprod_related_id`,`mkkprod_porsi_kelas`) values (1,2,1,NULL,1),(2,3,1,NULL,1),(3,4,6,NULL,1),(4,5,3,NULL,1),(5,6,3,NULL,1),(6,7,3,NULL,1),(7,8,1,NULL,1),(8,9,5,NULL,1),(9,10,5,NULL,1),(10,11,2,NULL,1),(11,12,4,NULL,1),(12,13,7,NULL,1),(13,14,4,NULL,1),(14,15,3,NULL,1),(15,16,5,NULL,1),(16,17,2,NULL,1),(17,18,6,NULL,1),(18,19,2,NULL,1),(19,20,1,NULL,1),(20,21,4,NULL,1),(21,22,7,NULL,1),(22,23,5,NULL,1),(23,25,4,NULL,1),(24,26,5,NULL,1),(25,27,1,NULL,1),(26,28,7,NULL,1),(27,29,5,NULL,1),(28,30,2,NULL,1),(29,31,6,NULL,1),(30,32,2,NULL,1),(31,33,2,NULL,1),(32,34,5,NULL,1),(33,35,2,NULL,1),(34,36,1,NULL,1),(35,37,4,NULL,1),(36,38,1,NULL,1),(37,39,6,NULL,1),(38,40,6,NULL,1),(39,41,6,NULL,1),(40,42,7,NULL,1),(41,43,6,NULL,1),(42,44,6,NULL,1),(43,45,6,NULL,1),(44,46,6,NULL,1),(45,47,6,NULL,1),(46,48,6,NULL,1),(47,49,6,NULL,1),(48,50,6,NULL,1),(49,51,3,NULL,1),(50,52,6,NULL,1),(51,53,7,NULL,1),(52,54,7,NULL,1),(53,55,5,NULL,1),(54,56,5,NULL,1),(55,57,7,NULL,1),(56,58,3,NULL,1),(57,59,6,NULL,1),(58,60,3,NULL,1),(59,61,7,NULL,1),(60,62,1,NULL,1),(61,63,2,NULL,1),(62,64,5,NULL,1),(63,65,2,NULL,1),(64,66,1,NULL,1),(65,67,5,NULL,1),(66,68,1,NULL,1),(67,69,3,NULL,1),(68,70,3,NULL,1),(69,71,3,NULL,1),(70,72,7,NULL,1),(71,73,6,NULL,1),(72,74,3,NULL,1),(73,75,4,NULL,1),(74,76,1,NULL,1),(75,77,5,NULL,1),(76,78,5,NULL,1),(77,79,2,NULL,1),(78,80,5,NULL,1),(79,81,5,NULL,1),(80,82,5,NULL,1),(81,83,5,NULL,1),(82,84,5,NULL,1),(83,86,5,NULL,1),(84,87,5,NULL,1),(85,88,5,NULL,1),(86,89,5,NULL,1),(87,90,5,NULL,1),(88,91,5,NULL,1),(89,92,5,NULL,1),(90,93,5,NULL,1),(91,94,5,NULL,1),(92,95,5,NULL,1),(93,96,4,NULL,1),(94,97,6,NULL,1),(95,99,2,NULL,1),(96,100,6,NULL,1),(97,101,1,NULL,1),(98,102,7,NULL,1),(99,103,1,NULL,1),(100,104,7,NULL,1),(101,105,4,NULL,1),(102,106,1,NULL,1),(103,107,6,NULL,1),(104,108,3,NULL,1),(105,110,5,NULL,1),(106,111,5,NULL,1),(107,112,6,NULL,1),(108,113,7,NULL,1),(109,114,6,NULL,1),(110,115,6,NULL,1),(111,116,5,NULL,1),(112,117,2,NULL,1),(113,118,2,NULL,1),(114,119,6,NULL,1),(115,120,7,NULL,1),(116,121,1,NULL,1),(117,122,6,NULL,1),(118,123,7,NULL,1),(119,124,4,NULL,1),(120,125,4,NULL,1),(121,126,4,NULL,1),(122,127,6,NULL,1),(123,128,2,NULL,1),(124,129,2,NULL,1),(125,130,1,NULL,1),(126,131,5,NULL,1),(127,132,6,NULL,1),(128,133,1,NULL,1),(129,134,1,NULL,1),(130,135,2,NULL,1),(131,136,3,NULL,1),(132,137,4,NULL,1),(133,138,3,NULL,1),(134,139,3,NULL,1),(135,140,3,NULL,1),(136,141,4,NULL,1),(137,142,4,NULL,1),(138,143,3,NULL,1),(139,144,4,NULL,1),(140,145,3,NULL,1),(141,146,4,NULL,1),(142,147,4,NULL,1),(143,148,3,NULL,1),(144,149,4,NULL,1),(145,150,4,NULL,1),(146,151,3,NULL,1),(147,152,6,NULL,1),(148,153,6,NULL,1),(149,154,7,NULL,1),(150,155,2,NULL,1),(151,156,5,NULL,1),(152,157,3,NULL,1),(153,158,2,NULL,1),(154,159,1,NULL,1),(155,160,4,NULL,1),(156,161,1,NULL,1),(157,162,7,NULL,1),(158,163,4,NULL,1),(159,164,7,NULL,1),(160,165,3,NULL,1),(161,166,7,NULL,1),(162,167,2,NULL,1),(163,168,3,NULL,1),(164,169,1,NULL,1),(165,170,2,NULL,1),(166,171,6,NULL,1),(167,172,2,NULL,1),(168,173,2,NULL,1),(169,174,2,NULL,1),(170,175,5,NULL,1),(171,176,1,NULL,1),(172,177,1,NULL,1),(173,178,1,NULL,1),(174,179,1,NULL,1),(175,180,5,NULL,1),(176,181,7,NULL,1),(177,183,7,NULL,1),(178,184,1,NULL,1),(179,185,3,NULL,1),(180,186,6,NULL,1),(181,187,3,NULL,1),(182,188,3,NULL,1),(183,189,5,NULL,1),(184,190,2,NULL,1),(185,24,5,NULL,0),(186,85,5,NULL,0),(187,98,6,NULL,0),(188,109,3,NULL,0),(189,182,1,NULL,0),(193,124,3,119,1),(194,124,1,193,1),(196,165,4,160,1),(197,165,1,196,1);

/*Table structure for table `program_studi` */

DROP TABLE IF EXISTS `program_studi`;

CREATE TABLE `program_studi` (
  `prodi_id` int(11) NOT NULL AUTO_INCREMENT,
  `prodi_kode` varchar(20) DEFAULT NULL,
  `prodi_nama` varchar(200) DEFAULT NULL,
  `prodi_prefix_mk` varchar(4) DEFAULT NULL COMMENT 'prefix makul',
  PRIMARY KEY (`prodi_id`)
) ENGINE=InnoDB AUTO_INCREMENT=8 DEFAULT CHARSET=latin1;

/*Data for the table `program_studi` */

insert  into `program_studi`(`prodi_id`,`prodi_kode`,`prodi_nama`,`prodi_prefix_mk`) values (1,'ILKOM','Ilmu Komputer','MIK'),(2,'ELINS','Elektronika dan Instrumentasi','MIE'),(3,'MAT','Matematika','MMM'),(4,'STAT','Statistika','MMS'),(5,'KIM','Kimia','MKK'),(6,'FIS','Fisika','MFF'),(7,'GEOFIS','Geofisika','MFG');

/*Table structure for table `ruang` */

DROP TABLE IF EXISTS `ruang`;

CREATE TABLE `ruang` (
  `ru_id` int(11) NOT NULL AUTO_INCREMENT,
  `ru_kode` varchar(6) DEFAULT NULL,
  `ru_nama` varchar(20) DEFAULT NULL,
  `ru_kapasitas` int(6) DEFAULT NULL,
  `ru_is_cadangan` tinyint(1) DEFAULT '0' COMMENT '1=is_cadangan',
  PRIMARY KEY (`ru_id`)
) ENGINE=InnoDB AUTO_INCREMENT=29 DEFAULT CHARSET=latin1;

/*Data for the table `ruang` */

insert  into `ruang`(`ru_id`,`ru_kode`,`ru_nama`,`ru_kapasitas`,`ru_is_cadangan`) values (1,'S2.01','S2.01',100,0),(2,'S2.02','S2.02',100,0),(3,'M2.13','M2.13',50,0),(4,'S2.03','S2.03',100,0),(5,'K1','K1',90,0),(6,'S2.505','S2.505',100,0),(7,'S2.506','S2.506',100,0),(8,'M2.10','M2.10',60,0),(9,'M2.14','M2.14',50,0),(10,'K6','K6',50,0),(11,'M2.09','M2.09',100,0),(12,'G3','G3',60,0),(13,'S2.05','S2.05',50,0),(14,'M2.12','M2.12',100,0),(15,'U2.02','U2.02',100,0),(16,'T2.01','T2.01',90,0),(17,'U2.01','U2.01',100,0),(18,'U2.06','U2.06',60,0),(19,'S2.04','S2.04',50,0),(20,'U2.03','U2.03',100,0),(21,'U2.04','U2.04',100,0),(22,'U2.05','U2.05',30,1),(23,'S2.06','S2.06',30,1),(24,'S2.07','S2.07',30,1),(25,'S2.08','S2.08',60,1),(26,'Lab.Da','Lab.Das.',90,1),(27,'S2.507','S2.507',100,1),(28,'Lab.AI','Lab.AI',30,1);

/*Table structure for table `ruang_prodi` */

DROP TABLE IF EXISTS `ruang_prodi`;

CREATE TABLE `ruang_prodi` (
  `ruprd_id` int(11) NOT NULL AUTO_INCREMENT,
  `ruprd_ru_id` int(11) DEFAULT NULL,
  `ruprd_prodi_id` int(11) DEFAULT NULL,
  PRIMARY KEY (`ruprd_id`),
  KEY `ru_prodi_key` (`ruprd_ru_id`,`ruprd_prodi_id`),
  KEY `FK_ruang_prodi_prodi_fk` (`ruprd_prodi_id`),
  CONSTRAINT `FK_ruang_prodi` FOREIGN KEY (`ruprd_ru_id`) REFERENCES `ruang` (`ru_id`) ON DELETE CASCADE ON UPDATE CASCADE,
  CONSTRAINT `FK_ruang_prodi_prodi_fk` FOREIGN KEY (`ruprd_prodi_id`) REFERENCES `program_studi` (`prodi_id`) ON DELETE CASCADE ON UPDATE CASCADE
) ENGINE=InnoDB AUTO_INCREMENT=37 DEFAULT CHARSET=latin1;

/*Data for the table `ruang_prodi` */

insert  into `ruang_prodi`(`ruprd_id`,`ruprd_ru_id`,`ruprd_prodi_id`) values (36,1,4),(15,2,4),(10,3,3),(16,3,4),(11,4,3),(12,5,3),(18,6,5),(19,7,5),(20,8,5),(21,9,5),(22,10,5),(28,11,7),(29,12,7),(24,13,6),(30,13,7),(25,14,6),(26,15,6),(1,16,1),(2,17,1),(3,18,1),(4,19,1),(6,19,2),(7,20,2),(8,21,2),(13,22,3),(27,23,6),(17,24,4),(5,25,1),(9,25,2),(23,26,5),(31,26,7);

/*Table structure for table `waktu` */

DROP TABLE IF EXISTS `waktu`;

CREATE TABLE `waktu` (
  `waktu_id` int(11) NOT NULL AUTO_INCREMENT,
  `waktu_hari` varchar(20) DEFAULT NULL,
  `waktu_jam_mulai` time DEFAULT NULL,
  `waktu_jam_selesai` time DEFAULT NULL,
  `waktu_is_kuliah` tinyint(1) DEFAULT NULL,
  PRIMARY KEY (`waktu_id`)
) ENGINE=InnoDB AUTO_INCREMENT=52 DEFAULT CHARSET=latin1;

/*Data for the table `waktu` */

insert  into `waktu`(`waktu_id`,`waktu_hari`,`waktu_jam_mulai`,`waktu_jam_selesai`,`waktu_is_kuliah`) values (1,'senin','07:30:00','08:20:00',1),(2,'senin','08:30:00','09:20:00',1),(3,'senin','09:30:00','10:20:00',1),(4,'senin','10:30:00','11:20:00',1),(5,'senin','11:30:00','12:20:00',1),(6,'senin','12:30:00','13:20:00',1),(7,'senin','13:30:00','14:20:00',1),(8,'senin','14:30:00','15:20:00',1),(9,'senin','15:30:00','16:20:00',1),(10,'senin','16:30:00','17:20:00',1),(12,'selasa','07:30:00','08:20:00',1),(13,'selasa','08:30:00','09:20:00',1),(14,'selasa','09:30:00','10:20:00',1),(15,'selasa','10:30:00','11:20:00',1),(16,'selasa','11:30:00','12:20:00',1),(17,'selasa','12:30:00','13:20:00',1),(18,'selasa','13:30:00','14:20:00',1),(19,'selasa','14:30:00','15:20:00',1),(20,'selasa','15:30:00','16:20:00',1),(21,'selasa','16:30:00','17:20:00',1),(22,'rabu','07:30:00','08:20:00',1),(23,'rabu','08:30:00','09:20:00',1),(24,'rabu','09:30:00','10:20:00',1),(25,'rabu','10:30:00','11:20:00',1),(26,'rabu','11:30:00','12:20:00',1),(27,'rabu','12:30:00','13:20:00',1),(28,'rabu','13:30:00','14:20:00',1),(29,'rabu','14:30:00','15:20:00',1),(30,'rabu','15:30:00','16:20:00',1),(31,'rabu','16:30:00','17:20:00',1),(32,'kamis','07:30:00','08:20:00',1),(33,'kamis','08:30:00','09:20:00',1),(34,'kamis','09:30:00','10:20:00',1),(35,'kamis','10:30:00','11:20:00',1),(36,'kamis','11:30:00','12:20:00',1),(37,'kamis','12:30:00','13:20:00',1),(38,'kamis','13:30:00','14:20:00',1),(39,'kamis','14:30:00','15:20:00',1),(40,'kamis','15:30:00','16:20:00',1),(41,'kamis','16:30:00','17:20:00',1),(42,'jumat','07:30:00','08:20:00',1),(43,'jumat','08:30:00','09:20:00',1),(44,'jumat','09:30:00','10:20:00',1),(45,'jumat','10:30:00','11:20:00',1),(48,'jumat','13:30:00','14:20:00',1),(49,'jumat','14:30:00','15:20:00',1),(50,'jumat','15:30:00','16:20:00',1),(51,'jumat','16:30:00','17:20:00',1);

/* Procedure structure for procedure `get_prodi_by_makulid` */

/*!50003 DROP PROCEDURE IF EXISTS  `get_prodi_by_makulid` */;

DELIMITER $$

/*!50003 CREATE DEFINER=`root`@`localhost` PROCEDURE `get_prodi_by_makulid`(input_id INT UNSIGNED)
BEGIN
	DECLARE x INT;
	DECLARE str VARCHAR(255);
	SET x = -5;
	SET str = '';

	loop_label: LOOP
	IF x > 0 THEN
	LEAVE loop_label;
	END IF;
	SET str = CONCAT(str,x,',');
	SET x = x + 1;
	ITERATE loop_label;
	END LOOP;

	SELECT str;
    END */$$
DELIMITER ;

/*!40101 SET SQL_MODE=@OLD_SQL_MODE */;
/*!40014 SET FOREIGN_KEY_CHECKS=@OLD_FOREIGN_KEY_CHECKS */;
/*!40014 SET UNIQUE_CHECKS=@OLD_UNIQUE_CHECKS */;
/*!40111 SET SQL_NOTES=@OLD_SQL_NOTES */;
