/*
SQLyog Ultimate v8.8 
MySQL - 5.5.34-0ubuntu0.13.04.1 : Database - gluse
*********************************************************************
*/

/*!40101 SET NAMES utf8 */;

/*!40101 SET SQL_MODE=''*/;

/*!40014 SET @OLD_UNIQUE_CHECKS=@@UNIQUE_CHECKS, UNIQUE_CHECKS=0 */;
/*!40014 SET @OLD_FOREIGN_KEY_CHECKS=@@FOREIGN_KEY_CHECKS, FOREIGN_KEY_CHECKS=0 */;
/*!40101 SET @OLD_SQL_MODE=@@SQL_MODE, SQL_MODE='NO_AUTO_VALUE_ON_ZERO' */;
/*!40111 SET @OLD_SQL_NOTES=@@SQL_NOTES, SQL_NOTES=0 */;
USE `gluse`;

/*Table structure for table `config` */

DROP TABLE IF EXISTS `config`;

CREATE TABLE `config` (
  `conf_id` int(11) NOT NULL AUTO_INCREMENT,
  `conf_name` varchar(200) DEFAULT NULL,
  `conf_value` varchar(100) DEFAULT NULL,
  PRIMARY KEY (`conf_id`)
) ENGINE=InnoDB AUTO_INCREMENT=3 DEFAULT CHARSET=latin1;

/*Data for the table `config` */

insert  into `config`(`conf_id`,`conf_name`,`conf_value`) values (1,'periode_tahun_prediksi','6'),(2,'item_per_page','50');

/*Table structure for table `dosen` */

DROP TABLE IF EXISTS `dosen`;

CREATE TABLE `dosen` (
  `dsn_id` int(11) NOT NULL AUTO_INCREMENT,
  `dsn_nip` varchar(20) DEFAULT NULL,
  `dsn_nama` varchar(200) DEFAULT NULL,
  PRIMARY KEY (`dsn_id`),
  UNIQUE KEY `dsn_nama_key` (`dsn_nama`)
) ENGINE=InnoDB AUTO_INCREMENT=337 DEFAULT CHARSET=latin1;

/*Data for the table `dosen` */

insert  into `dosen`(`dsn_id`,`dsn_nip`,`dsn_nama`) values (1,NULL,'ARIDA OETAMI, dr., M.Kes.'),(2,NULL,'GUNTUR MARUTO, Drs., S.U., Dr.'),(3,NULL,'DANANG LELONO, S.Si., M.T.\r\n'),(4,NULL,'CHAIRIL ANWAR, Dr.\r\n'),(5,NULL,'MOH. ALI JOKO WASONO, M.S., Dr.\r\n'),(6,NULL,'MUDASIR, Drs., M.Eng., Ph.D., Prof.\r\n'),(7,NULL,'SUTARNO, M.Si., Dr.\r\n'),(8,NULL,'KAMSUL ABRAHA, Dr., Prof.\r\n'),(9,NULL,'MOH. ALI JOKO WASONO, M.S., Dr.,\r\n'),(10,NULL,'IMAM SOLEKHUDIN, S.Si., M.Si., Ph.D.\r\n'),(11,NULL,'MASIRAN, M.Si.\r\n'),(12,NULL,'AINA MUSDHOLIFAH, S.Kom.,M.Sc.,Dr\r\n'),(13,NULL,'ARI SUPARWANTO, M.Si., Dr.rer.nat.,\r\n'),(14,NULL,'AL. SUTJIJANA, Drs., M.Sc.\r\n'),(15,NULL,'SUTOPO, S.Si., M.Si.\r\n'),(16,NULL,'INDAH EMILIA WIJAYANTI, M.Si., Dr.rer.nat.\r\n'),(17,NULL,'ROTO, Drs., M.Eng., Ph.D.,\r\n'),(18,NULL,'AGUS KUNCAKA, Dr., DEA.\r\n'),(19,NULL,'DWI SISWANTO, Drs., M.Eng., Ph.D.\r\n'),(20,NULL,'ZULAELA, Drs., Dipl.Med.Stats., M.Si.'),(21,NULL,'HERNI UTAMI, S.Si., M.Si.\r\n'),(22,NULL,'BAMBANG SOEDIJONO, Dr., Prof.\r\n'),(23,NULL,'SRI HARYATMI, M.Sc., Dr., Prof.\r\n'),(24,NULL,'ADHITYA RONNIE EFFENDIE, M.Si., M.Sc., Dr.\r\n'),(25,NULL,'SRI PANGESTI, Dra., S.U.\r\n'),(26,NULL,'Imam Prasetyo, Ir, M.Eng.\r\n'),(27,NULL,'BAMBANG MURDAKA EKA JATI, Drs., M.S.\r\n'),(28,NULL,'RIO TRI WIBOWO, S.S.\r\n'),(29,NULL,'SARI LESTARI, Dra., M.A.\r\n'),(30,NULL,'NIKEN ANGRAENI, S.S.\r\n'),(31,NULL,'IRWAN ENDRAYANTO A., S.Si., M.Sc., Dr.\r\n'),(32,NULL,'KIRBANI SRI BROTOPUSPITO, Dr., Prof.\r\n'),(33,NULL,'JAZI EKO ISTYANTO, M.Sc., Ph.D., Prof.\r\n'),(34,NULL,'SRI HARTATI, Dra., M.Sc., Ph.D.\r\n'),(35,NULL,'YUSRIL YUSUF, S.Si., M.Eng., Dr.Eng.,\r\n'),(36,NULL,'ARIEF HERMANTO, S.U., M.Sc., Dr.\r\n'),(37,NULL,'RATNA UDAYA WIDODO, Dra., MLS.\r\n'),(38,NULL,'INDRIANA KARTINI, S.Si., M.Si., Ph.D.\r\n'),(39,NULL,'JUMINA, Drs., Ph.D., Prof.\r\n'),(40,NULL,'EDI WINARKO, Drs., M.Sc., Ph.D.\r\n'),(41,NULL,'ILONA USUMAN, S.Si., M.Kom.\r\n'),(42,NULL,'KHABIB MUSTOFA, S.Si., M.Kom., Dr.tech.\r\n'),(43,NULL,'FAIZAH, S.Kom., M.Sc.\r\n'),(44,NULL,'RADEN SUMIHARTO, S.Si., M.Kom.\r\n'),(45,NULL,'SUHARTO, Dr.\r\n'),(46,NULL,'TRI JOKO RAHARJO, S.Si., M.Si., Ph.D.,\r\n'),(47,NULL,'WINARTO HARYADI, M.Si., Dr.,\r\n'),(48,NULL,'SABIRIN MATSJEH, Dr., Prof.\r\n'),(49,NULL,'DENI PRANOWO, S.Si., M.Si.,\r\n'),(50,NULL,'ENDANG ASTUTI, Dra., M.Si.\r\n'),(51,NULL,'Istriyati, Dr., M.S.\r\n'),(52,NULL,'INDRIANA KARTINI, S.Si., M.Si., Ph.D.,\r\n'),(53,NULL,'ROTO, Drs., M.Eng., Ph.D.\r\n'),(54,NULL,'USI SUKORINI, dr., Sp.PK\r\n'),(55,NULL,'ABDUL KAFI, dr.\r\n'),(56,NULL,'ESTI MAHARANI, dr.\r\n'),(57,NULL,'DANARDONO, Drs., MPH., Ph.D.\r\n'),(59,NULL,'WINARTO HARYADI, M.Si., Dr.\r\n'),(60,NULL,'MEDI, Drs., M.Kom.\r\n'),(61,NULL,'NARSITO, Dr., Prof.\r\n'),(62,NULL,'SRI JUARI SANTOSA, Drs., M.Eng., Ph.D., Prof.\r\n'),(63,NULL,'ARINOBELTA KABAN, S.E.\r\n'),(64,NULL,'NUR ROKHMAN, S.Si., M.Kom.\r\n'),(65,NULL,'DWI SATYA PALUPI, S.Si., M.Si.,\r\n'),(66,NULL,'EKO TRI SULISTYANI, Dra., M.Sc.\r\n'),(68,NULL,'ALROSYID, S.Si.\r\n'),(69,NULL,'AGUS HARJOKO, Drs., M.Sc., Ph.D.\r\n'),(70,NULL,'PANGGIH BASUKI, Drs., M.Si.\r\n'),(72,NULL,'AGFIANTO EKO PUTRA, M.Si., Dr.\r\n'),(73,NULL,'YOHANES SUYANTO, Drs., M.I.Kom.\r\n'),(75,NULL,'FAHRUDIN NUGROHO, S.Si., M.Si.,\r\n'),(76,NULL,'WEGA TRISUNARYANTI, M.S., Ph.D., Prof.\r\n'),(77,NULL,'AKHMAD SYOUFIAN, S.Si., Ph.D.,\r\n'),(78,NULL,'SRI SUDIONO, S.Si., M.Si.\r\n'),(80,NULL,'BAMBANG MURDAKA EKA JATI, Drs., M.S.,\r\n'),(81,NULL,'SUPARWOTO, Drs., M.Si.\r\n'),(82,NULL,'ABDUL ROUF, Drs., M.I.Kom.\r\n'),(83,NULL,'WIDODO PRIJODIPRODJO, M.Sc.\r\n'),(86,NULL,'NAWI NG., dr., MPH\r\n'),(87,NULL,'ENDANG SUPARNIATI, M.Kes., dr.,\r\n'),(88,NULL,'DANANG YULISAKSONO, S.T., M.T.\r\n'),(89,NULL,'ABDURAKHMAN, S.Si., M.Si., Dr.\r\n'),(90,NULL,'GUNARDI, M.Si., Dr.\r\n'),(91,NULL,'GUNTUR MARUTO, Drs., S.U., Dr.\r\n'),(92,NULL,'GP. DALIJO, Drs., Dipl.Comp.\r\n'),(93,NULL,'YOSEF ROBERTUS UTOMO, Drs., S.U.,\r\n'),(94,NULL,'KARYONO, S.U., Dr., Prof.\r\n'),(95,NULL,'MITRAYANA, S.Si., M.Si., Dr.,\r\n'),(98,NULL,'KUSMINARTO, Dr., Prof.,\r\n'),(99,NULL,'SUNARTA, Drs., M.S.\r\n'),(100,NULL,'CHOTIMAH, Dra., M.S.\r\n'),(101,NULL,'WAGINI R., Drs., M.S.\r\n'),(102,NULL,'EKO SULISTYA, Drs., M.Si.\r\n'),(103,NULL,'IMAM SUYANTO, Drs., M.Si.,\r\n'),(104,NULL,'WAHYUDI, M.S., Dr.\r\n'),(106,NULL,'KUSMINARTO, Dr., Prof.\r\n'),(107,NULL,'KUWAT TRIYANA, M.Si., Dr. Eng.,\r\n'),(110,NULL,'AGUNG BAMBANG SETIO UTOMO, Dr., Prof.\r\n'),(111,NULL,'GEDE BAYU SUPARTA, Drs., M.S., Ph.D.,\r\n'),(113,NULL,'SUDARMAJI, S.Si., M.Si.\r\n'),(114,NULL,'ARI SETIAWAN, Drs., M.Si., Dr.Ing.\r\n'),(116,NULL,'KUWAT TRIYANA, M.Si., Dr. Eng.\r\n'),(117,NULL,'SUMARDI, M.Si., Dr.\r\n'),(118,NULL,'NURYONO, Drs., M.S., Dr.rer.nat., Prof.\r\n'),(119,NULL,'SALAHUDDIN HUSEIN, S.T., M.Sc., Ph.D.\r\n'),(120,NULL,'SARJU WINARDI, S.T.,M.T\r\n'),(121,NULL,'IGN. SUDARNO, Ir., M.T.\r\n'),(124,NULL,'MOCHAMMAD TARI, Drs., M.Si.\r\n'),(125,NULL,'WALUYO, Drs., M.Sc., Ph.D.\r\n'),(126,NULL,'JANOE HENDARTO, Drs., M.I.Kom.\r\n'),(127,NULL,'R. SUGANDHI, dr., SF\r\n'),(128,NULL,'ADI HERU SUTOMO, dr., M.Sc., Prof.\r\n'),(129,NULL,'NURYATI, MPH\r\n'),(130,NULL,'SAVITRI CITRA BUDI, MPH\r\n'),(132,NULL,'TRI KUNTORO PRIYAMBODO, Dr., M.Sc.\r\n'),(133,NULL,'TUTIK DWI WAHYUNINGSIH, Dra., M.Si., Ph.D.,\r\n'),(135,NULL,'ANIFUDDIN AZIS, S.Si., M.Kom.\r\n'),(136,NULL,'I GEDE MUJIYATNA, S.Kom., M.Kom.\r\n'),(137,NULL,'MOH. EDI WIBOWO, S.Kom., M.Kom.\r\n'),(139,NULL,'SALMAH, M.Si., Dr.\r\n'),(140,NULL,'ARI SUPARWANTO, M.Si., Dr.rer.nat.\r\n'),(142,NULL,'YUSUF, Drs., M.A. Math.\r\n'),(143,NULL,'SUPAMA, M.Si., Dr., Prof.\r\n\r\n'),(144,NULL,'CHRISTIANA RINI INDRATI, M.Si., Dr.\r\n'),(145,NULL,'ATOK ZULIJANTO, S.Si., M.Si., Ph.D.\r\n'),(147,NULL,'UMI MAHNUNA HANUNG, S.Si., M.Si.\r\n'),(150,NULL,'SARDJONO, Drs., S.U.\r\n'),(151,NULL,'SUPAMA, M.Si., Dr., Prof.\r\n'),(152,NULL,'SOLIKHATUN, S.Si., M.Si.\r\n'),(153,NULL,'AHMAD ASHARI, Drs., M.I.Kom., Dr.tech.\r\n'),(154,NULL,'SRI MULYANA, Drs., M.Kom.\r\n'),(155,NULL,'ARI DWI NUGRAHENI, S.Si.,\r\n'),(157,NULL,'RIA ARMUNANTO, S.Si., M.Si., Dr.rer.nat.\r\n'),(159,NULL,'MUDASIR, Drs., M.Eng., Ph.D., Prof.,\r\n'),(160,NULL,'WIRANTO, Drs., M.Kes.\r\n'),(165,NULL,'GEDE BAYU SUPARTA, Drs., M.S., Ph.D.\r\n'),(166,NULL,'MARDOTO, KOL. SUS.\r\n'),(167,NULL,'SUYOKO, KOL., ADM.\r\n'),(168,NULL,'HOLIMIN, LETKOL SUS., Dr. Drs., M.Si.\r\n'),(171,NULL,'SISMANTO, M.Si., Dr., Prof.\r\n'),(172,NULL,'ABIDARIN ROSYIDI, Dr.\r\n'),(174,NULL,'MUDJIRAN, Drs. H.\r\n'),(176,NULL,'SRI JUARI SANTOSA, Drs., M.Eng., Ph.D., Prof.,\r\n'),(177,NULL,'BAMBANG RUSDIARSO, Dr., DEA., Prof.\r\n'),(180,NULL,'MUCHALAL, Dr., Prof.\r\n'),(182,NULL,'PRIATMOKO, Drs., M.S.\r\n'),(183,NULL,'TRI JOKO RAHARJO, S.Si., M.Si., Ph.D.\r\n'),(184,NULL,'DENI PRANOWO, S.Si., M.Si.\r\n'),(186,NULL,'MOKHAMMAD FAJAR PRADIPTA, S.Si., M.Eng.,\r\n'),(187,NULL,'BAMBANG SETIAJI, Dr., Prof.\r\n'),(188,NULL,'IIP IZUL FALAH, Dr., Prof.,\r\n'),(189,NULL,'AKHMAD SYOUFIAN, S.Si., Ph.D.\r\n'),(190,NULL,'RIA ARMUNANTO, S.Si., M.Si., Dr.rer.nat.,\r\n'),(192,NULL,'MOCHAMMAD UTORO YAHYA, Dr., Prof.\r\n'),(195,NULL,'ANI SETYOPRATIWI, Dra., M.Si.,\r\n'),(196,NULL,'TRIYONO, S.U., Dr., Prof.\r\n'),(197,NULL,'NURUL HIDAYAT A., S.Si., M.Si., Dr.rer.nat.\r\n'),(199,NULL,'JOKO WINTOKO, M.S.\r\n'),(200,NULL,'HARDJONO SASTROHAMIDJOJO, Dr., Prof.\r\n'),(201,NULL,'SUGENG TRIONO, S.Si., M.Si.,\r\n'),(203,NULL,'HARNO DWI PRANOWO, M.S., Dr.rer.nat., Prof.,\r\n'),(206,NULL,'EKO SUGIHARTO, Dr., DEA.\r\n'),(207,NULL,'ENDANG TRI WAHYUNI, M.S., Dr., Prof.\r\n'),(208,NULL,'EDDY KRISTIYONO, A.Md.PK, SKM\r\n'),(210,NULL,'PEKIK NURWANTORO, Drs., M.S., Ph.D.,\r\n'),(213,NULL,'DIAH JUNIA EKSI PALUPI, Dra., S.U.\r\n'),(214,NULL,'IKHSAN SETIAWAN, S.Si., M.Si.\r\n'),(216,NULL,'SUPRAPTO, Drs., M.Ikom.\r\n'),(217,NULL,'PRIJONO NUGROHO, MSP., Ph.D.\r\n'),(218,NULL,'AZHARI, M.T., Dr.\r\n'),(219,NULL,'SIGIT PRIYANTA, S.Si., M.Kom.\r\n'),(220,NULL,'DEDI ROSADI, M.Sc., Dr.rer.nat., Prof.\r\n'),(225,NULL,'ANI SETYOPRATIWI, Dra., M.Si.\r\n'),(228,NULL,'NURYONO, Drs., M.S., Dr.rer.nat., Prof.,\r\n'),(229,NULL,'KARNA WIJAYA, Drs., M.Eng., Dr.rer.nat., Prof.\r\n'),(231,NULL,'M. FARCHANI ROSYID, Drs., M.Si., Dr.rer.nat.\r\n'),(232,NULL,'YOSEF ROBERTUS UTOMO, Drs., S.U.\r\n'),(233,NULL,'IMAM SUYANTO, Drs., M.Si.\r\n'),(235,NULL,'YATEMAN ARRYANTO, Dr.\r\n'),(236,NULL,'SUDIARTONO, Drs., M.S.\r\n'),(237,NULL,'DANARDONO, Drs., MPH., Ph.D.,\r\n'),(239,NULL,'DEDI ROSADI, M.Sc., Dr.rer.nat., Prof.,\r\n'),(241,NULL,'EDDY HARTANTYO, S.Si., M.Si.,\r\n'),(249,NULL,'RINTANG AWAN ELTRIBAKTI, S.Si.\r\n'),(251,NULL,'QOMARUDIN, Drs., M.Kes.\r\n'),(254,NULL,'JOKO SISWANTO, Dr., M.Hum.\r\n'),(255,NULL,'KARTINI, Dra., M.Hum.\r\n'),(256,NULL,'SUDARYANTO, Drs., M.Hum.\r\n'),(258,NULL,'HARNO DWI PRANOWO, M.S., Dr.rer.nat., Prof.\r\n'),(259,NULL,'AGUS SIHABUDDIN, S.Si., M.Kom.\r\n'),(262,NULL,'SURYO GURITNO, M.Stats., Ph.D., Prof.\r\n'),(263,NULL,'WIDODO, M.S., Dr.rer.nat., Prof.,\r\n'),(264,NULL,'SRI WAHYUNI, S.U., Dr., Prof.\r\n'),(265,NULL,'YENI SUSANTI, S.Si., M.Si., Ph.D.\r\n'),(266,NULL,'SRI WAHYUNI, S.U., Dr., Prof.,\r\n'),(268,NULL,'PRIMASTUTI INDAH SURYANI, S.Si., M.Si.\r\n'),(270,NULL,'LINA ARYATI, Dra., M.S., Dr.rer.nat.\r\n'),(272,NULL,'SUBANAR, Drs., Ph.D., Prof.\r\n'),(273,NULL,'BUDI SURODJO, M.Si., Dr.,\r\n'),(275,NULL,'RETANTYO WARDOYO, Drs., M.Sc., Ph.D.\r\n'),(279,NULL,'SOEPARNA DARMAWIDJAJA, Dr., Prof.\r\n'),(280,NULL,'SYAMSUL BARRY, S.Sn., M.Hum.\r\n'),(281,NULL,'JULIASIH PARTINI, S.Si., M.Si.\r\n'),(282,NULL,'KARNA WIJAYA, Drs., M.Eng., Dr.rer.nat., Prof.,\r\n'),(283,NULL,'WAHYUDI ISTIONO, dr., M.Kes.\r\n'),(294,NULL,'MOCHAMMAD NUKMAN, S.T., M.Sc.\r\n'),(295,NULL,'SUNARTINI HAPSARA, dr., Sp.A., P.Hd.\r\n'),(297,NULL,'INDARSIH, S.Si., M.Si.,\r\n'),(298,NULL,'DWI ERTININGSIH, S.Si., M.Si.\r\n'),(299,NULL,'SINTIA WINDHI NIASARI, S.Si., M.Eng.,\r\n'),(300,NULL,'EKO SRI KUNARTI, Dra., M.Si., Ph.D.,\r\n'),(307,NULL,'EDDY HARTANTYO, S.Si., M.Si.\r\n'),(310,NULL,'INDARSIH, S.Si., M.Si.\r\n'),(311,NULL,'RETNO WIKAN TYASNING, Dra.\r\n'),(312,NULL,'SUMARNI DWI W., Dra., M.Kes.\r\n'),(318,NULL,'BAMBANG NURCAHYO PRASTOWO, Drs., M.Sc.\r\n'),(319,NULL,'FAIZAL MAKHRUS, S.Kom., M.Sc.\r\n'),(322,NULL,'ZULAELA, Drs., Dipl.Med.Stats., M.Si.\r\n'),(323,NULL,'YUNITA WULAN SARI, S.Si., M.Sc.\r\n'),(325,NULL,'BAMBANG PURWONO, Drs., M.Sc., Ph.D.\r\n'),(326,NULL,'RUBAIYATUN RASDAN, Dra.\r\n'),(332,NULL,'MIRZA SATRIAWAN, S.Si., M.Si., Ph.D.,\r\n'),(333,NULL,'EKO SULISTYA, Drs., M.Si.,\r\n'),(334,NULL,'Sri Noegrohati, Prof.Dr., Apt.,\r\n'),(336,NULL,'JULIASIH PARTINI, S.Si., M.Si.,\r\n');

/*Table structure for table `dosen_kelas` */

DROP TABLE IF EXISTS `dosen_kelas`;

CREATE TABLE `dosen_kelas` (
  `dsnkls_id` int(11) NOT NULL AUTO_INCREMENT,
  `dsnkls_dsn_id` int(11) DEFAULT NULL,
  `dsnkls_kls_id` int(11) DEFAULT NULL,
  PRIMARY KEY (`dsnkls_id`),
  KEY `dsnkls_key` (`dsnkls_dsn_id`,`dsnkls_kls_id`),
  KEY `FK_dosen_kelas_2` (`dsnkls_kls_id`),
  CONSTRAINT `FK_dosen_kelas_2` FOREIGN KEY (`dsnkls_kls_id`) REFERENCES `kelas` (`kls_id`) ON DELETE NO ACTION ON UPDATE NO ACTION,
  CONSTRAINT `FK_dosen_kelas` FOREIGN KEY (`dsnkls_dsn_id`) REFERENCES `dosen` (`dsn_id`) ON DELETE NO ACTION ON UPDATE NO ACTION
) ENGINE=InnoDB AUTO_INCREMENT=108 DEFAULT CHARSET=latin1;

/*Data for the table `dosen_kelas` */

insert  into `dosen_kelas`(`dsnkls_id`,`dsnkls_dsn_id`,`dsnkls_kls_id`) values (30,1,18),(27,4,15),(98,11,86),(47,12,35),(65,17,53),(71,19,59),(41,21,29),(28,22,16),(54,24,42),(89,26,77),(83,27,71),(42,29,30),(21,35,9),(34,37,22),(62,39,50),(82,41,70),(38,46,26),(63,47,51),(86,48,74),(29,49,17),(46,50,34),(37,51,25),(19,53,7),(49,54,37),(17,60,5),(39,62,27),(64,64,52),(69,65,57),(53,66,41),(84,70,72),(43,75,31),(106,78,94),(81,81,69),(85,87,73),(78,89,66),(66,92,54),(50,93,38),(13,98,1),(20,100,8),(35,103,23),(25,106,13),(105,107,93),(67,110,55),(51,111,39),(93,113,81),(96,118,84),(24,119,12),(26,120,14),(68,126,56),(94,130,82),(36,137,24),(76,140,64),(31,142,19),(87,143,75),(40,144,28),(18,147,6),(92,150,80),(101,151,89),(97,154,85),(103,155,91),(73,165,61),(56,172,44),(77,180,65),(22,183,10),(57,188,45),(91,195,79),(58,197,46),(79,200,67),(90,201,78),(70,216,58),(75,218,63),(99,220,87),(44,225,32),(80,228,68),(102,231,90),(45,232,33),(107,233,95),(33,237,21),(61,241,49),(23,249,11),(60,255,48),(88,258,76),(100,262,88),(95,264,83),(72,266,60),(48,268,36),(55,272,43),(74,283,62),(104,294,92),(32,310,20),(16,311,4),(15,312,3),(52,322,40),(14,325,2),(59,336,47);

/*Table structure for table `dosen_waktu` */

DROP TABLE IF EXISTS `dosen_waktu`;

CREATE TABLE `dosen_waktu` (
  `dsnwkt_id` int(11) NOT NULL AUTO_INCREMENT,
  `dsnwkt_dsn_id` int(11) DEFAULT NULL,
  `dsnwkt_wkt_id` int(11) DEFAULT NULL,
  PRIMARY KEY (`dsnwkt_id`),
  KEY `dsnwkt_key` (`dsnwkt_dsn_id`,`dsnwkt_wkt_id`),
  KEY `FK_dosen_waktu_2` (`dsnwkt_wkt_id`),
  CONSTRAINT `FK_dosen_waktu` FOREIGN KEY (`dsnwkt_dsn_id`) REFERENCES `dosen` (`dsn_id`) ON DELETE CASCADE ON UPDATE CASCADE,
  CONSTRAINT `FK_dosen_waktu_2` FOREIGN KEY (`dsnwkt_wkt_id`) REFERENCES `waktu` (`waktu_id`) ON DELETE CASCADE ON UPDATE CASCADE
) ENGINE=InnoDB AUTO_INCREMENT=10 DEFAULT CHARSET=latin1;

/*Data for the table `dosen_waktu` */

insert  into `dosen_waktu`(`dsnwkt_id`,`dsnwkt_dsn_id`,`dsnwkt_wkt_id`) values (9,60,14),(5,60,34),(1,98,1),(3,98,7),(2,98,20),(4,325,34);

/*Table structure for table `jadwal_kuliah` */

DROP TABLE IF EXISTS `jadwal_kuliah`;

CREATE TABLE `jadwal_kuliah` (
  `jk_id` int(11) NOT NULL AUTO_INCREMENT,
  `jk_kls_id` int(11) DEFAULT NULL,
  `jk_wkt_id` int(11) DEFAULT NULL,
  `jk_ru_id` int(11) DEFAULT NULL,
  `jk_period` int(6) DEFAULT NULL,
  `jk_label` varchar(100) DEFAULT NULL,
  PRIMARY KEY (`jk_id`)
) ENGINE=InnoDB AUTO_INCREMENT=199 DEFAULT CHARSET=latin1;

/*Data for the table `jadwal_kuliah` */

insert  into `jadwal_kuliah`(`jk_id`,`jk_kls_id`,`jk_wkt_id`,`jk_ru_id`,`jk_period`,`jk_label`) values (100,1,20,14,2,'M2.12, selasa 15:30:00-17:10:00'),(101,2,20,21,2,'U2.04, selasa 15:30:00-17:10:00'),(102,3,7,25,2,'S2.08, senin 13:30:00-15:10:00'),(103,3,48,4,1,'S2.03, jumat 13:30:00-14:20:00'),(104,4,18,7,3,'S2.506, selasa 13:30:00-16:00:00'),(105,5,18,21,3,'U2.04, selasa 13:30:00-16:00:00'),(106,6,50,11,2,'M2.09, jumat 15:30:00-17:10:00'),(107,7,22,4,2,'S2.03, rabu 07:30:00-09:10:00'),(108,7,1,13,1,'S2.05, senin 07:30:00-08:20:00'),(109,8,22,1,2,'S2.01, rabu 07:30:00-09:10:00'),(110,8,1,4,1,'S2.03, senin 07:30:00-08:20:00'),(111,9,30,17,1,'U2.01, rabu 15:30:00-16:20:00'),(112,10,17,3,1,'M2.13, selasa 12:30:00-13:20:00'),(113,11,5,27,2,'S2.507, senin 11:30:00-13:10:00'),(114,12,5,6,2,'S2.505, senin 11:30:00-13:10:00'),(115,13,5,2,2,'S2.02, senin 11:30:00-13:10:00'),(116,14,5,1,2,'S2.01, senin 11:30:00-13:10:00'),(117,15,5,10,2,'K6, senin 11:30:00-13:10:00'),(118,16,5,9,2,'M2.14, senin 11:30:00-13:10:00'),(119,17,39,4,3,'S2.03, kamis 14:30:00-17:00:00'),(120,18,39,2,3,'S2.02, kamis 14:30:00-17:00:00'),(121,19,39,27,3,'S2.507, kamis 14:30:00-17:00:00'),(122,20,39,6,3,'S2.505, kamis 14:30:00-17:00:00'),(123,21,39,20,3,'U2.03, kamis 14:30:00-17:00:00'),(124,22,39,8,3,'M2.10, kamis 14:30:00-17:00:00'),(125,23,19,10,2,'K6, selasa 14:30:00-16:10:00'),(126,24,19,17,2,'U2.01, selasa 14:30:00-16:10:00'),(127,25,19,12,2,'G3, selasa 14:30:00-16:10:00'),(128,26,19,3,2,'M2.13, selasa 14:30:00-16:10:00'),(129,27,19,13,2,'S2.05, selasa 14:30:00-16:10:00'),(130,28,19,8,2,'M2.10, selasa 14:30:00-16:10:00'),(131,29,8,2,3,'S2.02, senin 14:30:00-17:00:00'),(132,30,8,16,3,'T2.01, senin 14:30:00-17:00:00'),(133,31,8,4,3,'S2.03, senin 14:30:00-17:00:00'),(134,32,8,5,3,'K1, senin 14:30:00-17:00:00'),(135,33,8,7,3,'S2.506, senin 14:30:00-17:00:00'),(136,34,8,10,3,'K6, senin 14:30:00-17:00:00'),(137,35,50,6,1,'S2.505, jumat 15:30:00-16:20:00'),(138,35,30,10,2,'K6, rabu 15:30:00-17:10:00'),(139,36,14,3,2,'M2.13, selasa 09:30:00-11:10:00'),(140,37,14,1,2,'S2.01, selasa 09:30:00-11:10:00'),(141,38,34,13,3,'S2.05, kamis 09:30:00-12:00:00'),(142,39,34,21,3,'U2.04, kamis 09:30:00-12:00:00'),(143,40,21,13,3,'S2.05, selasa 16:30:00-19:00:00'),(144,41,34,1,2,'S2.01, kamis 09:30:00-11:10:00'),(145,42,34,25,2,'S2.08, kamis 09:30:00-11:10:00'),(146,43,34,27,2,'S2.507, kamis 09:30:00-11:10:00'),(147,44,34,16,2,'T2.01, kamis 09:30:00-11:10:00'),(148,45,34,2,2,'S2.02, kamis 09:30:00-11:10:00'),(149,46,34,7,2,'S2.506, kamis 09:30:00-11:10:00'),(150,47,34,20,2,'U2.03, kamis 09:30:00-11:10:00'),(151,48,26,13,2,'S2.05, rabu 11:30:00-13:10:00'),(152,49,26,26,2,'Lab.Das., rabu 11:30:00-13:10:00'),(153,50,26,7,2,'S2.506, rabu 11:30:00-13:10:00'),(154,51,26,18,2,'U2.06, rabu 11:30:00-13:10:00'),(155,52,26,16,2,'T2.01, rabu 11:30:00-13:10:00'),(156,53,26,5,2,'K1, rabu 11:30:00-13:10:00'),(157,54,26,1,2,'S2.01, rabu 11:30:00-13:10:00'),(158,55,2,11,2,'M2.09, senin 08:30:00-10:10:00'),(159,56,2,13,2,'S2.05, senin 08:30:00-10:10:00'),(160,57,2,14,2,'M2.12, senin 08:30:00-10:10:00'),(161,58,4,15,3,'U2.02, senin 10:30:00-13:00:00'),(162,59,16,15,3,'U2.02, selasa 11:30:00-14:00:00'),(163,60,16,3,3,'M2.13, selasa 11:30:00-14:00:00'),(164,61,44,19,3,'S2.04, jumat 09:30:00-12:00:00'),(165,62,44,17,3,'U2.01, jumat 09:30:00-12:00:00'),(166,63,31,8,3,'M2.10, rabu 16:30:00-19:00:00'),(167,64,25,4,3,'S2.03, rabu 10:30:00-13:00:00'),(168,65,25,19,3,'S2.04, rabu 10:30:00-13:00:00'),(169,66,25,18,3,'U2.06, rabu 10:30:00-13:00:00'),(170,67,23,9,2,'M2.14, rabu 08:30:00-10:10:00'),(171,68,23,12,2,'G3, rabu 08:30:00-10:10:00'),(172,69,37,25,2,'S2.08, kamis 12:30:00-14:10:00'),(173,70,37,2,2,'S2.02, kamis 12:30:00-14:10:00'),(174,71,27,11,3,'M2.09, rabu 12:30:00-15:00:00'),(175,72,27,3,3,'M2.13, rabu 12:30:00-15:00:00'),(176,73,27,6,3,'S2.505, rabu 12:30:00-15:00:00'),(177,74,48,19,3,'S2.04, jumat 13:30:00-16:00:00'),(178,75,48,27,3,'S2.507, jumat 13:30:00-16:00:00'),(179,76,41,8,3,'M2.10, kamis 16:30:00-19:00:00'),(180,77,30,12,2,'G3, rabu 15:30:00-17:10:00'),(181,78,30,20,2,'U2.03, rabu 15:30:00-17:10:00'),(182,79,30,16,2,'T2.01, rabu 15:30:00-17:10:00'),(183,80,30,2,2,'S2.02, rabu 15:30:00-17:10:00'),(184,81,30,15,2,'U2.02, rabu 15:30:00-17:10:00'),(185,82,30,13,2,'S2.05, rabu 15:30:00-17:10:00'),(186,83,30,5,2,'K1, rabu 15:30:00-17:10:00'),(187,84,24,17,3,'U2.01, rabu 09:30:00-12:00:00'),(188,85,41,3,2,'M2.13, kamis 16:30:00-18:10:00'),(189,86,15,10,2,'K6, selasa 10:30:00-12:10:00'),(190,87,15,25,2,'S2.08, selasa 10:30:00-12:10:00'),(191,88,1,15,3,'U2.02, senin 07:30:00-10:00:00'),(192,89,1,7,3,'S2.506, senin 07:30:00-10:00:00'),(193,90,1,19,3,'S2.04, senin 07:30:00-10:00:00'),(194,91,1,2,3,'S2.02, senin 07:30:00-10:00:00'),(195,92,20,5,3,'K1, selasa 15:30:00-18:00:00'),(196,93,20,16,3,'T2.01, selasa 15:30:00-18:00:00'),(197,94,39,17,1,'U2.01, kamis 14:30:00-15:20:00'),(198,95,8,26,1,'Lab.Das., senin 14:30:00-15:20:00');

/*Table structure for table `jadwal_ujian` */

DROP TABLE IF EXISTS `jadwal_ujian`;

CREATE TABLE `jadwal_ujian` (
  `ju_id` int(11) NOT NULL AUTO_INCREMENT,
  `ju_kls_id` int(11) DEFAULT NULL,
  `ju_wkt_id` int(11) DEFAULT NULL,
  `ju_ru_id` int(11) DEFAULT NULL,
  PRIMARY KEY (`ju_id`)
) ENGINE=InnoDB DEFAULT CHARSET=latin1;

/*Data for the table `jadwal_ujian` */

/*Table structure for table `kelas` */

DROP TABLE IF EXISTS `kelas`;

CREATE TABLE `kelas` (
  `kls_id` int(11) NOT NULL AUTO_INCREMENT,
  `kls_mkkur_id` int(11) DEFAULT NULL,
  `kls_nama` varchar(20) DEFAULT NULL,
  `kls_kode_paralel` varchar(6) DEFAULT NULL,
  `kls_jml_peserta_prediksi` int(6) DEFAULT NULL,
  PRIMARY KEY (`kls_id`),
  KEY `kls_mkkur_id_key` (`kls_mkkur_id`),
  CONSTRAINT `FK_kelas_key_2` FOREIGN KEY (`kls_mkkur_id`) REFERENCES `mata_kuliah_kurikulum` (`mkkur_id`) ON DELETE CASCADE ON UPDATE CASCADE
) ENGINE=InnoDB AUTO_INCREMENT=96 DEFAULT CHARSET=latin1;

/*Data for the table `kelas` */

insert  into `kelas`(`kls_id`,`kls_mkkur_id`,`kls_nama`,`kls_kode_paralel`,`kls_jml_peserta_prediksi`) values (1,3,'UNU1000-1','1',30),(2,3,'UNU1000-2','2',29),(3,6,'ILKOM-MIK2201',NULL,5),(4,9,'MAT-A-MMM1202','A',40),(5,9,'MAT-B-MMM1202','B',40),(6,11,'MAT-MMM1207',NULL,31),(7,12,'MAT-STAT-KIM-A-MIK22','A',48),(8,12,'MAT-STAT-KIM-B-MIK22','B',48),(9,20,'GEOFIS-MFG4959',NULL,12),(10,21,'GEOFIS-MFG4960',NULL,5),(11,24,'FIS-A-MFF1001','A',44),(12,24,'FIS-B-MFF1001','B',42),(13,24,'FIS-C-MFF1001','C',42),(14,24,'FIS-D-MFF1001','D',42),(15,24,'FIS-E-MFF1001','E',42),(16,24,'FIS-F-MFF1001','F',42),(17,25,'ELINS-A-MIE1001','A',47),(18,25,'ELINS-B-MIE1001','B',42),(19,25,'ELINS-C-MIE1001','C',42),(20,25,'ELINS-D-MIE1001','D',42),(21,25,'ELINS-E-MIE1001','E',42),(22,25,'ELINS-F-MIE1001','F',42),(23,26,'STAT-A-MMS1000','A',46),(24,26,'STAT-B-MMS1000','B',42),(25,26,'STAT-C-MMS1000','C',42),(26,26,'STAT-D-MMS1000','D',42),(27,26,'STAT-E-MMS1000','E',42),(28,26,'STAT-F-MMS1000','F',42),(29,27,'ILKOM-A-MIK1003','A',47),(30,27,'ILKOM-B-MIK1003','B',42),(31,27,'ILKOM-C-MIK1003','C',42),(32,27,'ILKOM-D-MIK1003','D',42),(33,27,'ILKOM-E-MIK1003','E',42),(34,27,'ILKOM-F-MIK1003','F',42),(35,33,'ILKOM-MIK4501',NULL,6),(36,49,'FIS-A-MFF2850','A',36),(37,49,'FIS-B-MFF2850','B',36),(38,82,'ILKOM-A-MIK4555','A',46),(39,82,'ILKOM-B-MIK4555','B',46),(40,93,'MAT-MMM4349',NULL,6),(41,98,'UNU1100-1','1',50),(42,98,'UNU1100-2','2',46),(43,98,'UNU1100-3','3',46),(44,98,'UNU1100-4','4',46),(45,98,'UNU1100-5','5',46),(46,98,'UNU1100-6','6',46),(47,98,'UNU1100-7','7',46),(48,99,'UNU3000-1','1',50),(49,99,'UNU3000-2','2',46),(50,99,'UNU3000-3','3',46),(51,99,'UNU3000-4','4',46),(52,99,'UNU3000-5','5',46),(53,99,'UNU3000-6','6',46),(54,99,'UNU3000-7','7',46),(55,100,'ELINS-A-MIE4010','A',39),(56,100,'ELINS-B-MIE4010','B',38),(57,100,'ELINS-C-MIE4010','C',38),(58,124,'ILKOM-MIK4603',NULL,5),(59,126,'ILKOM-A-MIK4553','A',28),(60,126,'ILKOM-B-MIK4553','B',27),(61,129,'STAT-A-MMS1408','A',39),(62,129,'STAT-B-MMS1408','B',39),(63,130,'ILKOM-MIK1201',NULL,5),(64,136,'FIS-A-MFF2403','A',51),(65,136,'FIS-B-MFF2403','B',49),(66,136,'FIS-C-MFF2403','C',49),(67,143,'ELINS-A-MIE3008','A',49),(68,143,'ELINS-B-MIE3008','B',48),(69,151,'STAT-A-MMS1425','A',43),(70,151,'STAT-B-MMS1425','B',42),(71,153,'STAT-A-MMS3427','A',48),(72,153,'STAT-B-MMS3427','B',46),(73,153,'STAT-C-MMS3427','C',46),(74,155,'ILKOM-A-MIK3053','A',32),(75,155,'ILKOM-B-MIK3053','B',32),(76,157,'ELINS-MIE3607',NULL,11),(77,161,'UNU1010-A','A',50),(78,161,'UNU1010-B','B',44),(79,161,'UNU1010-C','C',44),(80,161,'UNU1010-D','D',44),(81,161,'UNU1010-E','E',44),(82,161,'UNU1010-F','F',44),(83,161,'UNU1010-G','G',44),(84,166,'KIM-MKK4700',NULL,37),(85,170,'STAT-MMS4409',NULL,10),(86,179,'STAT-A-MMS3471','A',42),(87,179,'STAT-B-MMS3471','B',41),(88,180,'STAT-A-MMS2420','A',45),(89,180,'STAT-B-MMS2420','B',42),(90,180,'STAT-C-MMS2420','C',42),(91,180,'STAT-D-MMS2420','D',42),(92,196,'ILKOM-A-MIK4209','A',33),(93,196,'ILKOM-B-MIK4209','B',33),(94,222,'STAT-MMS4459',NULL,6),(95,229,'ILKOM-MIK3502',NULL,6);

/*Table structure for table `mahasiswa_kelas` */

DROP TABLE IF EXISTS `mahasiswa_kelas`;

CREATE TABLE `mahasiswa_kelas` (
  `mhskrs_id` int(11) NOT NULL AUTO_INCREMENT,
  `mhskrs_niu` varchar(20) DEFAULT NULL,
  `mhskrs_kls_id` int(11) DEFAULT NULL,
  PRIMARY KEY (`mhskrs_id`)
) ENGINE=InnoDB DEFAULT CHARSET=latin1;

/*Data for the table `mahasiswa_kelas` */

/*Table structure for table `mata_kuliah_kurikulum` */

DROP TABLE IF EXISTS `mata_kuliah_kurikulum`;

CREATE TABLE `mata_kuliah_kurikulum` (
  `mkkur_id` int(11) NOT NULL AUTO_INCREMENT,
  `mkkur_kode` varchar(20) DEFAULT NULL,
  `mkkur_nama` varchar(200) DEFAULT NULL,
  `mkkur_sks` int(5) DEFAULT NULL,
  `mkkur_semester` varchar(10) DEFAULT NULL COMMENT 'Genjil, Genap',
  `mkkur_sifat` varchar(3) DEFAULT NULL COMMENT 'W:Wajib,P:Pilihan',
  `mkkur_paket_semester` varchar(5) DEFAULT NULL,
  `mkkur_pred_jml_peminat` int(11) DEFAULT NULL,
  `mkkur_pred_tahun` year(4) DEFAULT NULL,
  `mkkur_jumlah_pert` int(1) DEFAULT '1',
  `mkkur_is_universal` tinyint(1) DEFAULT '0' COMMENT '1:is universal (1 class only)',
  `mkkur_format_jadwal` varchar(11) DEFAULT NULL COMMENT '[1-2],[2-1]',
  PRIMARY KEY (`mkkur_id`)
) ENGINE=InnoDB AUTO_INCREMENT=273 DEFAULT CHARSET=latin1;

/*Data for the table `mata_kuliah_kurikulum` */

insert  into `mata_kuliah_kurikulum`(`mkkur_id`,`mkkur_kode`,`mkkur_nama`,`mkkur_sks`,`mkkur_semester`,`mkkur_sifat`,`mkkur_paket_semester`,`mkkur_pred_jml_peminat`,`mkkur_pred_tahun`,`mkkur_jumlah_pert`,`mkkur_is_universal`,`mkkur_format_jadwal`) values (1,'UNU1004','AGAMA BUDHA',2,'Genap','W','1',0,2014,1,1,NULL),(2,'UNU1003','AGAMA HINDU',2,'Genap','W','1',0,2014,1,1,NULL),(3,'UNU1000','AGAMA ISLAM',2,'Genap','W','1',59,2014,1,1,NULL),(4,'UNU1001','AGAMA KATOLIK',2,'Genap','W','1',0,2014,1,1,NULL),(5,'UNU1002','AGAMA KRISTEN',2,'Genap','W','1',0,2014,1,1,NULL),(6,'MIK2201','ALGORITMA DAN STRUKTUR DATA II',3,'Genap','W','3',5,2014,1,0,'2-1'),(7,'MIK4207','ALGORITMA GENETIKA',3,'Genap','P','5',0,2014,1,0,NULL),(8,'MFF2025','ALJABAR ABSTRAK DALAM FISIKA TEORETIK',3,'Genap','P','3',0,2014,1,0,NULL),(9,'MMM1202','ALJABAR LINEAR ELEMENTER',3,'Genap','W','1',80,2014,1,0,NULL),(10,'MMM3204','ALJABAR LINEAR NUMERIK',2,'Genap','P','5',0,2014,1,0,NULL),(11,'MMM1207','ALJABAR VEKTOR DAN MATRIKS',2,'Genap','W','1',31,2014,1,0,NULL),(12,'MIK2203','ANALISIS DAN DESAIN ALGORITMA I',3,'Genap','P','3',146,2014,1,0,'2-1'),(13,'MKK3501','ANALISIS INSTRUMENTAL II',2,'Genap','P','5',0,2014,1,0,NULL),(14,'MKK3841','ANALISIS KIMIA LINGKUNGAN',2,'Genap','W','1',1,2014,1,0,NULL),(15,'MIE2806','ANALISIS PENGUKURAN FISIS',2,'Genap','P','3',0,2014,1,0,NULL),(16,'MMS3402','ANALISIS REGRESI TERAPAN',2,'Genap','P','5',0,2014,1,0,NULL),(17,'MFG3948','ANALISIS SPEKTRUM SINYAL DIGITAL',2,'Genap','P','5',0,2014,1,0,NULL),(18,'MMS3417','ANALISIS VARIANSI TERAPAN',2,'Genap','P','5',0,2014,1,0,NULL),(19,'MMM2105','ANALISIS VEKTOR',2,'Genap','P','3',0,2014,1,0,NULL),(20,'MFG4959','ASISTENSI KULIAH',1,'Genap','P','8',12,2014,1,0,NULL),(21,'MFG4960','ASISTENSI PRAKTIKUM',1,'Genap','P','8',5,2014,1,0,NULL),(22,'MKK3831','AZAS TEKNIK KIMIA',2,'Genap','W','1',0,2014,1,0,NULL),(23,'MIE1002','BAHASA INDONESIA',2,'Genap','W','1',1,2014,1,0,NULL),(24,'MFF1001','BAHASA INGGRIS',2,'Genap','W','1',254,2014,1,0,NULL),(25,'MIE1001','BAHASA INGGRIS',3,'Genap','W','1',257,2014,1,0,NULL),(26,'MMS1000','BAHASA INGGRIS',2,'Genap','W','1',256,2014,1,0,NULL),(27,'MIK1003','BAHASA INGGRIS',3,'Genap','W','1',257,2014,1,0,NULL),(28,'MIK4409','BIOINFORMATIKA',3,'Genap','P','5',0,2014,1,0,NULL),(29,'MKK2601','BIOKIMIA I',2,'Genap','P','3',0,2014,1,0,NULL),(30,'BIU1002','BIOLOGI DASAR',2,'Genap','W','1',0,2014,1,0,NULL),(31,'MMS3474','BIOSTATISTIKA DAN EPIDEMIOLOGI I',2,'Genap','P','5',0,2014,1,0,NULL),(32,'MKK2201','DASAR REAKSI ANORGANIK',2,'Genap','P','3',0,2014,1,0,NULL),(33,'MIK4501','DATA MINING DAN BUSINESS INTELLIGENCE',3,'Genap','W','5',6,2014,1,0,'1-2'),(34,'MIK2202','EKSP. ALGORITMA DAN STRUKTUR DATA II',1,'Genap','P','3',0,2014,1,0,NULL),(35,'MIE2858','EKSP. ELEKTRONIKA ANALOG',1,'Genap','P','3',0,2014,1,0,NULL),(36,'MIE3866','EKSP. ELEKTRONIKA LANJUT II',1,'Genap','P','5',0,2014,1,0,NULL),(37,'MIE3867','EKSP. INSTRUMENTASI ELEKTRONIK',1,'Genap','P','5',0,2014,1,0,NULL),(38,'MIE3869','EKSP. KONTROL DIGITAL',1,'Genap','P','5',0,2014,1,0,NULL),(39,'MIE2861','EKSP. MEKATRONIKA',1,'Genap','P','3',0,2014,1,0,NULL),(40,'MIE2651','EKSP. MIKROKOMPUTER',1,'Genap','P','3',0,2014,1,0,NULL),(41,'MIE3657','EKSP. MIKROKONTROLER',1,'Genap','P','5',0,2014,1,0,NULL),(42,'MIE4872','EKSP. PLC',1,'Genap','P','7',0,2014,1,0,NULL),(43,'MIE3451','EKSP. ROBOTIKA',1,'Genap','P','5',0,2014,1,0,NULL),(44,'MIE3868','EKSP. SIMULASI ELEKTRONIKA',1,'Genap','P','5',0,2014,1,0,NULL),(45,'MFG4963','EKSPLORASI PANAS BUMI',3,'Genap','P','7',0,2014,1,0,NULL),(46,'MKK3301','ELEKTROKIMIA',2,'Genap','P','5',0,2014,1,0,NULL),(47,'MIE4004','ELEKTROMAGNETIKA',3,'Genap','P','7',0,2014,1,0,NULL),(48,'MFF3415','ELEKTROMAGNETIKA',3,'Genap','P','5',0,2014,1,0,NULL),(49,'MFF2850','ELEKTRONIKA',2,'Genap','P','3',72,2014,1,0,NULL),(50,'MIE2808','ELEKTRONIKA ANALOG',3,'Genap','P','3',0,2014,1,0,NULL),(51,'MIE3816','ELEKTRONIKA LANJUT II',3,'Genap','P','5',1,2014,1,0,NULL),(52,'MKK3403','ELUSIDASI STRUKTUR ORGANIK',2,'Genap','P','5',0,2014,1,0,NULL),(53,'MIE4608','EMBEDDED SYSTEM O.S.',3,'Genap','P','7',0,2014,1,0,NULL),(54,'MIK4503','ENTERPRISE SYSTEM',3,'Genap','W','7',4,2014,1,0,NULL),(55,'MMS1407','ETIKA PROFESI DAN SUCCESS SKILLS',2,'Genap','W','1',0,2014,1,0,NULL),(56,'MIK3001','FILSAFAT ILMU KOMPUTER',2,'Genap','W','5',0,2014,1,0,NULL),(57,'MFF3311','FISIKA ATOM & MOLEKUL LANJUT',3,'Genap','P','5',0,2014,1,0,NULL),(58,'MFF2871','FISIKA CITRA',3,'Genap','P','3',0,2014,1,0,NULL),(59,'MFF1011','FISIKA DASAR I',3,'Genap','W','1',0,2014,1,0,NULL),(60,'MFG4933','FISIKA GUNUNG API',2,'Genap','P','7',0,2014,1,0,NULL),(61,'MFF3201','FISIKA INTI',3,'Genap','P','5',0,2014,1,0,NULL),(62,'MFF3701','FISIKA KEDOKTERAN',2,'Genap','P','7',0,2014,1,0,NULL),(63,'MFF3891','FISIKA LINGKUNGAN',2,'Genap','P','3',0,2014,1,0,NULL),(64,'MFF3603','FISIKA MATERIAL A',3,'Genap','P','7',0,2014,1,0,NULL),(65,'MFF4813','FISIKA MATERIAL KOMPUTASI',3,'Genap','P','3',0,2014,1,0,NULL),(66,'MFF2051','FISIKA STATISTIK',2,'Genap','P','3',0,2014,1,0,NULL),(67,'MFF3871','FISIKA TOMOGRAFI',3,'Genap','P','5',0,2014,1,0,NULL),(68,'MFF3601','FISIKA ZAT PADAT',3,'Genap','P','5',0,2014,1,0,NULL),(69,'MMM3106','FUNGSI VARIABEL KOMPLEKS II',2,'Genap','P','5',0,2014,1,0,NULL),(70,'MFF3841','GELOMBANG MIKRO',3,'Genap','P','5',0,2014,1,0,NULL),(71,'MFG3919','GEODINAMIKA',3,'Genap','P','5',0,2014,1,0,NULL),(72,'MFG4964','GEOFISIKA LINGKUNGAN',2,'Genap','P','7',0,2014,1,0,NULL),(73,'MKK3245','GEOKIMIA',2,'Genap','P','5',0,2014,1,0,NULL),(74,'MKK3811','GEOKIMIA',2,'Genap','W','1',0,2014,1,0,NULL),(75,'MFG2906','GEOLOGI STRUKTUR',2,'Genap','P','3',0,2014,1,0,NULL),(76,'MMM2113','GEOMETRI',3,'Genap','P','3',1,2014,1,0,NULL),(77,'MMM2114','GEOMETRI TRANSFORMASI',2,'Genap','P','3',0,2014,1,0,NULL),(78,'MFG3946','GPS',2,'Genap','P','5',0,2014,1,0,NULL),(79,'MIK3203','GRAFIKA KOMPUTER',3,'Genap','P','5',0,2014,1,0,NULL),(80,'MIE4823','HMI/SCADA DAN DCS',3,'Genap','P','7',0,2014,1,0,NULL),(81,'MKK2831','INDUSTRI KIMIA',2,'Genap','W','1',0,2014,1,0,NULL),(82,'MIK4555','INFORMATION TECHNOLOGY AUDIT AND CONTROL',3,'Genap','P','6',92,2014,1,0,NULL),(83,'MIE3817','INSTRUMENTASI ELEKTRONIK',3,'Genap','P','5',0,2014,1,0,NULL),(84,'MIK3401','INTERAKSI MANUSIA KOMPUTER',3,'Genap','W','5',0,2014,1,0,NULL),(85,'MKK3833','JAMINAN MUTU DALAM INDUSTRI',2,'Genap','W','1',0,2014,1,0,NULL),(86,'MIK4403','JARINGAN SYARAF TIRUAN',3,'Genap','P','5',0,2014,1,0,NULL),(87,'MMM1106','KALKULUS',3,'Genap','W','1',0,2014,1,0,NULL),(88,'MMM1101','KALKULUS I',3,'Genap','W','1',0,2014,1,0,NULL),(89,'MMS2109','KALKULUS MULTIVARIABEL I',2,'Genap','P','3',0,2014,1,0,NULL),(90,'MMM2109','KALKULUS MULTIVARIABEL I',2,'Genap','P','3',0,2014,1,0,NULL),(91,'MFG3950','KAPITA SELEKTA A',2,'Genap','P','5',0,2014,1,0,NULL),(92,'MFF4811','KAPITA SELEKTA FISIKA MATERIAL',3,'Genap','P','7',0,2014,1,0,NULL),(93,'MMM4349','KAPITA SELEKTA MATEMATIKA TERAPAN',3,'Genap','P','7',6,2014,1,0,NULL),(94,'MMS4449','KAPITA SELEKTA STATISTIK',3,'Genap','P','7',0,2014,1,0,NULL),(95,'MIK4601','KEAMANAN SISTEM DAN JARINGAN',3,'Genap','P','5',2,2014,1,0,NULL),(96,'MKK3863','KEMOINFORMATIKA',2,'Genap','W','1',0,2014,1,0,NULL),(97,'MKK3701','KEMOMETRI',2,'Genap','P','5',0,2014,1,0,NULL),(98,'UNU1100','KEWARGANEGARAAN',2,'Genap','P','5',326,2014,1,1,NULL),(99,'UNU3000','KEWARGANEGARAAN',2,'Genap','P','5',326,2014,1,1,NULL),(100,'MIE4010','KEWIRAUSAHAAN DAN MANAJEMEN',2,'Genap','P','7',115,2014,1,0,NULL),(101,'MKK1501','KIMIA ANALITIK DASAR I',2,'Genap','W','1',0,2014,1,0,NULL),(102,'MKK2843','KIMIA B3',2,'Genap','W','1',0,2014,1,0,NULL),(103,'MKK3813','KIMIA BIOANORGANIK',2,'Genap','W','1',0,2014,1,0,NULL),(104,'MKK1101','KIMIA DASAR I',3,'Genap','W','1',0,2014,1,0,NULL),(105,'MKK2823','KIMIA HASIL ALAM',2,'Genap','W','1',0,2014,1,0,NULL),(106,'MKB1000','KIMIA KONTEKSTUAL',2,'Genap','W','1',0,2014,1,0,NULL),(107,'MKK2841','KIMIA LINGKUNGAN',2,'Genap','W','1',0,2014,1,0,NULL),(108,'MKK2821','KIMIA MEDISINAL',2,'Genap','W','1',0,2014,1,0,NULL),(109,'MKK1401','KIMIA ORGANIK DASAR I',2,'Genap','W','1',0,2014,1,0,NULL),(110,'MKK3401','KIMIA ORGANIK FISIK',2,'Genap','P','5',0,2014,1,0,NULL),(111,'MKK3821','KIMIA PANGAN',2,'Genap','W','1',0,2014,1,0,NULL),(112,'MKK2501','KIMIA PEMISAHAN',3,'Genap','P','3',0,2014,1,0,NULL),(113,'MKK3819','KIMIA POLIMER',2,'Genap','W','1',0,2014,1,0,NULL),(114,'MKK3815','KIMIA ZAT PADAT',2,'Genap','W','1',0,2014,1,0,NULL),(115,'MKK2303','KINETIKA KIMIA',3,'Genap','P','3',0,2014,1,0,NULL),(116,'MKK3865','KOMPUTASI REKAYASA MOLEKUL',2,'Genap','W','1',0,2014,1,0,NULL),(117,'MMS3415','KOMPUTASI STATISTIK',2,'Genap','P','5',1,2014,1,0,NULL),(118,'MFF2011','KOMPUTER MULTIMEDIA',2,'Genap','P','3',0,2014,1,0,NULL),(119,'MFB1000','KONSEP FISIKA',2,'Genap','W','1',0,2014,1,0,NULL),(120,'MIE3819','KONTROL DIGITAL',3,'Genap','P','5',0,2014,1,0,NULL),(121,'MFF2411','LISTRIK DAN MAGNET',3,'Genap','P','3',0,2014,1,0,NULL),(122,'MIK4401','LOGIKA FUZZY',3,'Genap','W','5',0,2014,2,0,NULL),(123,'MFG4935','LOKAKARYA GEOFISIKA LAPANGAN',2,'Genap','P','7',0,2014,1,0,NULL),(124,'MIK4603','MANAJEMEN JARINGAN',3,'Genap','P','5',5,2014,1,0,NULL),(125,'MFG2942','MANAJEMEN PROYEK',2,'Genap','P','3',1,2014,1,0,NULL),(126,'MIK4553','MANAJEMEN PROYEK TEKNOLOGI INFORMASI',3,'Genap','P','6',55,2014,1,0,NULL),(127,'MMS3424','MANAJEMEN RESIKO KUANTITATIF',3,'Genap','P','5',0,2014,1,0,NULL),(128,'MFD1007','MATEMATIKA DASAR I',2,'Genap','W','1',0,2014,1,0,NULL),(129,'MMS1408','MATEMATIKA DISKRIT DAN KOMBINATORIK',3,'Genap','P','2',78,2014,1,0,NULL),(130,'MIK1201','MATEMATIKA DISKRIT I',3,'Genap','W','1',5,2014,1,0,NULL),(131,'MFF2023','MATEMATIKA FISIKA II',3,'Genap','W','3',0,2014,1,0,NULL),(132,'MMM3305','MATEMATIKA KOMPUTASI',3,'Genap','P','5',0,2014,1,0,NULL),(133,'MMB1000','MATEMATIKA KONTEKSTUAL',2,'Genap','W','1',0,2014,1,0,NULL),(134,'MKK2701','MATEMATIKA UNTUK KIMIA',2,'Genap','P','3',0,2014,1,0,NULL),(135,'MKK3853','MATERIAL POLIMER DAN KOMPOSIT',2,'Genap','W','1',0,2014,1,0,NULL),(136,'MFF2403','MEKANIKA ANALITIK',3,'Genap','P','3',149,2014,1,0,NULL),(137,'MFG4958','MEKANIKA BATUAN',2,'Genap','P','7',0,2014,1,0,NULL),(138,'MFF2951','MEKANIKA BENDA LANGIT',3,'Genap','P','3',0,2014,1,0,NULL),(139,'MFF4031','MEKANIKA KUANTUM',3,'Genap','P','5',0,2014,1,0,NULL),(140,'MKK3201','MEKANISME REAKSI ANORGANIK',2,'Genap','P','5',0,2014,1,0,NULL),(141,'MIE2811','MEKATRONIKA',3,'Genap','P','3',0,2014,1,0,NULL),(142,'MFG3922','MET. ANALISA GEOFISIKA I',2,'Genap','P','5',0,2014,1,0,NULL),(143,'MIE3008','MET. PENEL. ELEKTRONIKA DAN INSTRUMENTASI',2,'Genap','P','6',97,2014,1,0,NULL),(144,'MFF3291','METODE DETEKSI NUKLIR & PARTIKEL',2,'Genap','P','5',0,2014,1,0,NULL),(145,'MFG3920','METODE GEOELEKTRISITAS DAN EM',3,'Genap','P','5',0,2014,1,0,NULL),(146,'MIK3201','METODE NUMERIK',2,'Genap','P','5',0,2014,1,0,NULL),(147,'MFF1061','METODE PENGUKURAN FISIKA',2,'Genap','W','1',0,2014,1,0,NULL),(148,'MFG3917','METODE SEISMIK I',2,'Genap','P','5',0,2014,1,0,NULL),(149,'MMS4403','METODE SEKUENSIAL',3,'Genap','P','7',0,2014,1,0,NULL),(150,'MMS1423','METODE STATISTIK I',2,'Genap','P','3',1,2014,1,0,NULL),(151,'MMS1425','METODE STATISTIK II',2,'Genap','P','2',85,2014,1,0,NULL),(152,'MMS2403','METODE SURVEI SAMPEL',3,'Genap','P','3',0,2014,1,0,NULL),(153,'MMS3427','METODOLOGI PENELITIAN',3,'Genap','P','5',140,2014,1,0,NULL),(154,'MFF3063','METODOLOGI PENELITIAN FISIKA',2,'Genap','P','5',1,2014,1,0,NULL),(155,'MIK3053','METODOLOGI PENELITIAN ILMU KOMPUTER',3,'Genap','P','6',64,2014,1,0,NULL),(156,'MIE2601','MIKROKOMPUTER',3,'Genap','P','3',0,2014,1,0,NULL),(157,'MIE3607','MIKROKONTROLER',3,'Genap','P','5',11,2014,1,0,NULL),(158,'MIK4507','MULTIMEDIA',3,'Genap','P','5',0,2014,1,0,NULL),(159,'MKK3851','NANO DAN BIOMATERIAL',2,'Genap','W','1',0,2014,1,0,NULL),(160,'MFF2413','OPTIKA',2,'Genap','P','3',1,2014,1,0,NULL),(161,'UNU1010','PANCASILA',2,'Genap','W','1',314,2014,1,0,NULL),(162,'MIK4203','PEMODELAN DAN SIMULASI',3,'Genap','P','5',0,2014,1,0,NULL),(163,'MIE4609','PEMROGRAMAN JAR. DAN PIR. BERGERAK',3,'Genap','P','7',0,2014,1,0,NULL),(164,'MIK4608','PEMROGRAMAN JARINGAN DAN PIRANTI BERGERAK',3,'Genap','P','5',0,2014,1,0,NULL),(165,'MIE4610','PEMROSESAN SINYAL DIGITAL II',3,'Genap','P','7',1,2014,1,0,NULL),(166,'MKK4700','PENELITIAN TUGAS AKHIR',3,'Genap','P','7',37,2014,1,0,NULL),(167,'MMM4102','PENG. ANALISIS FUNGSIONAL',3,'Genap','P','7',0,2014,1,0,NULL),(168,'MMS4417','PENG. ANALISIS GARANSI',3,'Genap','P','7',0,2014,1,0,NULL),(169,'MMM3101','PENG. ANALISIS I',3,'Genap','P','5',0,2014,1,0,NULL),(170,'MMS4409','PENG. EKONOMETRI',2,'Genap','P','7',10,2014,1,0,NULL),(171,'MMM4204','PENG. KOMBINATORIK',3,'Genap','P','7',0,2014,1,0,NULL),(172,'MMM1201','PENG. LOGIKA MATEMATIKA & HIMPUNAN',3,'Genap','W','1',0,2014,1,0,NULL),(173,'MMS3472','PENG. MATEMATIKA AKTUARIA I',2,'Genap','P','5',0,2014,1,0,NULL),(174,'MMS2418','PENG. MATEMATIKA FINANSIAL I',3,'Genap','P','3',0,2014,1,0,NULL),(175,'MMM3303','PENG. MODEL MATEMATIKA',3,'Genap','P','5',2,2014,1,0,NULL),(176,'MMS2410','PENG. MODEL PROBABILITAS',3,'Genap','P','3',0,2014,1,0,NULL),(177,'MMM3302','PENG. PERSAMAAN DIFERENSIAL PARSIAL',3,'Genap','P','5',0,2014,1,0,NULL),(178,'MMS3422','PENG. PROSES STOKASTIK',3,'Genap','P','5',0,2014,1,0,NULL),(179,'MMS3471','PENG. RUNTUN WAKTU',2,'Genap','P','6',83,2014,1,0,NULL),(180,'MMS2420','PENG. STATISTIKA MATEMATIK I',3,'Genap','P','4',171,2014,1,0,NULL),(181,'MMS3469','PENG. STATISTIKA MATEMATIK II',3,'Genap','P','5',0,2014,1,0,NULL),(182,'MMM2201','PENG. STRUKTUR ALJABAR II',3,'Genap','P','3',0,2014,1,0,NULL),(183,'MMS3416','PENG. TEORI ANTRIAN DAN SIMULASI',2,'Genap','P','5',0,2014,1,0,NULL),(184,'MMM2206','PENG. TEORI GRAF',3,'Genap','P','4',2,2014,1,0,NULL),(185,'MMS3476','PENG. TEORI KEPUTUSAN',3,'Genap','P','5',1,2014,1,0,NULL),(186,'MMM2308','PENG. TEORI PERMAINAN',3,'Genap','P','3',0,2014,1,0,NULL),(187,'MFF4893','PENGANTAR EKONOFISIKA',3,'Genap','P','3',0,2014,1,0,NULL),(188,'MFF3421','PENGANTAR FISIKA LASER',3,'Genap','P','5',0,2014,1,0,NULL),(189,'MFG1901','PENGANTAR GEOFISIKA',2,'Genap','W','1',0,2014,1,0,NULL),(190,'MIE2809','PENGANTAR INSTRUMENTASI',3,'Genap','P','3',0,2014,1,0,NULL),(191,'MKK2851','PENGANTAR KIMIA MATERIAL',2,'Genap','W','1',0,2014,1,0,NULL),(192,'MMM2304','PENGANTAR PERSAMAAN DIFERENSIAL',3,'Genap','W','3',0,2014,1,0,NULL),(193,'MIE4403','PENGENALAN POLA',3,'Genap','P','7',0,2014,1,0,NULL),(194,'MIK4405','PENGENALAN POLA',3,'Genap','P','5',0,2014,1,0,NULL),(195,'MMS2423','PENGENDALIAN KUALITAS STATISTIKA',2,'Genap','P','3',0,2014,1,0,NULL),(196,'MIK4209','PENGOLAHAN CITRA DIGITAL',3,'Genap','P','5',66,2014,1,0,NULL),(197,'MFG3951','PENYELESAIAN NUMERIK',2,'Genap','P','5',0,2014,1,0,NULL),(198,'MMS3430','PERAMALAN DATA TIME SERIES',2,'Genap','P','5',0,2014,1,0,NULL),(199,'MFG2909','PERPETAAN',2,'Genap','P','3',0,2014,1,0,NULL),(200,'MMM2301','PERSAMAAN DIFERENSIAL ELEMENTER',3,'Genap','P','3',0,2014,1,0,NULL),(201,'MFG2940','PETROLOGI',2,'Genap','P','3',0,2014,1,0,NULL),(202,'MIE4822','PLC',3,'Genap','P','7',1,2014,1,0,NULL),(203,'MIK2202','PRAK. ALGORITMA DAN STRUKTUR DATA II',1,'Genap','P','3',0,0000,1,0,NULL),(204,'MMM3254','PRAK. ALJABAR LINEAR NUMERIK',1,'Genap','P','5',0,2014,1,0,NULL),(205,'MMM1257','PRAK. ALJABAR VEKTOR DAN MATRIKS',1,'Genap','W','1',0,2014,1,0,NULL),(206,'MMS3452','PRAK. ANALISIS REGRESI TERAPAN',1,'Genap','P','5',0,2014,1,0,NULL),(207,'MFG3949','PRAK. ANALISIS SPEKTRUM SINYAL DIGITAL',1,'Genap','P','5',0,2014,1,0,NULL),(208,'MMS3457','PRAK. ANALISIS VARIANSI TERAPAN',1,'Genap','P','5',0,2014,1,0,NULL),(209,'MMS3494','PRAK. BIOSTATISTIKA DAN EPIDEMIOLOGI I',1,'Genap','P','5',0,2014,1,0,NULL),(210,'MFF1013','PRAK. FISIKA DASAR I',1,'Genap','W','1',0,2014,1,0,NULL),(211,'MFG4934','PRAK. FISIKA GUNUNG API',1,'Genap','P','7',0,2014,1,0,NULL),(212,'MFF3203','PRAK. FISIKA INTI',1,'Genap','P','5',2,2014,1,0,NULL),(213,'MFF2033','PRAK. FISIKA MODERN',1,'Genap','P','3',0,2014,1,0,NULL),(214,'MFG3947','PRAK. GPS',1,'Genap','P','5',0,2014,1,0,NULL),(215,'MMS3455','PRAK. KOMPUTASI STATISTIK',1,'Genap','P','5',0,2014,1,0,NULL),(216,'MFF2013','PRAK. KOMPUTER MULTIMEDIA',1,'Genap','P','3',0,2014,1,0,NULL),(217,'MFG3923','PRAK. MET. ANAL. GEOF. I',1,'Genap','P','5',0,2014,1,0,NULL),(218,'MFG3921','PRAK. METODE GEOELEKTRISITAS DAN EM',1,'Genap','P','5',0,2014,1,0,NULL),(219,'MIK3202','PRAK. METODE NUMERIK',1,'Genap','P','5',0,2014,1,0,NULL),(220,'MFG3918','PRAK. METODE SEISMIK I',1,'Genap','P','5',0,2014,1,0,NULL),(221,'MMS1453','PRAK. METODE STATISTIK I',1,'Genap','P','3',0,2014,1,0,NULL),(222,'MMS4459','PRAK. PENG. EKONOMETRI',1,'Genap','P','7',6,2014,1,0,NULL),(223,'MMS3492','PRAK. PENG. MATEMATIKA AKTUARIA I',1,'Genap','P','5',0,2014,1,0,NULL),(224,'MMS3456','PRAK. PENG. TEORI ANTRIAN DAN SIMULASI',1,'Genap','P','5',0,2014,1,0,NULL),(225,'MMS2453','PRAK. PENGENDALIAN KUALITAS STATISTIKA',1,'Genap','P','3',0,2014,1,0,NULL),(226,'MFG3952','PRAK. PENYELESAIAN NUMERIK',1,'Genap','P','5',0,2014,1,0,NULL),(227,'MMS3440','PRAK. PERAMALAN DATA TIME SERIES',1,'Genap','P','5',0,2014,1,0,NULL),(228,'MMM2352','PRAK. PROGRAM LINEAR',1,'Genap','P','3',0,2014,1,0,NULL),(229,'MIK3502','PRAK. REKAYASA PERANGKAT LUNAK',1,'Genap','P','5',6,2014,1,0,NULL),(230,'MIK2602','PRAK. SISTEM OPERASI',1,'Genap','P','3',0,2014,1,0,NULL),(231,'MIK1002','PRAK. TEKNOLOGI INFORMASI KONTEMPORER',1,'Genap','W','1',0,2014,1,0,NULL),(232,'MKK3211','PRAKIKUM KIMIA ANORGANIK I',1,'Genap','P','5',0,2014,1,0,NULL),(233,'MFF3851','PRAKTIKUM ELEKTRONIKA',1,'Genap','P','3',0,2014,1,0,NULL),(234,'MFG2907','PRAKTIKUM GEOLOGI STRUKTUR',1,'Genap','P','3',0,2014,1,0,NULL),(235,'MKK2511','PRAKTIKUM KIMIA ANALITIK I',1,'Genap','P','3',0,2014,1,0,NULL),(236,'MKK3511','PRAKTIKUM KIMIA ANALITIK III',1,'Genap','P','5',0,2014,1,0,NULL),(237,'MKK1111','PRAKTIKUM KIMIA DASAR I',1,'Genap','W','1',0,2014,1,0,NULL),(238,'MKK2311','PRAKTIKUM KIMIA FISIK I',1,'Genap','P','3',0,2014,1,0,NULL),(239,'MKK2411','PRAKTIKUM KIMIA ORGANIK I',1,'Genap','P','3',0,2014,1,0,NULL),(240,'MFG2910','PRAKTIKUM PERPETAAN',1,'Genap','P','3',0,2014,1,0,NULL),(241,'MFG2941','PRAKTIKUM PETROLOGI',1,'Genap','P','3',0,2014,1,0,NULL),(242,'MMM2302','PROGRAM LINEAR',2,'Genap','P','3',0,2014,1,0,NULL),(243,'MIK3501','REKAYASA PERANGKAT LUNAK',3,'Genap','P','5',0,2014,1,0,NULL),(244,'MIE3401','ROBOTIKA',3,'Genap','P','5',0,2014,1,0,NULL),(245,'MIK4251','SAINS MANAJEMEN',3,'Genap','P','6',1,2014,1,0,NULL),(246,'MFF4017','SEMINAR',1,'Genap','P','7',0,2014,1,0,NULL),(247,'MIE3007','SEMINAR ELEKTRONIKA DAN INSTRUMENTASI',3,'Genap','P','6',0,2014,1,0,NULL),(248,'MKK4720','SEMINAR TUGAS AKHIR',1,'Genap','P','7',1,2014,1,0,NULL),(249,'MIE3815','SENSOR DAN TRANSDUSER',3,'Genap','P','5',0,2014,1,0,NULL),(250,'MFF4061','SENSOR DAN TRANSDUSER',2,'Genap','P','7',0,2014,1,0,NULL),(251,'MIE4824','SENSOR NETWORKS',3,'Genap','P','7',0,2014,1,0,NULL),(252,'MIE3818','SIMULASI ELEKTRONIKA',3,'Genap','P','5',0,2014,1,0,NULL),(253,'MKK3861','SIMULASI MOLEKULER',2,'Genap','W','1',0,2014,1,0,NULL),(254,'MMM4304','SISTEM DINAMIK DISKRIT',3,'Genap','P','7',0,2014,1,0,NULL),(255,'MIK3551','SISTEM INFORMASI',2,'Genap','P','6',0,2014,1,0,NULL),(256,'MIK4509','SISTEM INFORMASI GEOGRAFIS',3,'Genap','P','5',0,2014,1,0,NULL),(257,'MIK2601','SISTEM OPERASI',3,'Genap','P','3',0,2014,1,0,NULL),(258,'MIK4609','SISTEM PARALEL',3,'Genap','P','7',0,2014,1,0,NULL),(259,'MIK4551','SISTEM TEMU BALIK INFORMASI',3,'Genap','P','6',0,2014,2,0,NULL),(260,'MIK4605','SISTEM TERDISTRIBUSI',3,'Genap','P','5',1,2014,1,0,NULL),(261,'MKK2401','STEREOKIMIA',2,'Genap','P','3',0,2014,1,0,NULL),(262,'MFG3945','STRATIGRAFI',2,'Genap','P','5',0,2014,1,0,NULL),(263,'MIB1000','TEKNOLOGI INFORMASI KONTEMPORER',2,'Genap','W','1',0,2014,1,0,NULL),(264,'MFG3916','TEKTONIK INDONESIA',2,'Genap','P','5',0,2014,1,0,NULL),(265,'MIK4201','TEORI BAHASA DAN OTOMATA',3,'Genap','P','5',0,2014,1,0,NULL),(266,'MMM3203','TEORI GRUP HINGGA',2,'Genap','P','5',0,2014,1,0,NULL),(267,'MMM3207','TEORI MODUL',3,'Genap','P','6',0,2014,1,0,NULL),(268,'MFF2031','TEORI RELATIVITAS',2,'Genap','P','3',0,2014,1,0,NULL),(269,'MMM3301','TEORI SISTEM',3,'Genap','P','5',0,2014,1,0,NULL),(270,'MFF1051','TERMODINAMIKA',2,'Genap','P','3',0,2014,1,0,NULL),(271,'MKK2301','TERMODINAMIKA KIMIA',3,'Genap','P','3',0,2014,1,0,NULL),(272,'MIE1801','UNTAI LISTRIK',2,'Genap','W','1',1,2014,1,0,NULL);

/*Table structure for table `mata_kuliah_kurikulum_rekap` */

DROP TABLE IF EXISTS `mata_kuliah_kurikulum_rekap`;

CREATE TABLE `mata_kuliah_kurikulum_rekap` (
  `mkkurrkp_id` int(11) NOT NULL AUTO_INCREMENT,
  `mkkurrkp_mkkur_id` int(11) DEFAULT NULL,
  `mkkurrkp_jml_peminat` int(6) DEFAULT NULL,
  `mkkurrkp_tahun` year(4) DEFAULT NULL,
  PRIMARY KEY (`mkkurrkp_id`),
  KEY `mkkurrkp_mkkur_id_key` (`mkkurrkp_mkkur_id`),
  CONSTRAINT `FK_mata_kuliah_kurikulum_rekap_FK` FOREIGN KEY (`mkkurrkp_mkkur_id`) REFERENCES `mata_kuliah_kurikulum` (`mkkur_id`) ON DELETE CASCADE ON UPDATE CASCADE
) ENGINE=InnoDB AUTO_INCREMENT=1633 DEFAULT CHARSET=latin1;

/*Data for the table `mata_kuliah_kurikulum_rekap` */

insert  into `mata_kuliah_kurikulum_rekap`(`mkkurrkp_id`,`mkkurrkp_mkkur_id`,`mkkurrkp_jml_peminat`,`mkkurrkp_tahun`) values (1,1,0,2008),(2,1,0,2009),(3,1,0,2010),(4,1,0,2011),(5,1,0,2012),(6,1,0,2013),(7,2,3,2008),(8,2,0,2009),(9,2,3,2010),(10,2,0,2011),(11,2,0,2012),(12,2,0,2013),(13,3,424,2008),(14,3,415,2009),(15,3,426,2010),(16,3,40,2011),(17,3,0,2012),(18,3,0,2013),(19,4,2,2008),(20,4,6,2009),(21,4,4,2010),(22,4,0,2011),(23,4,0,2012),(24,4,0,2013),(25,5,8,2008),(26,5,5,2009),(27,5,10,2010),(28,5,0,2011),(29,5,0,2012),(30,5,0,2013),(31,6,0,2008),(32,6,0,2009),(33,6,0,2010),(34,6,0,2011),(35,6,23,2012),(36,6,5,2013),(37,7,0,2008),(38,7,0,2009),(39,7,0,2010),(40,7,0,2011),(41,7,0,2012),(42,7,0,2013),(43,8,0,2008),(44,8,0,2009),(45,8,0,2010),(46,8,0,2011),(47,8,0,2012),(48,8,0,2013),(49,9,0,2008),(50,9,0,2009),(51,9,0,2010),(52,9,65,2011),(53,9,98,2012),(54,9,111,2013),(55,10,0,2008),(56,10,0,2009),(57,10,0,2010),(58,10,0,2011),(59,10,0,2012),(60,10,0,2013),(61,11,115,2008),(62,11,93,2009),(63,11,170,2010),(64,11,39,2011),(65,11,13,2012),(66,11,2,2013),(67,12,0,2008),(68,12,0,2009),(69,12,0,2010),(70,12,0,2011),(71,12,0,2012),(72,12,0,2013),(73,13,0,2008),(74,13,0,2009),(75,13,0,2010),(76,13,0,2011),(77,13,0,2012),(78,13,0,2013),(79,14,87,2008),(80,14,68,2009),(81,14,65,2010),(82,14,0,2011),(83,14,0,2012),(84,14,0,2013),(85,15,0,2008),(86,15,0,2009),(87,15,0,2010),(88,15,0,2011),(89,15,0,2012),(90,15,0,2013),(91,16,0,2008),(92,16,0,2009),(93,16,0,2010),(94,16,0,2011),(95,16,0,2012),(96,16,0,2013),(97,17,0,2008),(98,17,0,2009),(99,17,0,2010),(100,17,0,2011),(101,17,0,2012),(102,17,0,2013),(103,18,0,2008),(104,18,0,2009),(105,18,0,2010),(106,18,0,2011),(107,18,0,2012),(108,18,0,2013),(109,19,0,2008),(110,19,0,2009),(111,19,0,2010),(112,19,0,2011),(113,19,0,2012),(114,19,0,2013),(115,20,3,2008),(116,20,1,2009),(117,20,2,2010),(118,20,0,2011),(119,20,11,2012),(120,20,9,2013),(121,21,0,2008),(122,21,6,2009),(123,21,7,2010),(124,21,0,2011),(125,21,15,2012),(126,21,5,2013),(127,22,0,2008),(128,22,0,2009),(129,22,0,2010),(130,22,0,2011),(131,22,0,2012),(132,22,0,2013),(133,23,163,2008),(134,23,163,2009),(135,23,157,2010),(136,23,89,2011),(137,23,6,2012),(138,23,0,2013),(139,24,0,2008),(140,24,0,2009),(141,24,0,2010),(142,24,323,2011),(143,24,300,2012),(144,24,258,2013),(145,25,0,2008),(146,25,0,2009),(147,25,0,2010),(148,25,323,2011),(149,25,300,2012),(150,25,258,2013),(151,26,0,2008),(152,26,0,2009),(153,26,0,2010),(154,26,323,2011),(155,26,300,2012),(156,26,258,2013),(157,27,0,2008),(158,27,0,2009),(159,27,0,2010),(160,27,323,2011),(161,27,300,2012),(162,27,258,2013),(163,28,15,2008),(164,28,0,2009),(165,28,9,2010),(166,28,0,2011),(167,28,0,2012),(168,28,0,2013),(169,29,0,2008),(170,29,0,2009),(171,29,0,2010),(172,29,0,2011),(173,29,0,2012),(174,29,0,2013),(175,30,0,2008),(176,30,0,2009),(177,30,0,2010),(178,30,0,2011),(179,30,0,2012),(180,30,0,2013),(181,31,0,2008),(182,31,0,2009),(183,31,0,2010),(184,31,0,2011),(185,31,0,2012),(186,31,0,2013),(187,32,0,2008),(188,32,0,2009),(189,32,0,2010),(190,32,0,2011),(191,32,0,2012),(192,32,0,2013),(193,33,0,2008),(194,33,0,2009),(195,33,0,2010),(196,33,0,2011),(197,33,6,2012),(198,33,18,2013),(199,34,0,2008),(200,34,0,2009),(201,34,0,2010),(202,34,0,2011),(203,34,0,2012),(204,34,0,2013),(205,35,0,2008),(206,35,0,2009),(207,35,0,2010),(208,35,0,2011),(209,35,0,2012),(210,35,0,2013),(211,36,0,2008),(212,36,0,2009),(213,36,0,2010),(214,36,0,2011),(215,36,0,2012),(216,36,0,2013),(217,37,0,2008),(218,37,0,2009),(219,37,0,2010),(220,37,0,2011),(221,37,0,2012),(222,37,0,2013),(223,38,0,2008),(224,38,0,2009),(225,38,0,2010),(226,38,0,2011),(227,38,0,2012),(228,38,0,2013),(229,39,0,2008),(230,39,0,2009),(231,39,0,2010),(232,39,0,2011),(233,39,0,2012),(234,39,0,2013),(235,40,0,2008),(236,40,0,2009),(237,40,0,2010),(238,40,0,2011),(239,40,0,2012),(240,40,0,2013),(241,41,0,2008),(242,41,0,2009),(243,41,0,2010),(244,41,27,2011),(245,41,0,2012),(246,41,0,2013),(247,42,0,2008),(248,42,0,2009),(249,42,0,2010),(250,42,0,2011),(251,42,0,2012),(252,42,0,2013),(253,43,0,2008),(254,43,0,2009),(255,43,0,2010),(256,43,0,2011),(257,43,0,2012),(258,43,0,2013),(259,44,0,2008),(260,44,0,2009),(261,44,0,2010),(262,44,0,2011),(263,44,0,2012),(264,44,0,2013),(265,45,0,2008),(266,45,0,2009),(267,45,0,2010),(268,45,0,2011),(269,45,0,2012),(270,45,0,2013),(271,46,0,2008),(272,46,0,2009),(273,46,0,2010),(274,46,0,2011),(275,46,0,2012),(276,46,0,2013),(277,47,0,2008),(278,47,0,2009),(279,47,0,2010),(280,47,0,2011),(281,47,0,2012),(282,47,0,2013),(283,48,0,2008),(284,48,0,2009),(285,48,0,2010),(286,48,0,2011),(287,48,0,2012),(288,48,0,2013),(289,49,0,2008),(290,49,0,2009),(291,49,0,2010),(292,49,64,2011),(293,49,79,2012),(294,49,83,2013),(295,50,0,2008),(296,50,0,2009),(297,50,0,2010),(298,50,0,2011),(299,50,0,2012),(300,50,0,2013),(301,51,80,2008),(302,51,86,2009),(303,51,93,2010),(304,51,0,2011),(305,51,0,2012),(306,51,0,2013),(307,52,0,2008),(308,52,0,2009),(309,52,0,2010),(310,52,0,2011),(311,52,0,2012),(312,52,0,2013),(313,53,0,2008),(314,53,0,2009),(315,53,0,2010),(316,53,31,2011),(317,53,0,2012),(318,53,0,2013),(319,54,0,2008),(320,54,0,2009),(321,54,0,2010),(322,54,0,2011),(323,54,4,2012),(324,54,12,2013),(325,55,0,2008),(326,55,0,2009),(327,55,0,2010),(328,55,0,2011),(329,55,0,2012),(330,55,0,2013),(331,56,0,2008),(332,56,0,2009),(333,56,0,2010),(334,56,0,2011),(335,56,0,2012),(336,56,0,2013),(337,57,0,2008),(338,57,0,2009),(339,57,0,2010),(340,57,0,2011),(341,57,0,2012),(342,57,0,2013),(343,58,0,2008),(344,58,0,2009),(345,58,0,2010),(346,58,0,2011),(347,58,0,2012),(348,58,0,2013),(349,59,0,2008),(350,59,0,2009),(351,59,0,2010),(352,59,0,2011),(353,59,0,2012),(354,59,0,2013),(355,60,0,2008),(356,60,0,2009),(357,60,0,2010),(358,60,0,2011),(359,60,0,2012),(360,60,0,2013),(361,61,1,2008),(362,61,0,2009),(363,61,0,2010),(364,61,0,2011),(365,61,0,2012),(366,61,0,2013),(367,62,0,2008),(368,62,0,2009),(369,62,0,2010),(370,62,0,2011),(371,62,0,2012),(372,62,0,2013),(373,63,0,2008),(374,63,0,2009),(375,63,0,2010),(376,63,0,2011),(377,63,0,2012),(378,63,0,2013),(379,64,0,2008),(380,64,0,2009),(381,64,0,2010),(382,64,0,2011),(383,64,0,2012),(384,64,0,2013),(385,65,0,2008),(386,65,0,2009),(387,65,0,2010),(388,65,0,2011),(389,65,0,2012),(390,65,0,2013),(391,66,59,2008),(392,66,73,2009),(393,66,68,2010),(394,66,0,2011),(395,66,0,2012),(396,66,0,2013),(397,67,0,2008),(398,67,0,2009),(399,67,0,2010),(400,67,0,2011),(401,67,0,2012),(402,67,0,2013),(403,68,0,2008),(404,68,0,2009),(405,68,0,2010),(406,68,0,2011),(407,68,0,2012),(408,68,0,2013),(409,69,0,2008),(410,69,0,2009),(411,69,0,2010),(412,69,0,2011),(413,69,0,2012),(414,69,0,2013),(415,70,0,2008),(416,70,0,2009),(417,70,0,2010),(418,70,0,2011),(419,70,0,2012),(420,70,0,2013),(421,71,0,2008),(422,71,0,2009),(423,71,0,2010),(424,71,0,2011),(425,71,0,2012),(426,71,0,2013),(427,72,0,2008),(428,72,0,2009),(429,72,0,2010),(430,72,0,2011),(431,72,0,2012),(432,72,0,2013),(433,73,0,2008),(434,73,0,2009),(435,73,0,2010),(436,73,0,2011),(437,73,0,2012),(438,73,0,2013),(439,74,0,2008),(440,74,0,2009),(441,74,0,2010),(442,74,0,2011),(443,74,0,2012),(444,74,0,2013),(445,75,0,2008),(446,75,0,2009),(447,75,0,2010),(448,75,0,2011),(449,75,0,2012),(450,75,0,2013),(451,76,73,2008),(452,76,64,2009),(453,76,84,2010),(454,76,0,2011),(455,76,0,2012),(456,76,0,2013),(457,77,0,2008),(458,77,0,2009),(459,77,0,2010),(460,77,0,2011),(461,77,0,2012),(462,77,0,2013),(463,78,0,2008),(464,78,0,2009),(465,78,0,2010),(466,78,0,2011),(467,78,0,2012),(468,78,0,2013),(469,79,9,2008),(470,79,2,2009),(471,79,0,2010),(472,79,0,2011),(473,79,0,2012),(474,79,0,2013),(475,80,0,2008),(476,80,0,2009),(477,80,0,2010),(478,80,0,2011),(479,80,0,2012),(480,80,0,2013),(481,81,0,2008),(482,81,0,2009),(483,81,0,2010),(484,81,0,2011),(485,81,0,2012),(486,81,0,2013),(487,82,0,2008),(488,82,0,2009),(489,82,0,2010),(490,82,92,2011),(491,82,85,2012),(492,82,137,2013),(493,83,0,2008),(494,83,0,2009),(495,83,0,2010),(496,83,0,2011),(497,83,0,2012),(498,83,0,2013),(499,84,0,2008),(500,84,0,2009),(501,84,0,2010),(502,84,82,2011),(503,84,0,2012),(504,84,0,2013),(505,85,0,2008),(506,85,0,2009),(507,85,0,2010),(508,85,0,2011),(509,85,0,2012),(510,85,0,2013),(511,86,0,2008),(512,86,0,2009),(513,86,0,2010),(514,86,0,2011),(515,86,0,2012),(516,86,0,2013),(517,87,0,2008),(518,87,0,2009),(519,87,0,2010),(520,87,0,2011),(521,87,0,2012),(522,87,0,2013),(523,88,0,2008),(524,88,0,2009),(525,88,0,2010),(526,88,0,2011),(527,88,0,2012),(528,88,0,2013),(529,89,0,2008),(530,89,0,2009),(531,89,0,2010),(532,89,0,2011),(533,89,0,2012),(534,89,0,2013),(535,90,0,2008),(536,90,0,2009),(537,90,0,2010),(538,90,0,2011),(539,90,0,2012),(540,90,0,2013),(541,91,0,2008),(542,91,0,2009),(543,91,0,2010),(544,91,0,2011),(545,91,0,2012),(546,91,0,2013),(547,92,0,2008),(548,92,0,2009),(549,92,0,2010),(550,92,0,2011),(551,92,0,2012),(552,92,0,2013),(553,93,0,2008),(554,93,0,2009),(555,93,0,2010),(556,93,41,2011),(557,93,35,2012),(558,93,5,2013),(559,94,0,2008),(560,94,0,2009),(561,94,0,2010),(562,94,0,2011),(563,94,0,2012),(564,94,0,2013),(565,95,0,2008),(566,95,0,2009),(567,95,0,2010),(568,95,0,2011),(569,95,0,2012),(570,95,5,2013),(571,96,0,2008),(572,96,0,2009),(573,96,0,2010),(574,96,0,2011),(575,96,0,2012),(576,96,0,2013),(577,97,0,2008),(578,97,0,2009),(579,97,0,2010),(580,97,0,2011),(581,97,0,2012),(582,97,0,2013),(583,98,265,2008),(584,98,259,2009),(585,98,200,2010),(586,98,324,2011),(587,98,282,2012),(588,98,526,2013),(589,99,265,2008),(590,99,259,2009),(591,99,200,2010),(592,99,324,2011),(593,99,282,2012),(594,99,526,2013),(595,100,0,2008),(596,100,0,2009),(597,100,0,2010),(598,100,103,2011),(599,100,112,2012),(600,100,119,2013),(601,101,0,2008),(602,101,0,2009),(603,101,0,2010),(604,101,0,2011),(605,101,0,2012),(606,101,0,2013),(607,102,0,2008),(608,102,0,2009),(609,102,0,2010),(610,102,0,2011),(611,102,0,2012),(612,102,0,2013),(613,103,0,2008),(614,103,0,2009),(615,103,0,2010),(616,103,0,2011),(617,103,0,2012),(618,103,0,2013),(619,104,0,2008),(620,104,0,2009),(621,104,0,2010),(622,104,0,2011),(623,104,0,2012),(624,104,0,2013),(625,105,0,2008),(626,105,0,2009),(627,105,0,2010),(628,105,0,2011),(629,105,0,2012),(630,105,0,2013),(631,106,0,2008),(632,106,0,2009),(633,106,0,2010),(634,106,0,2011),(635,106,0,2012),(636,106,0,2013),(637,107,0,2008),(638,107,0,2009),(639,107,0,2010),(640,107,0,2011),(641,107,0,2012),(642,107,0,2013),(643,108,0,2008),(644,108,0,2009),(645,108,0,2010),(646,108,0,2011),(647,108,0,2012),(648,108,0,2013),(649,109,0,2008),(650,109,0,2009),(651,109,0,2010),(652,109,0,2011),(653,109,0,2012),(654,109,0,2013),(655,110,0,2008),(656,110,0,2009),(657,110,0,2010),(658,110,0,2011),(659,110,0,2012),(660,110,0,2013),(661,111,0,2008),(662,111,0,2009),(663,111,0,2010),(664,111,0,2011),(665,111,0,2012),(666,111,0,2013),(667,112,0,2008),(668,112,0,2009),(669,112,0,2010),(670,112,0,2011),(671,112,0,2012),(672,112,0,2013),(673,113,0,2008),(674,113,0,2009),(675,113,0,2010),(676,113,0,2011),(677,113,0,2012),(678,113,0,2013),(679,114,0,2008),(680,114,0,2009),(681,114,0,2010),(682,114,0,2011),(683,114,0,2012),(684,114,0,2013),(685,115,0,2008),(686,115,0,2009),(687,115,0,2010),(688,115,0,2011),(689,115,0,2012),(690,115,0,2013),(691,116,0,2008),(692,116,0,2009),(693,116,0,2010),(694,116,0,2011),(695,116,0,2012),(696,116,0,2013),(697,117,65,2008),(698,117,71,2009),(699,117,56,2010),(700,117,0,2011),(701,117,0,2012),(702,117,0,2013),(703,118,21,2008),(704,118,65,2009),(705,118,52,2010),(706,118,0,2011),(707,118,0,2012),(708,118,0,2013),(709,119,0,2008),(710,119,0,2009),(711,119,0,2010),(712,119,0,2011),(713,119,0,2012),(714,119,0,2013),(715,120,0,2008),(716,120,0,2009),(717,120,0,2010),(718,120,0,2011),(719,120,0,2012),(720,120,0,2013),(721,121,0,2008),(722,121,0,2009),(723,121,0,2010),(724,121,0,2011),(725,121,0,2012),(726,121,0,2013),(727,122,22,2008),(728,122,4,2009),(729,122,0,2010),(730,122,0,2011),(731,122,0,2012),(732,122,0,2013),(733,123,33,2008),(734,123,2,2009),(735,123,6,2010),(736,123,0,2011),(737,123,0,2012),(738,123,0,2013),(739,124,32,2008),(740,124,52,2009),(741,124,67,2010),(742,124,0,2011),(743,124,0,2012),(744,124,5,2013),(745,125,68,2008),(746,125,69,2009),(747,125,37,2010),(748,125,0,2011),(749,125,0,2012),(750,125,0,2013),(751,126,0,2008),(752,126,0,2009),(753,126,0,2010),(754,126,40,2011),(755,126,53,2012),(756,126,101,2013),(757,127,0,2008),(758,127,0,2009),(759,127,0,2010),(760,127,0,2011),(761,127,0,2012),(762,127,0,2013),(763,128,0,2008),(764,128,0,2009),(765,128,0,2010),(766,128,0,2011),(767,128,0,2012),(768,128,0,2013),(769,129,0,2008),(770,129,0,2009),(771,129,0,2010),(772,129,92,2011),(773,129,76,2012),(774,129,65,2013),(775,130,0,2008),(776,130,0,2009),(777,130,0,2010),(778,130,0,2011),(779,130,0,2012),(780,130,16,2013),(781,131,0,2008),(782,131,0,2009),(783,131,0,2010),(784,131,0,2011),(785,131,0,2012),(786,131,0,2013),(787,132,0,2008),(788,132,14,2009),(789,132,32,2010),(790,132,0,2011),(791,132,0,2012),(792,132,0,2013),(793,133,0,2008),(794,133,0,2009),(795,133,0,2010),(796,133,0,2011),(797,133,0,2012),(798,133,0,2013),(799,134,0,2008),(800,134,0,2009),(801,134,0,2010),(802,134,0,2011),(803,134,0,2012),(804,134,0,2013),(805,135,0,2008),(806,135,0,2009),(807,135,0,2010),(808,135,0,2011),(809,135,0,2012),(810,135,0,2013),(811,136,0,2008),(812,136,0,2009),(813,136,0,2010),(814,136,57,2011),(815,136,118,2012),(816,136,151,2013),(817,137,0,2008),(818,137,0,2009),(819,137,0,2010),(820,137,0,2011),(821,137,0,2012),(822,137,0,2013),(823,138,0,2008),(824,138,0,2009),(825,138,0,2010),(826,138,0,2011),(827,138,0,2012),(828,138,0,2013),(829,139,0,2008),(830,139,0,2009),(831,139,0,2010),(832,139,0,2011),(833,139,0,2012),(834,139,0,2013),(835,140,0,2008),(836,140,0,2009),(837,140,0,2010),(838,140,0,2011),(839,140,0,2012),(840,140,0,2013),(841,141,10,2008),(842,141,39,2009),(843,141,0,2010),(844,141,0,2011),(845,141,0,2012),(846,141,0,2013),(847,142,0,2008),(848,142,0,2009),(849,142,0,2010),(850,142,0,2011),(851,142,0,2012),(852,142,0,2013),(853,143,0,2008),(854,143,0,2009),(855,143,0,2010),(856,143,88,2011),(857,143,96,2012),(858,143,110,2013),(859,144,0,2008),(860,144,0,2009),(861,144,0,2010),(862,144,0,2011),(863,144,0,2012),(864,144,0,2013),(865,145,0,2008),(866,145,0,2009),(867,145,0,2010),(868,145,0,2011),(869,145,0,2012),(870,145,0,2013),(871,146,64,2008),(872,146,58,2009),(873,146,85,2010),(874,146,0,2011),(875,146,0,2012),(876,146,0,2013),(877,147,0,2008),(878,147,0,2009),(879,147,0,2010),(880,147,0,2011),(881,147,0,2012),(882,147,0,2013),(883,148,0,2008),(884,148,0,2009),(885,148,0,2010),(886,148,0,2011),(887,148,0,2012),(888,148,0,2013),(889,149,0,2008),(890,149,0,2009),(891,149,0,2010),(892,149,0,2011),(893,149,0,2012),(894,149,0,2013),(895,150,57,2008),(896,150,81,2009),(897,150,63,2010),(898,150,0,2011),(899,150,0,2012),(900,150,0,2013),(901,151,59,2008),(902,151,93,2009),(903,151,79,2010),(904,151,98,2011),(905,151,103,2012),(906,151,87,2013),(907,152,0,2008),(908,152,0,2009),(909,152,0,2010),(910,152,0,2011),(911,152,0,2012),(912,152,0,2013),(913,153,92,2008),(914,153,98,2009),(915,153,88,2010),(916,153,139,2011),(917,153,124,2012),(918,153,212,2013),(919,154,61,2008),(920,154,54,2009),(921,154,62,2010),(922,154,0,2011),(923,154,0,2012),(924,154,0,2013),(925,155,0,2008),(926,155,0,2009),(927,155,0,2010),(928,155,59,2011),(929,155,61,2012),(930,155,106,2013),(931,156,0,2008),(932,156,0,2009),(933,156,0,2010),(934,156,0,2011),(935,156,2,2012),(936,156,0,2013),(937,157,0,2008),(938,157,0,2009),(939,157,0,2010),(940,157,91,2011),(941,157,60,2012),(942,157,0,2013),(943,158,35,2008),(944,158,11,2009),(945,158,0,2010),(946,158,0,2011),(947,158,0,2012),(948,158,0,2013),(949,159,0,2008),(950,159,0,2009),(951,159,0,2010),(952,159,0,2011),(953,159,0,2012),(954,159,0,2013),(955,160,52,2008),(956,160,77,2009),(957,160,48,2010),(958,160,0,2011),(959,160,0,2012),(960,160,0,2013),(961,161,75,2008),(962,161,62,2009),(963,161,62,2010),(964,161,390,2011),(965,161,385,2012),(966,161,314,2013),(967,162,0,2008),(968,162,0,2009),(969,162,0,2010),(970,162,0,2011),(971,162,0,2012),(972,162,0,2013),(973,163,0,2008),(974,163,0,2009),(975,163,0,2010),(976,163,0,2011),(977,163,0,2012),(978,163,0,2013),(979,164,0,2008),(980,164,0,2009),(981,164,0,2010),(982,164,0,2011),(983,164,0,2012),(984,164,0,2013),(985,165,7,2008),(986,165,74,2009),(987,165,43,2010),(988,165,0,2011),(989,165,0,2012),(990,165,0,2013),(991,166,0,2008),(992,166,0,2009),(993,166,0,2010),(994,166,36,2011),(995,166,46,2012),(996,166,37,2013),(997,167,0,2008),(998,167,0,2009),(999,167,0,2010),(1000,167,0,2011),(1001,167,0,2012),(1002,167,0,2013),(1003,168,0,2008),(1004,168,0,2009),(1005,168,0,2010),(1006,168,0,2011),(1007,168,0,2012),(1008,168,0,2013),(1009,169,0,2008),(1010,169,0,2009),(1011,169,0,2010),(1012,169,0,2011),(1013,169,0,2012),(1014,169,0,2013),(1015,170,0,2008),(1016,170,0,2009),(1017,170,0,2010),(1018,170,0,2011),(1019,170,0,2012),(1020,170,31,2013),(1021,171,0,2008),(1022,171,0,2009),(1023,171,0,2010),(1024,171,0,2011),(1025,171,0,2012),(1026,171,0,2013),(1027,172,0,2008),(1028,172,0,2009),(1029,172,0,2010),(1030,172,0,2011),(1031,172,0,2012),(1032,172,0,2013),(1033,173,0,2008),(1034,173,0,2009),(1035,173,0,2010),(1036,173,0,2011),(1037,173,0,2012),(1038,173,0,2013),(1039,174,0,2008),(1040,174,0,2009),(1041,174,0,2010),(1042,174,0,2011),(1043,174,0,2012),(1044,174,0,2013),(1045,175,48,2008),(1046,175,53,2009),(1047,175,52,2010),(1048,175,0,2011),(1049,175,0,2012),(1050,175,0,2013),(1051,176,0,2008),(1052,176,0,2009),(1053,176,0,2010),(1054,176,0,2011),(1055,176,0,2012),(1056,176,0,2013),(1057,177,0,2008),(1058,177,0,2009),(1059,177,0,2010),(1060,177,0,2011),(1061,177,0,2012),(1062,177,0,2013),(1063,178,0,2008),(1064,178,0,2009),(1065,178,0,2010),(1066,178,0,2011),(1067,178,0,2012),(1068,178,0,2013),(1069,179,39,2008),(1070,179,51,2009),(1071,179,61,2010),(1072,179,94,2011),(1073,179,84,2012),(1074,179,101,2013),(1075,180,97,2008),(1076,180,96,2009),(1077,180,115,2010),(1078,180,179,2011),(1079,180,207,2012),(1080,180,173,2013),(1081,181,0,2008),(1082,181,0,2009),(1083,181,0,2010),(1084,181,0,2011),(1085,181,0,2012),(1086,181,0,2013),(1087,182,0,2008),(1088,182,0,2009),(1089,182,0,2010),(1090,182,0,2011),(1091,182,0,2012),(1092,182,0,2013),(1093,183,0,2008),(1094,183,0,2009),(1095,183,0,2010),(1096,183,0,2011),(1097,183,0,2012),(1098,183,0,2013),(1099,184,12,2008),(1100,184,20,2009),(1101,184,10,2010),(1102,184,9,2011),(1103,184,0,2012),(1104,184,0,2013),(1105,185,22,2008),(1106,185,24,2009),(1107,185,27,2010),(1108,185,0,2011),(1109,185,0,2012),(1110,185,0,2013),(1111,186,19,2008),(1112,186,23,2009),(1113,186,41,2010),(1114,186,0,2011),(1115,186,0,2012),(1116,186,0,2013),(1117,187,0,2008),(1118,187,0,2009),(1119,187,0,2010),(1120,187,0,2011),(1121,187,0,2012),(1122,187,0,2013),(1123,188,0,2008),(1124,188,0,2009),(1125,188,0,2010),(1126,188,0,2011),(1127,188,0,2012),(1128,188,0,2013),(1129,189,0,2008),(1130,189,0,2009),(1131,189,0,2010),(1132,189,0,2011),(1133,189,0,2012),(1134,189,0,2013),(1135,190,0,2008),(1136,190,0,2009),(1137,190,0,2010),(1138,190,0,2011),(1139,190,0,2012),(1140,190,0,2013),(1141,191,0,2008),(1142,191,0,2009),(1143,191,0,2010),(1144,191,0,2011),(1145,191,0,2012),(1146,191,0,2013),(1147,192,0,2008),(1148,192,0,2009),(1149,192,0,2010),(1150,192,0,2011),(1151,192,0,2012),(1152,192,0,2013),(1153,193,16,2008),(1154,193,28,2009),(1155,193,10,2010),(1156,193,0,2011),(1157,193,0,2012),(1158,193,0,2013),(1159,194,16,2008),(1160,194,28,2009),(1161,194,10,2010),(1162,194,0,2011),(1163,194,0,2012),(1164,194,0,2013),(1165,195,0,2008),(1166,195,0,2009),(1167,195,0,2010),(1168,195,0,2011),(1169,195,0,2012),(1170,195,0,2013),(1171,196,0,2008),(1172,196,0,2009),(1173,196,0,2010),(1174,196,0,2011),(1175,196,58,2012),(1176,196,67,2013),(1177,197,53,2008),(1178,197,35,2009),(1179,197,45,2010),(1180,197,0,2011),(1181,197,0,2012),(1182,197,0,2013),(1183,198,0,2008),(1184,198,0,2009),(1185,198,0,2010),(1186,198,0,2011),(1187,198,0,2012),(1188,198,0,2013),(1189,199,50,2008),(1190,199,64,2009),(1191,199,79,2010),(1192,199,0,2011),(1193,199,0,2012),(1194,199,0,2013),(1195,200,0,2008),(1196,200,0,2009),(1197,200,0,2010),(1198,200,0,2011),(1199,200,0,2012),(1200,200,0,2013),(1201,201,0,2008),(1202,201,0,2009),(1203,201,0,2010),(1204,201,0,2011),(1205,201,0,2012),(1206,201,0,2013),(1207,202,0,2008),(1208,202,0,2009),(1209,202,154,2010),(1210,202,0,2011),(1211,202,0,2012),(1212,202,0,2013),(1213,34,0,2008),(1214,34,0,2009),(1215,34,0,2010),(1216,34,0,2011),(1217,34,0,2012),(1218,34,0,2013),(1219,204,0,2008),(1220,204,0,2009),(1221,204,0,2010),(1222,204,0,2011),(1223,204,0,2012),(1224,204,0,2013),(1225,205,0,2008),(1226,205,0,2009),(1227,205,0,2010),(1228,205,0,2011),(1229,205,0,2012),(1230,205,0,2013),(1231,206,0,2008),(1232,206,0,2009),(1233,206,0,2010),(1234,206,0,2011),(1235,206,0,2012),(1236,206,0,2013),(1237,207,0,2008),(1238,207,0,2009),(1239,207,0,2010),(1240,207,0,2011),(1241,207,0,2012),(1242,207,0,2013),(1243,208,0,2008),(1244,208,0,2009),(1245,208,0,2010),(1246,208,0,2011),(1247,208,0,2012),(1248,208,0,2013),(1249,209,0,2008),(1250,209,0,2009),(1251,209,0,2010),(1252,209,0,2011),(1253,209,0,2012),(1254,209,0,2013),(1255,210,0,2008),(1256,210,0,2009),(1257,210,0,2010),(1258,210,0,2011),(1259,210,0,2012),(1260,210,0,2013),(1261,211,0,2008),(1262,211,0,2009),(1263,211,0,2010),(1264,211,0,2011),(1265,211,0,2012),(1266,211,0,2013),(1267,212,0,2008),(1268,212,0,2009),(1269,212,0,2010),(1270,212,14,2011),(1271,212,14,2012),(1272,212,2,2013),(1273,213,0,2008),(1274,213,0,2009),(1275,213,0,2010),(1276,213,0,2011),(1277,213,0,2012),(1278,213,0,2013),(1279,214,0,2008),(1280,214,0,2009),(1281,214,0,2010),(1282,214,0,2011),(1283,214,0,2012),(1284,214,0,2013),(1285,215,62,2008),(1286,215,73,2009),(1287,215,56,2010),(1288,215,0,2011),(1289,215,0,2012),(1290,215,0,2013),(1291,216,0,2008),(1292,216,0,2009),(1293,216,0,2010),(1294,216,0,2011),(1295,216,0,2012),(1296,216,0,2013),(1297,217,0,2008),(1298,217,0,2009),(1299,217,0,2010),(1300,217,0,2011),(1301,217,0,2012),(1302,217,0,2013),(1303,218,0,2008),(1304,218,0,2009),(1305,218,0,2010),(1306,218,0,2011),(1307,218,0,2012),(1308,218,0,2013),(1309,219,24,2008),(1310,219,28,2009),(1311,219,14,2010),(1312,219,0,2011),(1313,219,0,2012),(1314,219,0,2013),(1315,220,0,2008),(1316,220,0,2009),(1317,220,0,2010),(1318,220,0,2011),(1319,220,0,2012),(1320,220,0,2013),(1321,221,0,2008),(1322,221,0,2009),(1323,221,0,2010),(1324,221,0,2011),(1325,221,0,2012),(1326,221,0,2013),(1327,222,0,2008),(1328,222,0,2009),(1329,222,0,2010),(1330,222,0,2011),(1331,222,0,2012),(1332,222,17,2013),(1333,223,0,2008),(1334,223,0,2009),(1335,223,0,2010),(1336,223,0,2011),(1337,223,0,2012),(1338,223,0,2013),(1339,224,0,2008),(1340,224,0,2009),(1341,224,0,2010),(1342,224,0,2011),(1343,224,0,2012),(1344,224,0,2013),(1345,225,0,2008),(1346,225,0,2009),(1347,225,0,2010),(1348,225,0,2011),(1349,225,0,2012),(1350,225,0,2013),(1351,226,0,2008),(1352,226,0,2009),(1353,226,0,2010),(1354,226,0,2011),(1355,226,0,2012),(1356,226,0,2013),(1357,227,0,2008),(1358,227,0,2009),(1359,227,0,2010),(1360,227,0,2011),(1361,227,0,2012),(1362,227,0,2013),(1363,228,0,2008),(1364,228,0,2009),(1365,228,0,2010),(1366,228,0,2011),(1367,228,0,2012),(1368,228,0,2013),(1369,229,0,2008),(1370,229,0,2009),(1371,229,0,2010),(1372,229,0,2011),(1373,229,0,2012),(1374,229,19,2013),(1375,230,0,2008),(1376,230,0,2009),(1377,230,0,2010),(1378,230,0,2011),(1379,230,0,2012),(1380,230,0,2013),(1381,231,0,2008),(1382,231,0,2009),(1383,231,0,2010),(1384,231,0,2011),(1385,231,0,2012),(1386,231,0,2013),(1387,232,0,2008),(1388,232,0,2009),(1389,232,0,2010),(1390,232,0,2011),(1391,232,0,2012),(1392,232,0,2013),(1393,233,0,2008),(1394,233,0,2009),(1395,233,0,2010),(1396,233,0,2011),(1397,233,0,2012),(1398,233,0,2013),(1399,234,0,2008),(1400,234,0,2009),(1401,234,0,2010),(1402,234,0,2011),(1403,234,0,2012),(1404,234,0,2013),(1405,235,0,2008),(1406,235,0,2009),(1407,235,0,2010),(1408,235,0,2011),(1409,235,0,2012),(1410,235,0,2013),(1411,236,0,2008),(1412,236,0,2009),(1413,236,0,2010),(1414,236,0,2011),(1415,236,0,2012),(1416,236,0,2013),(1417,237,0,2008),(1418,237,0,2009),(1419,237,0,2010),(1420,237,0,2011),(1421,237,0,2012),(1422,237,0,2013),(1423,238,0,2008),(1424,238,0,2009),(1425,238,0,2010),(1426,238,0,2011),(1427,238,0,2012),(1428,238,0,2013),(1429,239,0,2008),(1430,239,0,2009),(1431,239,0,2010),(1432,239,0,2011),(1433,239,0,2012),(1434,239,0,2013),(1435,240,0,2008),(1436,240,0,2009),(1437,240,0,2010),(1438,240,0,2011),(1439,240,0,2012),(1440,240,0,2013),(1441,241,0,2008),(1442,241,0,2009),(1443,241,0,2010),(1444,241,0,2011),(1445,241,0,2012),(1446,241,0,2013),(1447,242,0,2008),(1448,242,0,2009),(1449,242,0,2010),(1450,242,0,2011),(1451,242,0,2012),(1452,242,0,2013),(1453,243,0,2008),(1454,243,0,2009),(1455,243,0,2010),(1456,243,0,2011),(1457,243,0,2012),(1458,243,0,2013),(1459,244,0,2008),(1460,244,0,2009),(1461,244,0,2010),(1462,244,0,2011),(1463,244,0,2012),(1464,244,0,2013),(1465,245,62,2008),(1466,245,33,2009),(1467,245,0,2010),(1468,245,0,2011),(1469,245,0,2012),(1470,245,0,2013),(1471,246,0,2008),(1472,246,0,2009),(1473,246,0,2010),(1474,246,0,2011),(1475,246,0,2012),(1476,246,0,2013),(1477,247,0,2008),(1478,247,0,2009),(1479,247,0,2010),(1480,247,0,2011),(1481,247,0,2012),(1482,247,0,2013),(1483,248,129,2008),(1484,248,121,2009),(1485,248,0,2010),(1486,248,0,2011),(1487,248,0,2012),(1488,248,0,2013),(1489,249,0,2008),(1490,249,0,2009),(1491,249,0,2010),(1492,249,0,2011),(1493,249,0,2012),(1494,249,0,2013),(1495,250,0,2008),(1496,250,0,2009),(1497,250,0,2010),(1498,250,0,2011),(1499,250,0,2012),(1500,250,0,2013),(1501,251,0,2008),(1502,251,0,2009),(1503,251,0,2010),(1504,251,0,2011),(1505,251,0,2012),(1506,251,0,2013),(1507,252,0,2008),(1508,252,0,2009),(1509,252,0,2010),(1510,252,0,2011),(1511,252,0,2012),(1512,252,0,2013),(1513,253,0,2008),(1514,253,0,2009),(1515,253,0,2010),(1516,253,0,2011),(1517,253,0,2012),(1518,253,0,2013),(1519,254,0,2008),(1520,254,0,2009),(1521,254,0,2010),(1522,254,0,2011),(1523,254,0,2012),(1524,254,0,2013),(1525,255,0,2008),(1526,255,0,2009),(1527,255,0,2010),(1528,255,0,2011),(1529,255,0,2012),(1530,255,0,2013),(1531,256,0,2008),(1532,256,0,2009),(1533,256,0,2010),(1534,256,0,2011),(1535,256,0,2012),(1536,256,0,2013),(1537,257,40,2008),(1538,257,54,2009),(1539,257,0,2010),(1540,257,0,2011),(1541,257,0,2012),(1542,257,0,2013),(1543,258,0,2008),(1544,258,0,2009),(1545,258,0,2010),(1546,258,0,2011),(1547,258,0,2012),(1548,258,0,2013),(1549,259,0,2008),(1550,259,0,2009),(1551,259,0,2010),(1552,259,0,2011),(1553,259,0,2012),(1554,259,0,2013),(1555,260,72,2008),(1556,260,87,2009),(1557,260,0,2010),(1558,260,0,2011),(1559,260,0,2012),(1560,260,0,2013),(1561,261,0,2008),(1562,261,0,2009),(1563,261,0,2010),(1564,261,0,2011),(1565,261,0,2012),(1566,261,0,2013),(1567,262,0,2008),(1568,262,0,2009),(1569,262,0,2010),(1570,262,0,2011),(1571,262,0,2012),(1572,262,0,2013),(1573,263,0,2008),(1574,263,0,2009),(1575,263,0,2010),(1576,263,0,2011),(1577,263,0,2012),(1578,263,0,2013),(1579,264,0,2008),(1580,264,0,2009),(1581,264,0,2010),(1582,264,0,2011),(1583,264,0,2012),(1584,264,0,2013),(1585,265,0,2008),(1586,265,0,2009),(1587,265,0,2010),(1588,265,0,2011),(1589,265,0,2012),(1590,265,0,2013),(1591,266,0,2008),(1592,266,0,2009),(1593,266,0,2010),(1594,266,0,2011),(1595,266,0,2012),(1596,266,0,2013),(1597,267,0,2008),(1598,267,0,2009),(1599,267,0,2010),(1600,267,0,2011),(1601,267,0,2012),(1602,267,0,2013),(1603,268,0,2008),(1604,268,0,2009),(1605,268,0,2010),(1606,268,0,2011),(1607,268,0,2012),(1608,268,0,2013),(1609,269,0,2008),(1610,269,0,2009),(1611,269,0,2010),(1612,269,0,2011),(1613,269,0,2012),(1614,269,0,2013),(1615,270,0,2008),(1616,270,0,2009),(1617,270,0,2010),(1618,270,0,2011),(1619,270,0,2012),(1620,270,0,2013),(1621,271,0,2008),(1622,271,0,2009),(1623,271,0,2010),(1624,271,0,2011),(1625,271,0,2012),(1626,271,0,2013),(1627,272,118,2008),(1628,272,124,2009),(1629,272,0,2010),(1630,272,0,2011),(1631,272,0,2012),(1632,272,0,2013);

/*Table structure for table `mkkur_prodi` */

DROP TABLE IF EXISTS `mkkur_prodi`;

CREATE TABLE `mkkur_prodi` (
  `mkkprod_id` int(11) NOT NULL AUTO_INCREMENT,
  `mkkprod_mkkur_id` int(11) DEFAULT NULL,
  `mkkprod_prodi_id` int(11) DEFAULT NULL,
  `mkkprod_related_id` int(11) DEFAULT NULL COMMENT 'if kelas gabung, isi dgn mkkprod_id yg udah ada before',
  `mkkprod_porsi_kelas` int(11) DEFAULT '1' COMMENT 'porsi kelas dari jumlah total peserta makul',
  PRIMARY KEY (`mkkprod_id`),
  UNIQUE KEY `mkprodi_key` (`mkkprod_mkkur_id`,`mkkprod_prodi_id`),
  KEY `FK_mkkur_prodi_FK2` (`mkkprod_prodi_id`),
  CONSTRAINT `FK_mkkur_prodi` FOREIGN KEY (`mkkprod_mkkur_id`) REFERENCES `mata_kuliah_kurikulum` (`mkkur_id`) ON DELETE CASCADE ON UPDATE CASCADE,
  CONSTRAINT `FK_mkkur_prodi_FK2` FOREIGN KEY (`mkkprod_prodi_id`) REFERENCES `program_studi` (`prodi_id`) ON DELETE CASCADE ON UPDATE CASCADE
) ENGINE=InnoDB AUTO_INCREMENT=263 DEFAULT CHARSET=latin1;

/*Data for the table `mkkur_prodi` */

insert  into `mkkur_prodi`(`mkkprod_id`,`mkkprod_mkkur_id`,`mkkprod_prodi_id`,`mkkprod_related_id`,`mkkprod_porsi_kelas`) values (1,6,1,NULL,1),(2,54,1,NULL,1),(3,86,1,NULL,1),(4,122,1,NULL,1),(5,155,1,NULL,1),(6,84,1,NULL,1),(7,203,1,NULL,1),(8,219,1,NULL,1),(9,34,1,NULL,1),(10,82,1,NULL,1),(11,33,1,NULL,1),(12,265,1,NULL,1),(13,231,1,NULL,1),(14,79,1,NULL,1),(15,95,1,NULL,1),(16,230,1,NULL,1),(17,229,1,NULL,1),(18,245,1,NULL,1),(19,28,1,NULL,1),(20,130,1,NULL,1),(21,164,1,NULL,1),(22,196,1,NULL,1),(23,260,1,NULL,1),(24,12,1,NULL,1),(25,27,1,NULL,1),(26,146,1,NULL,1),(27,243,1,NULL,1),(28,259,1,NULL,1),(29,162,1,NULL,1),(30,194,1,NULL,1),(31,258,1,NULL,1),(32,126,1,NULL,1),(33,257,1,NULL,1),(34,256,1,NULL,1),(35,56,1,NULL,1),(36,124,1,NULL,1),(37,158,1,NULL,1),(38,255,1,NULL,1),(39,7,1,NULL,1),(40,39,2,NULL,1),(41,141,2,NULL,1),(42,157,2,NULL,1),(43,190,2,NULL,1),(44,38,2,NULL,1),(45,156,2,NULL,1),(46,37,2,NULL,1),(47,53,2,NULL,1),(48,252,2,NULL,1),(49,36,2,NULL,1),(50,120,2,NULL,1),(51,251,2,NULL,1),(52,35,2,NULL,1),(53,51,2,NULL,1),(54,83,2,NULL,1),(55,202,2,NULL,1),(56,50,2,NULL,1),(57,100,2,NULL,1),(58,249,2,NULL,1),(59,80,2,NULL,1),(60,247,2,NULL,1),(61,15,2,NULL,1),(62,47,2,NULL,1),(63,165,2,NULL,1),(64,244,2,NULL,1),(65,44,2,NULL,1),(66,163,2,NULL,1),(67,43,2,NULL,1),(68,25,2,NULL,1),(69,42,2,NULL,1),(70,193,2,NULL,1),(71,41,2,NULL,1),(72,143,2,NULL,1),(73,40,2,NULL,1),(74,272,2,NULL,1),(75,23,2,NULL,1),(76,87,3,NULL,1),(77,254,3,NULL,1),(78,205,3,NULL,1),(79,69,3,NULL,1),(80,172,3,NULL,1),(81,204,3,NULL,1),(82,269,3,NULL,1),(83,171,3,NULL,1),(84,19,3,NULL,1),(85,186,3,NULL,1),(86,267,3,NULL,1),(87,169,3,NULL,1),(88,266,3,NULL,1),(89,184,3,NULL,1),(90,200,3,NULL,1),(91,167,3,NULL,1),(92,132,3,NULL,1),(93,182,3,NULL,1),(94,77,3,NULL,1),(95,93,3,NULL,1),(96,228,3,NULL,1),(97,76,3,NULL,1),(98,11,3,NULL,1),(99,242,3,NULL,1),(100,10,3,NULL,1),(101,90,3,NULL,1),(102,177,3,NULL,1),(103,9,3,NULL,1),(104,192,3,NULL,1),(105,88,3,NULL,1),(106,175,3,NULL,1),(107,55,4,NULL,1),(108,174,4,NULL,1),(109,206,4,NULL,1),(110,222,4,NULL,1),(111,173,4,NULL,1),(112,221,4,NULL,1),(113,153,4,NULL,1),(114,170,4,NULL,1),(115,18,4,NULL,1),(116,117,4,NULL,1),(117,152,4,NULL,1),(118,185,4,NULL,1),(119,151,4,NULL,1),(120,168,4,NULL,1),(121,16,4,NULL,1),(122,150,4,NULL,1),(123,183,4,NULL,1),(124,215,4,NULL,1),(125,31,4,NULL,1),(126,149,4,NULL,1),(127,198,4,NULL,1),(128,94,4,NULL,1),(129,181,4,NULL,1),(130,180,4,NULL,1),(131,129,4,NULL,1),(132,179,4,NULL,1),(133,195,4,NULL,1),(134,227,4,NULL,1),(135,26,4,NULL,1),(136,127,4,NULL,1),(137,178,4,NULL,1),(138,209,4,NULL,1),(139,225,4,NULL,1),(140,89,4,NULL,1),(141,176,4,NULL,1),(142,208,4,NULL,1),(143,224,4,NULL,1),(144,223,4,NULL,1),(145,105,5,NULL,1),(146,238,5,NULL,1),(147,271,5,NULL,1),(148,22,5,NULL,1),(149,104,5,NULL,1),(150,140,5,NULL,1),(151,237,5,NULL,1),(152,253,5,NULL,1),(153,85,5,NULL,1),(154,103,5,NULL,1),(155,236,5,NULL,1),(156,52,5,NULL,1),(157,102,5,NULL,1),(158,235,5,NULL,1),(159,101,5,NULL,1),(160,81,5,NULL,1),(161,97,5,NULL,1),(162,116,5,NULL,1),(163,135,5,NULL,1),(164,232,5,NULL,1),(165,248,5,NULL,1),(166,32,5,NULL,1),(167,96,5,NULL,1),(168,115,5,NULL,1),(169,134,5,NULL,1),(170,114,5,NULL,1),(171,166,5,NULL,1),(172,14,5,NULL,1),(173,29,5,NULL,1),(174,46,5,NULL,1),(175,113,5,NULL,1),(176,261,5,NULL,1),(177,13,5,NULL,1),(178,112,5,NULL,1),(179,111,5,NULL,1),(180,110,5,NULL,1),(181,74,5,NULL,1),(182,109,5,NULL,1),(183,73,5,NULL,1),(184,108,5,NULL,1),(185,159,5,NULL,1),(186,107,5,NULL,1),(187,191,5,NULL,1),(188,239,5,NULL,1),(189,70,6,NULL,1),(190,270,6,NULL,1),(191,121,6,NULL,1),(192,139,6,NULL,1),(193,188,6,NULL,1),(194,68,6,NULL,1),(195,138,6,NULL,1),(196,154,6,NULL,1),(197,187,6,NULL,1),(198,268,6,NULL,1),(199,67,6,NULL,1),(200,118,6,NULL,1),(201,250,6,NULL,1),(202,66,6,NULL,1),(203,136,6,NULL,1),(204,233,6,NULL,1),(205,49,6,NULL,1),(206,65,6,NULL,1),(207,216,6,NULL,1),(208,48,6,NULL,1),(209,64,6,NULL,1),(210,63,6,NULL,1),(211,246,6,NULL,1),(212,62,6,NULL,1),(213,131,6,NULL,1),(214,213,6,NULL,1),(215,61,6,NULL,1),(216,147,6,NULL,1),(217,212,6,NULL,1),(218,92,6,NULL,1),(219,59,6,NULL,1),(220,210,6,NULL,1),(221,58,6,NULL,1),(222,144,6,NULL,1),(223,160,6,NULL,1),(224,24,6,NULL,1),(225,57,6,NULL,1),(226,8,6,NULL,1),(227,71,7,NULL,1),(228,123,7,NULL,1),(229,189,7,NULL,1),(230,21,7,NULL,1),(231,220,7,NULL,1),(232,20,7,NULL,1),(233,137,7,NULL,1),(234,218,7,NULL,1),(235,234,7,NULL,1),(236,201,7,NULL,1),(237,217,7,NULL,1),(238,17,7,NULL,1),(239,199,7,NULL,1),(240,264,7,NULL,1),(241,214,7,NULL,1),(242,262,7,NULL,1),(243,78,7,NULL,1),(244,148,7,NULL,1),(245,197,7,NULL,1),(246,45,7,NULL,1),(247,60,7,NULL,1),(248,211,7,NULL,1),(249,75,7,NULL,1),(250,91,7,NULL,1),(251,145,7,NULL,1),(252,226,7,NULL,1),(253,241,7,NULL,1),(254,125,7,NULL,1),(255,240,7,NULL,1),(256,72,7,NULL,1),(257,142,7,NULL,1),(258,207,7,NULL,1),(260,12,3,NULL,2),(261,12,4,260,1),(262,12,5,261,1);

/*Table structure for table `program_studi` */

DROP TABLE IF EXISTS `program_studi`;

CREATE TABLE `program_studi` (
  `prodi_id` int(11) NOT NULL AUTO_INCREMENT,
  `prodi_kode` varchar(20) DEFAULT NULL,
  `prodi_nama` varchar(200) DEFAULT NULL,
  `prodi_prefix_mk` varchar(4) DEFAULT NULL COMMENT 'prefix makul',
  PRIMARY KEY (`prodi_id`)
) ENGINE=InnoDB AUTO_INCREMENT=8 DEFAULT CHARSET=latin1;

/*Data for the table `program_studi` */

insert  into `program_studi`(`prodi_id`,`prodi_kode`,`prodi_nama`,`prodi_prefix_mk`) values (1,'ILKOM','Ilmu Komputer','MIK'),(2,'ELINS','Elektronika dan Instrumentasi','MIE'),(3,'MAT','Matematika','MMM'),(4,'STAT','Statistika','MMS'),(5,'KIM','Kimia','MKK'),(6,'FIS','Fisika','MFF'),(7,'GEOFIS','Geofisika','MFG');

/*Table structure for table `ruang` */

DROP TABLE IF EXISTS `ruang`;

CREATE TABLE `ruang` (
  `ru_id` int(11) NOT NULL AUTO_INCREMENT,
  `ru_kode` varchar(6) DEFAULT NULL,
  `ru_nama` varchar(20) DEFAULT NULL,
  `ru_kapasitas` int(6) DEFAULT NULL,
  `ru_is_cadangan` tinyint(1) DEFAULT '0' COMMENT '1=is_cadangan',
  PRIMARY KEY (`ru_id`)
) ENGINE=InnoDB AUTO_INCREMENT=29 DEFAULT CHARSET=latin1;

/*Data for the table `ruang` */

insert  into `ruang`(`ru_id`,`ru_kode`,`ru_nama`,`ru_kapasitas`,`ru_is_cadangan`) values (1,'S2.01','S2.01',100,0),(2,'S2.02','S2.02',100,0),(3,'M2.13','M2.13',50,0),(4,'S2.03','S2.03',100,0),(5,'K1','K1',90,0),(6,'S2.505','S2.505',100,0),(7,'S2.506','S2.506',100,0),(8,'M2.10','M2.10',60,0),(9,'M2.14','M2.14',50,0),(10,'K6','K6',50,0),(11,'M2.09','M2.09',100,0),(12,'G3','G3',60,0),(13,'S2.05','S2.05',50,0),(14,'M2.12','M2.12',100,0),(15,'U2.02','U2.02',100,0),(16,'T2.01','T2.01',90,0),(17,'U2.01','U2.01',100,0),(18,'U2.06','U2.06',60,0),(19,'S2.04','S2.04',50,0),(20,'U2.03','U2.03',100,0),(21,'U2.04','U2.04',100,0),(22,'U2.05','U2.05',30,1),(23,'S2.06','S2.06',30,1),(24,'S2.07','S2.07',30,1),(25,'S2.08','S2.08',60,1),(26,'Lab.Da','Lab.Das.',90,1),(27,'S2.507','S2.507',100,1),(28,'Lab.AI','Lab.AI',30,1);

/*Table structure for table `ruang_prodi` */

DROP TABLE IF EXISTS `ruang_prodi`;

CREATE TABLE `ruang_prodi` (
  `ruprd_id` int(11) NOT NULL AUTO_INCREMENT,
  `ruprd_ru_id` int(11) DEFAULT NULL,
  `ruprd_prodi_id` int(11) DEFAULT NULL,
  PRIMARY KEY (`ruprd_id`),
  KEY `ru_prodi_key` (`ruprd_ru_id`,`ruprd_prodi_id`),
  KEY `FK_ruang_prodi_prodi_fk` (`ruprd_prodi_id`),
  CONSTRAINT `FK_ruang_prodi` FOREIGN KEY (`ruprd_ru_id`) REFERENCES `ruang` (`ru_id`) ON DELETE CASCADE ON UPDATE CASCADE,
  CONSTRAINT `FK_ruang_prodi_prodi_fk` FOREIGN KEY (`ruprd_prodi_id`) REFERENCES `program_studi` (`prodi_id`) ON DELETE CASCADE ON UPDATE CASCADE
) ENGINE=InnoDB AUTO_INCREMENT=32 DEFAULT CHARSET=latin1;

/*Data for the table `ruang_prodi` */

insert  into `ruang_prodi`(`ruprd_id`,`ruprd_ru_id`,`ruprd_prodi_id`) values (14,1,4),(15,2,4),(10,3,3),(16,3,4),(11,4,3),(12,5,3),(18,6,5),(19,7,5),(20,8,5),(21,9,5),(22,10,5),(28,11,7),(29,12,7),(24,13,6),(30,13,7),(25,14,6),(26,15,6),(1,16,1),(2,17,1),(3,18,1),(4,19,1),(6,19,2),(7,20,2),(8,21,2),(13,22,3),(27,23,6),(17,24,4),(5,25,1),(9,25,2),(23,26,5),(31,26,7);

/*Table structure for table `waktu` */

DROP TABLE IF EXISTS `waktu`;

CREATE TABLE `waktu` (
  `waktu_id` int(11) NOT NULL AUTO_INCREMENT,
  `waktu_hari` varchar(20) DEFAULT NULL,
  `waktu_jam_mulai` time DEFAULT NULL,
  `waktu_jam_selesai` time DEFAULT NULL,
  `waktu_is_kuliah` tinyint(1) DEFAULT NULL,
  PRIMARY KEY (`waktu_id`)
) ENGINE=InnoDB AUTO_INCREMENT=52 DEFAULT CHARSET=latin1;

/*Data for the table `waktu` */

insert  into `waktu`(`waktu_id`,`waktu_hari`,`waktu_jam_mulai`,`waktu_jam_selesai`,`waktu_is_kuliah`) values (1,'senin','07:30:00','08:20:00',1),(2,'senin','08:30:00','09:20:00',1),(3,'senin','09:30:00','10:20:00',1),(4,'senin','10:30:00','11:20:00',1),(5,'senin','11:30:00','12:20:00',1),(6,'senin','12:30:00','13:20:00',1),(7,'senin','13:30:00','14:20:00',1),(8,'senin','14:30:00','15:20:00',1),(9,'senin','15:30:00','16:20:00',1),(10,'senin','16:30:00','17:20:00',1),(12,'selasa','07:30:00','08:20:00',1),(13,'selasa','08:30:00','09:20:00',1),(14,'selasa','09:30:00','10:20:00',1),(15,'selasa','10:30:00','11:20:00',1),(16,'selasa','11:30:00','12:20:00',1),(17,'selasa','12:30:00','13:20:00',1),(18,'selasa','13:30:00','14:20:00',1),(19,'selasa','14:30:00','15:20:00',1),(20,'selasa','15:30:00','16:20:00',1),(21,'selasa','16:30:00','17:20:00',1),(22,'rabu','07:30:00','08:20:00',1),(23,'rabu','08:30:00','09:20:00',1),(24,'rabu','09:30:00','10:20:00',1),(25,'rabu','10:30:00','11:20:00',1),(26,'rabu','11:30:00','12:20:00',1),(27,'rabu','12:30:00','13:20:00',1),(28,'rabu','13:30:00','14:20:00',1),(29,'rabu','14:30:00','15:20:00',1),(30,'rabu','15:30:00','16:20:00',1),(31,'rabu','16:30:00','17:20:00',1),(32,'kamis','07:30:00','08:20:00',1),(33,'kamis','08:30:00','09:20:00',1),(34,'kamis','09:30:00','10:20:00',1),(35,'kamis','10:30:00','11:20:00',1),(36,'kamis','11:30:00','12:20:00',1),(37,'kamis','12:30:00','13:20:00',1),(38,'kamis','13:30:00','14:20:00',1),(39,'kamis','14:30:00','15:20:00',1),(40,'kamis','15:30:00','16:20:00',1),(41,'kamis','16:30:00','17:20:00',1),(42,'jumat','07:30:00','08:20:00',1),(43,'jumat','08:30:00','09:20:00',1),(44,'jumat','09:30:00','10:20:00',1),(45,'jumat','10:30:00','11:20:00',1),(48,'jumat','13:30:00','14:20:00',1),(49,'jumat','14:30:00','15:20:00',1),(50,'jumat','15:30:00','16:20:00',1),(51,'jumat','16:30:00','17:20:00',1);

/* Procedure structure for procedure `get_prodi_by_makulid` */

/*!50003 DROP PROCEDURE IF EXISTS  `get_prodi_by_makulid` */;

DELIMITER $$

/*!50003 CREATE DEFINER=`root`@`localhost` PROCEDURE `get_prodi_by_makulid`(input_id INT UNSIGNED)
BEGIN
	DECLARE x INT;
	DECLARE str VARCHAR(255);
	SET x = -5;
	SET str = '';

	loop_label: LOOP
	IF x > 0 THEN
	LEAVE loop_label;
	END IF;
	SET str = CONCAT(str,x,',');
	SET x = x + 1;
	ITERATE loop_label;
	END LOOP;

	SELECT str;
    END */$$
DELIMITER ;

/*!40101 SET SQL_MODE=@OLD_SQL_MODE */;
/*!40014 SET FOREIGN_KEY_CHECKS=@OLD_FOREIGN_KEY_CHECKS */;
/*!40014 SET UNIQUE_CHECKS=@OLD_UNIQUE_CHECKS */;
/*!40111 SET SQL_NOTES=@OLD_SQL_NOTES */;
